track_id,rows,genres
001APMDOl3qtx1526T11n1,2,2
001YQlnDSduXd5LgBd66gT,2,2
003vvx7Niy0yvhvHt4a68B,3,3
004h8smbIoAkUNDJvVKwkG,2,2
006rHBBNLJMpQs8fRC2GDe,3,3
006tmNZLXEXPqdb23wwSN1,4,4
00970cTs7LnxWt0d5Qk08m,2,2
00B7SBwrjbycLMOgAmeIU8,3,3
00EsQxsJv6vy7hEQN3jZWG,2,2
00GVRTIWMjYwwHEjTLclgf,2,2
00IiTu5o9IVasXMX3udpZo,2,2
00JZ83w0Qm09f4PwWj06sM,2,1
00KfIFi2TpAaQGPbRbFbKJ,3,3
00LmM2QLGpfb5NC7PC7qqZ,2,2
00PBSElFPJbnIcFS7orAm2,4,4
00Rptyyrh7YXjPwjd7SAsV,2,2
00UZySJXRYQgnOrlzluIIm,2,2
00YwP3wJWiG8IxAA7OS9lo,6,6
00ZGWtUFiGqWuFd7i4OeZV,3,3
00bOo6r6YhVnxzDu4JhCWX,2,2
00gxx5tCbWPxr76vGNED8B,4,4
00hTw7P6jPUio5Qgojw38w,3,3
00j7NgyKytDYlBEpIv4QPQ,2,2
00kZX8Ne9wNJoChq7KzEpg,2,2
00nQri79W2dxFkWmXISlLh,2,2
00nmZvZRyzQiYe2tAcDDUb,2,2
00oZhqZIQfL9P5CjOP6JsO,2,2
00r6omMNTuBPImjlLWtB3V,2,2
00tFl7H7UaITu6p9PM6UJM,2,2
00tVVn9y5Ar2mmfiN0Bjmq,3,3
00toEUNl6yPNBZdnIivdFk,2,2
00uTtxaqbG0jPPjPCZx37Q,2,2
010189igJXAPKuys4itwaE,2,2
010LzZsO4eqQUdUv1f1y9m,2,2
0110a0AM2nOV8yYa9u6kjQ,2,2
012JFkVnfxxnL0dN29j73L,5,5
014SIjoLDG1Ku19c5FlDYh,2,2
015BCBzbTyaGy01VopJlR9,2,2
015ENhxZgNXSvzml1FJueG,2,2
016InjKRa0RBF9FyEAbzhO,2,2
019GjjVqU4lNg4QnZzRjUd,4,4
019kQw9gcLJONeYgEtlf9t,2,2
01ACdIbLskndpj7q5pMfh4,2,2
01AwohzqShtjlhyjYoWKHM,2,2
01LE9CWi7yaQOx3vWxwDHI,3,3
01MVOl9KtVTNfFiBU9I7dc,2,2
01N2IF29PcgRWBqGtLjoha,2,2
01N4rGD2WJZewp4RAu8034,2,2
01Nl8C2RuzukJWbOfYxsU6,2,2
01Q3OyB05mLgH01fpdAMPP,2,2
01RPCqi99slyxGHTmLSwGO,2,2
01Rc6yXYtujAnMaR1NME11,2,2
01SfTM5nfCou5gQL70r6gs,2,2
01TtrmZEiYitpwDUcPQ6dj,2,2
01TyFEZu6mHbffsVfxgrFn,2,2
01XHdHj96m9u8VEyvInHGE,2,2
01XP4DU82QE56hH3l16a7S,2,2
01Y6Ty0YJVGXWiJOK4zi0q,3,3
01YEp5KTfQyoRpH3Ci1oFz,2,2
01YIoxhuISTSBh8cOvhIbG,2,2
01cGujYWGF7JchJLSgf6Ta,2,2
01fVbxyW9y2oKdXvg56uE5,2,2
01hV2UktTReYejmCouZ3dV,2,2
01kzWd0EWMYrSDHESjTjfU,2,2
01p5s1IbneueexPka3Px3O,2,2
01pX5frQUf9ioZQQJjGNxU,2,2
01u6AEzGbGbQyYVdxajxqk,2,2
01xW1yKvTy9ycpo2qYCzcs,2,2
01xqHIwd7hQLROgelUQ6w2,2,2
01yDjImCcOaHDT4uy6VOPw,3,3
01yZpKoKFXSzX2vQNYgvgy,2,2
020XZ8mDVjzbnmvjL6GKls,2,2
022nJwdqNEHRazWpp55bWa,2,2
023H4I7HJnxRqsc9cqeFKV,2,2
023iiH1B94VYpHuq2Wnp1b,2,2
02CMDD2zt4LyEdOaSwVNhy,3,3
02CygBCQOIyEuhNZqHHcNx,2,2
02IW65kQC100srRSE5poWs,4,4
02IzKHWkGVtNMdPoOAxHb3,4,4
02KmEChUwcjxG3G29kbLFT,2,1
02LmGMJG5yi2K1RsBOj5cR,4,4
02MRylJ1WAgxzdqfNfdIsR,2,1
02MWAaffLxlfxAUY7c5dvx,3,3
02NLx3HFHZhO2X7zT5e5DH,3,3
02NjAsgrCjbFioTyGI0FeT,4,4
02Q9pW0hdgO0OuzkxIRgG6,2,2
02VPWX6le8yZ5amfZPs12b,2,2
02Yq5yPG7j7QylbZiVmJJI,2,2
02bJ6uGeHKfNOhIc9qyA8e,3,3
02cQ2pZO0282lsQcjtHV8O,2,2
02fuv91GGA2FwaOTiKQVa7,2,2
02gH8djuf4t1V0aCaPBfNM,2,2
02j3P5NLtFH34LVPLHLk5s,3,3
02jLfqc9gMo8PkHEGHY3OT,3,3
02kqIWKi4zOQ2hIjUAfhqb,3,3
02oT3HvcsXD64VwOBtH8yM,2,2
02oW7CYWjfiCs1rZs7GNes,2,2
02ocOpp3OlYjjFvhvBDljE,2,2
02rL5rMK7s4LQ6BAjNF5iv,2,2
02s0epvuQJZaYi1qSVOZsF,2,2
02sas1xqIwRm7iWSoHDvKe,6,6
02shCNmb6IvgB5jLqKjtkK,4,4
02tWxsxgRYdquJqB4eT8Rv,3,3
02vvQ6oDimuTU2fnaewwXv,3,3
02wki7jtfqvuz7JzI37o09,2,2
02xd7yuAEiLOF7rt4zlPep,3,3
02yEhcqA7tqfca3gwPxXdF,4,4
02yaX0Reb1fQYIQdri4Ow8,3,3
031AIGrfnhZYJxegTuYw9W,2,2
031UpfMz8ezzJSB39T07f0,2,2
0343bYQtSfznf6v90jRLRK,5,5
034KyQEk7IhbLtniVhBErj,2,2
034QFxadzhSnGsrStsQaKB,3,3
038N1pDTNC5oOF9Vzk8fkv,3,3
0393PMIQFV9pewSmxoWwXw,4,4
03AOPd7ZJbE9LPIA8oZMsA,2,2
03B8ZXUmuDpf59j5PIMFHq,2,1
03DgLHhA7HCUB8aBTNqOwX,3,3
03EnOL1O9EKi9CFNmPyrCm,2,2
03EuhmMsEHVFI9ytainStU,3,3
03FrsymZUDrFC3aBVrvKA1,3,3
03Gkwcxnqw20G27uEvIxSM,3,3
03I89EqsberXEAapUd1yWu,4,4
03Jx4f1Worr2LOrpqHdzHF,3,3
03MUFVqN2vqmGWdFKfnZv9,2,2
03MW3H9B2P7tgpvzG3klNI,4,4
03MxQe4F8TGGZSs4Zyha4b,2,2
03OjIsSVv8mwp58p3iK87o,2,2
03PjRjDn7JNYY2P57QX8Q5,2,2
03QuZlIrO7RGx12G7T8enl,2,2
03QwdCYh1MoMsmyJAUkoE1,2,2
03UOeGWSA5tOf1PyG7kf6O,3,3
03Uo2utHEdsOoEKwPs4w0G,4,4
03YuyrltrfOOtysn0HBvax,2,2
03aiQ6cX3yeHwiIA8rvDLu,3,3
03b9EWz24mTfDvnrE8G41I,2,2
03cAFCWyzUOFus6Os8EoQG,3,3
03eJrJinZp8ofxM3nQQs9F,2,2
03lCRQ1TTMa4v2DwP3rLU4,2,2
03mHinvLdrdSTd7w4GPXwH,3,3
03pgAGtsNrSoZtXDUR1Rom,3,3
03pixFplMU4GlGanyGESCJ,2,2
03r29RsAupsanSGQJwr63j,4,4
03rdAFKPMOjSOXTcoZSajT,2,2
03tp1TUFVJRt1HuWGlpRy8,2,2
03um6hfYLzq0p4c3Lk0Dld,3,3
03wFD2CKnZgnQbqgPfO4fF,2,2
03x2rVJRFUrvwlfxoHd9Mo,2,2
040CvqW0wo3b77EBRfgC14,2,1
040wa7JKXeVWLjkVYHxtQe,2,2
041YXYyuWu7L4NykzFagcP,2,2
04B5IZrty8x9dPrP3eEL05,3,3
04BwBjVvvHshN9RbqNXfWQ,2,2
04EtBLFIxbcVt9NdYgcrpF,3,3
04F42oEuKrRComYJfJuyVR,2,2
04GunTYlMUoEnc5pwzQANm,5,5
04ILxTQAP9e9Ng4IvdNs6m,2,2
04IUJPcxiUuXih8eJIVzGz,3,3
04JS6OitE9VGsIS3S94Osg,2,2
04KeHjz5E58E3CLOhIqWnr,2,2
04LL918sfjXolHQB8evxCV,2,2
04Rwlix3S6i0JeprqsC8Cx,3,2
04SZq5X98v2Gsf1NUX7OFH,2,2
04TshWXkhV1qkqHzf31Hn6,2,2
04TwPJDhekbMYYKU5eiOsH,2,1
04U5eAyK9aRbmmJV3kaAVx,2,2
04V3hO138BCddFy9TmTUic,3,3
04VFfRka9MBc5qlRcDuV8T,2,2
04aAxqtGp5pv12UXAg4pkq,2,2
04amRUbvDaUMmE9U4Vs48E,2,2
04aulIHjjQyDVUUmaFDy8w,2,2
04bNiW1CiMHWM0kSDvbLzp,3,3
04ena8ko8DnRyusS5vDjie,3,3
04fYoQSUTfPhVjyW8aXkix,2,2
04ht5irz2s6Q3vuWXkAOTU,2,2
04iTE6hn0yvbWHJXkIfLyy,2,1
04ize5IEH2inSkQkqFGLd8,2,2
04jV9kpwWbr4HHfxfK4sSu,2,2
04k52ODidrrrzc8Jz4JbLg,2,2
04kUx3ZqhMfJPF0bLJw1FO,2,2
04lYv7Y2Vd8ns6LCshS8EB,2,2
04oTyEbJ190RfXWSlTP4b7,2,2
04qJc4IUXV3EEjgOb3qYeo,2,2
04qx1yENXdu9yN6zzRiVfP,2,2
04rQMy0kPLdMyIeK5oyg1g,2,2
04wmRKlU8lSjmYql1mt052,2,2
052z2UsE2wPrHsBJ9tly0g,3,3
053mlrYW02zC0dUsIsRUKG,4,4
058beKosGKglMtEQ3sZwq6,2,2
059sONalAfYqzIICi4Ti6R,2,2
05CrXeNWBptDD2zLAOaf2A,2,1
05ET8TiuscvijP4b4b1Jg9,2,2
05InvhuB0FVJ6EFqEyIqIW,3,3
05K51VGmcBMeKzCB88aIOV,2,2
05K9S4Tbxaj7mKiZyHtjFl,2,2
05Ke9LELmOiA5i3L0ybFUy,2,2
05NYcsjJwOYq4jIiKPVj9p,4,4
05Q2QXgj7NPOmYvito5OOm,3,3
05QEiRtbs57De7NxgUNOHp,2,2
05REArTDZQd59A9Y4XC0Aq,2,2
05RgAMGypEvqhNs5hPCbMS,2,2
05SBRd4fXgn8FX7bf8BCAE,3,3
05UkW0aWSlpxcOlT3NtJ1N,2,2
05WA2W5m8omNt4EZ51MZf3,2,2
05WLq8RH59gRD3gMnmxUKb,2,1
05ZUxHiGT7VR6ShJjhwJxn,2,2
05bfbizlM5AX6Mf1RRyMho,2,2
05dayqMNAmaZU7gTUdV0eM,2,2
05eNEozACh10Rn0ewFnH8Y,2,2
05eV1d7xEeUse9ceyKWjMe,2,2
05eZlxyjbkHMPCnunUasCS,2,2
05fHQeRbCSjKVS6z0WbQKJ,2,2
05fL1P3yj5DLIE9mF7pf1z,6,6
05iC65udZLZV1kJVRLJHGC,2,2
05lem7bHWxyo98HOwPmils,2,2
05tQHifEgbVLavnO3GcuxN,3,3
05uEelCxZhQjzYNgAntl45,3,3
05xYoVj6QuFk0U7PVl5Tf2,2,2
05y79YGqS94EQe0v29lHIo,3,3
05ztmc9JMq8pYE2GyY72Zd,2,2
062WEhWJ0tNa0CaAEuMwYB,2,2
068nLVWBWYFYk7qFzDWVvr,2,2
06C6QABI5ChBAsw95J9oTo,5,5
06E5KyqnDTueEbdT22FFvM,2,2
06I2PKNDtP6ypDXAMqCARp,2,2
06JLkin2vf8YBGMFKik9Y7,2,2
06KyNuuMOX1ROXRhj787tj,2,2
06Lrz6eyIROUC8JM0MylSO,2,2
06P47xqCjUCIY2JEzMRufN,2,2
06PdA0DLgF4BfAeUNZAbFG,4,4
06Q3gof2rs8ErXzBrW1aVg,3,3
06QhDcVIH3csxlm7K7mpPi,5,5
06Stw5UCrKYwPBxsTOfBtA,3,3
06UlQEupfklesVD0OB2N87,3,3
06WUUNf7q18NZfjIsQFsfa,4,4
06ZKQ9zWVEOR9C532mkj7K,2,2
06e6SO3exwSgVxIf04BoU3,2,2
06eFWpksA3M9qg8GeOGGBX,2,2
06feZZKF0F6FRvSTHCR0a4,2,2
06hScW2F8wdPVjlagETKdC,3,3
06jPOtcs4L8QpgJxixFiBT,2,2
06kxa3al7bUqRRo5nAFduZ,4,4
06oiTaBptIjCGLbtWd6Rlx,2,2
06rBBhdrIHTmR4oyUiybt1,2,2
06vNG6CiV4k8oNA0wUUAO7,2,2
06vqoU6oPRPPkILm8tyBRo,3,3
06yiYlbdcanbh4GJEFyhEj,2,2
06ynDvyG7P9TCZupu29WPs,2,2
06ypiqmILMdVeaiErMFA91,2,2
071BITLZcUvNiEspOR1BgI,2,2
074NgeLzrXD9hQ5O3iNIcY,5,5
076sWQZiNFZq605udzIw8N,5,5
077QV0UtmRfVEw6kFvminm,3,3
07AndHYLqSYcdiBuRyXfxm,2,2
07E0HpWW8gr89oe9iRxOZu,2,2
07EmSBY7syIism45UtBPZa,3,3
07HXQhYntFEupdfad0KYxr,2,2
07HhkAkLc932NMs6zB6AiA,2,2
07ImPoPqKNwqucuPEZooBj,2,2
07QeznlGauyNSmomgZxb49,2,2
07QgdwIdejvYEvsiMT8iFD,2,2
07Tx168RSsUS1HqkDIOZbH,2,2
07VBqWH6NG8L2ad3l84UKk,2,2
07VPMBxEAw8opd21Voa6Rv,2,2
07ceEXOyS7ghQkyCOycXwP,2,2
07lspWYhdJtdn6f6e3DiCD,2,2
07m8PuXxxv5J4qPEDq6ZkK,2,2
07nH4ifBxUB4lZcsf44Brn,3,3
07njv8LyAizW6MnaORtuEl,2,2
07oas8KpAMIkwuetf81Zen,4,4
07rWaFwTzLkyWg2zfQ30ni,2,1
07rz54LA3Y2lagmY0DnChZ,3,3
07uPklAHdtkXATBcS9FvtS,2,2
07vTKxT54r3a23Q0gILvOu,2,2
07vXvRYejavLger1TGzOju,2,2
07vuu2dIJ4e0WVsXafOP1l,2,2
07wsr8b3h0n18wBeyZU0ht,2,2
07zQA8UkyxpmnRhPjHOVOB,2,2
080NGR0DEWN6oEzd7oIXtt,2,2
0815caqt2Lytro5EIzMufT,4,4
082RMdL3KhOLIKX122AV97,2,2
0853SQNjVnNVFa2j68txPo,4,4
086myS9r57YsLbJpU0TgK9,3,3
087Hfvj80hJaJ7e15qKebK,5,5
0888Sjs2LKpRLCPJZKmtEd,2,2
089Kk8RlBojIz9H4qc0eUQ,2,2
089n75HUWVpAYar5t2GwPn,3,3
08BdwDsjgDp9N3ALRaKuYJ,2,2
08CEozAr9W6tjhOEpSY2J4,2,2
08Cz11QoQysCqgDONUVXmL,2,2
08EDz6781IVLc3qMn3VneT,2,2
08FGBIwiPxsvQKn2ksxmqX,2,2
08HJeHs0U9iSbDWX0sWIem,3,3
08OjvLnGR3M0HUhcePeMNO,2,2
08SFfnXcmjDgOSi2tnmdM7,2,1
08THWTAolAd4hkmkFIPxhH,2,2
08Uk9bJZ0XBAKNsv4Jsini,3,3
08VX4aMgET3RjiJB5P1JRy,2,2
08VZ3ycsCq1LfabZjdRLg4,3,3
08W2yaBJw7hsPuwe7NRobe,3,3
08aW4YbaRmy7yYTK0fdjEC,3,3
08bNPGLD8AhKpnnERrAc6G,6,6
08c44mv6lHEfUHlPtVg8Yp,2,2
08c9t8xZCZt7lVVTNeXpzn,2,2
08dNxhOkSsdUOaHthtIy91,2,2
08dcweSRXqWoMdYJU0uqmQ,2,2
08hlaHY7ssHzr2MvBKyKvt,2,2
08jXpbmBrMtXXAtXlHgsHh,5,5
08k0JhCj8oJLB7Xuclr57s,4,4
08kSDRN3ZUB5V5ba2Rt5KB,2,2
08kTa3SL9sV6Iy8KLKtGql,7,7
08mG3Y1vljYA6bvDt4Wqkj,2,2
08nbKZTgrxdObcdVFVX6W2,2,2
08qoblFscVKk1tZnRSqPlh,2,2
08r5VYVdopPXFZvCkh5urw,3,3
08sG2g0YeDWAPgPnBFQuoo,2,2
08v1j4Hmy6uSiwXOnM5otQ,3,3
08ypS6EF8F13l8EUa5I2J4,2,2
091NiGWv2nTM8pnOEXZR6T,2,2
095guSCGTmugqLwBwlHZH7,3,3
095nyFKlTwa9JIp9cVrHOF,2,2
0984nSnkRCEdjAXiig3rOH,3,3
098WwIoAtjDQwcpuEHAlrr,2,2
09AvsbivV1FQBRAEBJh7UL,4,4
09FYielISRGvCiJVplF81B,4,4
09H6mPuaTuvuloAJCEKvgA,2,2
09HBvmj0dUeQYHGbKJefR5,2,2
09II5TycDPhVEQ5rwmFzCs,2,2
09IStsImFySgyp0pIQdqAc,6,6
09ImKoCeK6cYsEJ8zMwGn7,3,3
09KVvb0849JV9TRFpTiY0l,3,3
09OfKHEB6AK8tDvcb9T6oN,2,2
09PXdHV9UTx8IdyC5RNyC8,2,2
09SsT6U26aWDG3VeiZUA4e,3,3
09YadcHsZw8nEmJhB7SDrw,2,2
09cgbbadzZSKFd1hGN23p5,2,2
09dwCB0a9GrvSZloCCXqq3,3,3
09iCpaYbvahbcxv8GR0BfS,2,2
09l5WCAnOB6puLBjglf8yf,2,2
09lmsWO6rI8K2FBX8qVM6q,2,2
09ozFHrTL7cI5pYLJWuB2Y,4,4
09pIqulR7CrEjcgEuHz85N,2,2
09vdbE9riiqUAnS8RNSZ0z,2,2
09x9v1o51dbqi5H0u7UGfp,2,2
0A1YzVVPWJorKnLSV7DTuF,2,2
0A1y3d5O3SDvXaQ8snkmOf,2,2
0A2fX1kBVpevzGnMjx5fnX,4,4
0A2nt7MC3sipIRZ0D1jhZg,4,4
0A3hi4R0OZhvukBOrJhesu,3,3
0A43Vnq27Uy8Rnin8E5e4Y,2,2
0A4Xb4Io50uHnHZ1V8x2KC,2,2
0A5gdlrpAuQqZ2iFgnqBFW,2,2
0A5mmNP2Lk8mfCJjWWQvz7,2,2
0A60DIXd4RoIB6l25wFgo5,2,2
0ACw7rdJl9O8XGKKijCAik,2,2
0ADG9OgdVTL7fgREP75BrZ,4,4
0ADZ5dmXhlfzjMw6lefoPl,4,4
0AFlaSWOyEUJ9vrPynu1Ur,2,2
0AISJtBDtZXgB2fuvcjQEN,2,2
0AJrAnMeFDG04VHuuvrC9Y,2,2
0AKy9Gcrl0g3cQynsvlBM6,2,2
0AOmbw8AwDnwXhHC3OhdVB,4,4
0AQ1twwDGVlIVpcHDkGkXD,2,2
0ASYYaJ8RMrZ7N44KMEJr8,2,2
0AT08pe7CNV34sDKmTyh5b,2,2
0ATgXupGnDl3MYIUC8MpfS,3,3
0AUf5eIgz3Lxww4BRzhM4J,4,4
0AUyNF6iFxMNQsNx2nhtrw,3,3
0AcJ0eQfYYP9cLy2dMop1R,2,2
0AcjYkz8h6XhmASAoaHgBY,2,2
0AdoWBdFJUL5ejRBGFAAwq,2,2
0AfliGtmybmdEdHzQ1pfpJ,2,2
0Aga4eaLjpLVESrOjkaoY0,2,2
0Ai1Gi2DBSaTKpKB9HDVKi,2,2
0Ai5lxcQ7WfxLtZn6h9PG1,2,2
0Ai604igwEqoW2CUzQwF0y,2,2
0AjcdGri5vhJsmZnduCEqd,2,2
0Ant6wBzTsOcH63OgzmaXU,2,2
0AoSsEotQdgFalXKUuwv3y,3,3
0ApX0DRPyXJflR03xkN4JK,2,2
0Ar3Yw2YygQrxNOSRf8Wlc,2,1
0Au15HOsloAV2EeSyEqWtA,2,2
0AzFuoLpUvehCep7QZNLzj,3,3
0AzezC2xzQy50q7L3g11aU,2,2
0B0QWG9lUoek1Fy9xji0tl,2,2
0B2RttXEiyXsMeQ7mMP3EI,3,3
0B52FTK1sTf84zLxHWWPTv,2,2
0B6QOJU4D9nLqKeNNSVEvh,2,2
0B6oBwvkyLptGexpwJVz7c,2,2
0B7FbDb0GQxMX5KSXGv3sg,3,3
0B88ZwGCujSnIgnVzzqW5l,2,2
0BF0gUNYa2pY99xzi2HEYG,2,2
0BFWUoOu91FcOEtpTdWFrN,3,3
0BFtrq3fyv1kRcId4o18mK,2,2
0BIpEYy15QaMusucc8H0l7,2,2
0BNfmNj23fWWufyAIeX9aO,2,2
0BOivei4EFBvk7CKwEwaZf,3,3
0BRHnOFm6sjxN1i9LJrUDu,2,2
0BRtjY6BHMic4e901yeGil,3,3
0BRxNhdR54OhX5M2EJCWEl,2,2
0BUuuEvNa5T4lMaewyiudB,2,2
0BWhmRyHvBLMcEJDAos2PD,2,2
0BZW5HA4Iw85L02qej9RPJ,2,2
0BaVcB3Mn8QgGUdEi2yqCb,5,5
0Bfima51LTKrxuBYjv0Qwp,2,2
0BgSIWlf1zulLvRyNtjCtg,3,3
0BhLfxWA4TwGu8bGVKBotN,2,2
0Bhf80gwbCronwcRHW8EZF,2,2
0BiVnPxkDSfZx3BjNDQrGg,4,4
0BkfeemCDp8WmuKVnrwBaN,3,3
0Bl1Gt8R9kjz7JO7SYAuhe,2,2
0BmDnvzaP80sTEdyrtdICS,3,3
0Bns7Z5qu5gwuZVN3ht5vN,3,3
0BokBQTPRsjfIt8TreLzu9,2,2
0Bv0qHGKNiwzDtHzXrjmIn,2,2
0BxE4FqsDD1Ot4YuBXwAPp,3,3
0BzRlHCiks2DGlfsEKy54f,2,2
0BzXo4hVmCi4Hy49X1BtRs,3,3
0C0LsZeUyAG50xJKEIpBgY,2,2
0C0m1E608umzcKx6D0bUm5,2,2
0C1DEVNH2WCyn6tfvvDdEy,2,2
0C4KChnQFHNgtjbppUFooH,2,2
0C6dSPCqwKqwos6s1CrDrh,3,3
0C6zhAFFZ4WbyzD93jZx0Z,3,3
0C79m0V3CqruSMxOvHCwt3,2,2
0CDucx9lKxuCZplLXUz0iX,2,1
0CEgZkZWsT4tDNj15BX1fY,2,2
0CF1X2oxbHWyFNPG2CPeNX,2,2
0CMFmZVu2ChSHuGu1tzhjG,2,2
0COqiPhxzoWICwFCS4eZcp,2,2
0CQqvd7bTiiRTDZzNmjifI,2,2
0CTwPdDmkeTYCVx2j13ZMc,3,3
0CaAQYzg0k2poWXt30rCz0,3,3
0CaBBQsaAiRHhiLmzi7ZRp,2,2
0CawrCDxkBgaR2ImcpQYMm,3,3
0CdKhIzLFUeKSZimBwuVF4,2,2
0CflRiqtl8oVKuvscVgy6F,2,2
0CfthwI2zWPVci5b2ZwA5F,2,2
0CkDv2V3FFhltON32OwE0x,2,2
0CkwGzywZ3js4Hcmb0RkQn,2,2
0CnhOYwugNMgSQWvgB9YBB,2,2
0CoYJSj7z3XiUqyIyxY0hO,2,2
0Cp85ha3RN0FDytbku8nzq,2,2
0CpD1QAw1DFevvlvjGkAO9,2,2
0CqCpm4LLQbHUX5ysizWJS,2,2
0CrCW8u5hXD6Ztd7V8ay1i,2,2
0Cro1lolgliyLKxGptK6RZ,2,2
0CsM8VGDi38kusMv3pxyj1,2,2
0CwLue2qwkPcQpovNGNtVx,2,2
0CxkmF72bUmXLVKpnTP9r3,2,2
0Cy7wt6IlRfBPHXXjmZbcP,6,6
0CyUdgFb9ukEGHKOFXHheo,2,2
0Cz5S00ll33KRLVyZMe8Yi,2,2
0CzptLVu8meMD9m5jKpueg,2,1
0D0ZwI5RWUb9l1GQMmRS5R,2,2
0D1OY0M5A0qD5HGBvFmFid,2,2
0D1pEisM3QkiacGXJe5dmd,2,2
0D3VbWMK9GhdajZbbqRdqp,2,2
0D3Z0cjHZ7YSUnFi3EEkdV,3,3
0D5oADYCG5QbPKk3QEOP1F,4,4
0DBBQaDg8YPePplq7m7Cah,4,4
0DDkW8j34M5hvxj79uGmK7,2,2
0DG6fEabZitI14GPlKvE1M,2,2
0DHBe3RkyM9V4InBW7DZqS,4,4
0DHpr7eLBrRZvlXa4sNwhd,2,2
0DIYusRuEUeZaD5bEeXsGG,2,2
0DLvpi8qTOTbS7Qet7AsCi,2,2
0DMRKqrpd0QO4RWiEdMib0,2,2
0DMgXXS27oK9z8clKWU0Ok,2,2
0DUJZXdp0XGbRafeTKA3TJ,2,2
0DXfJ2iKRDEG7rPgssWFea,2,2
0DZKuCQD8cLvm28yd74Z9a,2,2
0DaMxhrFFLWFSs41y64XdP,2,2
0Dh3d5wUSDiqxdajrrWX3t,4,4
0DiTeEH38dwM9Vstp4R5dj,2,2
0Dkibk70FDp6t7eOZNemNQ,2,2
0DlsNqeniWBaquLExBPmEZ,2,2
0DmAvNCAK08oCi7miSZUIY,2,2
0DnGfA1r8pAssJCuq4ojla,3,3
0DnZgTbQaUps8KG08ykZYp,2,2
0DqLuhTD1xI8mb2gY5YoLM,2,2
0Dsj4OiiWw4WkgbAkQaMY1,2,2
0DuWDLjriRPjDRoPgaCslY,2,2
0DwaOWI1kC2s98qLj0LTDd,2,2
0DwlpQONUcfEpUXuIR2Keb,3,3
0DzCkhTWcCQQCb0son0e0G,2,2
0DzcFzEdZioULwgls86VSj,2,2
0E0DRHf5PfMeor0ZCwB3oT,2,2
0E3GkSUYpQCjwP8XDB5g5r,4,4
0E8q2Fx2XuzXCO2NSAppkR,2,2
0E9ZjEAyAwOXZ7wJC0PD33,3,3
0EB5fgdGQXZOiOMdRhKeCZ,2,2
0EH6REBbNSU1Xgti81Owel,2,2
0EH7sgeiFqDa3eS7ieW2zs,2,2
0EKqoSFmZW4dqaJvlEJtMe,3,3
0EO1Vz2i2yVjxHE08viezx,2,2
0EQc8pPwPTXxcXPzDjjmEq,3,3
0ERQd3bFJvmuU1ofB3EYPz,2,2
0ESIjVxnDnCDaTPo6sStHm,2,2
0EUEtq224zqzpzPHof2qmL,2,2
0EUJYK8k8lGaIAoubwalCu,2,2
0EVhfRiVBGjrIUFyW0Aaut,3,3
0EVlhi2DePy8Qfc3suq0to,2,2
0EYOdF5FCkgOJJla8DI2Md,2,2
0EZ3k6NTvkH1sQddEK4slm,2,2
0EZHiRC20SAuX4ChQA1MG9,2,2
0EaHW2BpzOP4P06FqUwkqL,4,4
0EcpFZArVrXZJ4vh9hLPsz,4,4
0EfsDEYaSjGYd66Pr881nq,2,2
0EhpEsp4L0oRGM0vmeaN5e,3,3
0EiZCuVOP3E9MobSidssSC,3,3
0EkRiaSjVR6njfczmpMd8P,2,2
0EkSHAQktdf7R26LRQiKGQ,2,2
0ElAcOj8tudMA6X6KZ7SMO,2,2
0EpO6LZgIlxTUHE2e1ckCa,5,4
0Ev1XvxAun4W2uh34XtZpx,5,5
0Ev562zA4pmUsBqjxsxxdx,2,2
0F245o4yDaGy2leKy2l2Ae,2,2
0F2BxpbxH8Yc3pLub48hrb,2,2
0F5GuukYSgfX6ALuyrCgMH,2,2
0F7yztNdCbVgf59S7TCx4u,2,2
0FBjsiiUFLET2xqeKVrGBE,2,2
0FBywYb06nuyLdn4gBlQLb,2,2
0FDMH2ahuIVzCybwHJK9zh,2,2
0FJ5C03igALJMeicHGorCo,4,4
0FLBNqc5oAiTt4J2e3fe3y,2,2
0FMLbet9blK5IgKktuqCBx,2,2
0FTfaxNtqgYbqPPcrWQ1IS,2,2
0FYD3N8NI3yQ8mKvIMDJol,5,5
0Fa5HVwBkPjNdtC3IVqRom,2,2
0FbZgT0gzFe6VCAZdhtFT5,2,2
0FcYoRbrZ9eR2bc5nw6feN,3,3
0FcugfDDQLytPUHZemedU5,2,2
0FjwrnkoCQOVu67Urzkq3P,2,2
0FnEFCpMwTzACVJ7nnDf4H,2,2
0FnNvh5Azabpbfb7xSmZpj,2,2
0Fnr9uVtG6txfh1TyIyI5s,2,2
0FrFqoPT7JB0ezIU9g2OLC,5,5
0FtOxBrDP67usYNbqOuy7T,2,2
0FzGKD3N0jK6nNOyOJBvNG,2,2
0Fzt24jmCa6G0ED7pW3IM1,2,2
0G1BEi8ByngMCJqcPnDACw,3,3
0G3PPOWMMPwBJIEH7Udnsu,2,2
0G59rX2uOta2lX83SfB8Rk,2,2
0G5N8E8nEQXtlnxi2Xfrj3,2,2
0G5RmMCg44lYXCCg9EJ7qe,4,4
0GA5sWfvCcZOTA0Ey6jwLw,2,2
0GBiT1wHV68bU0Cv8ZU2HZ,2,2
0GDAt9fPbs9tPqg2n4ne5u,2,1
0GNwjs9goG4MPH7RMNGmn9,2,2
0GO3L39ubEleejBH0hB4EU,2,2
0GO8y8jQk1PkHzS31d699N,4,4
0GONea6G2XdnHWjNZd6zt3,3,3
0GPGJVBrVMWP9unJau5mNB,2,2
0GTPmh5G40joBg93vcSQNq,2,2
0GZpxW1UfoInSJug7m34fR,4,4
0GavMn9kjiQk1yI6118jEY,2,2
0Gb6ci1GDk8FZD58mB8kii,3,3
0Gbe1X25eGF8leasuT9bQa,2,2
0Gbp9aWNohZ4Kwdi75ntzT,4,4
0GcU3ZhlnF5k3vKjqPRifa,3,3
0Gdtk9JaaEaCeFUhIhLSK7,2,2
0GgN4MhR5GKn5IcKN0e0rG,2,2
0GgPjT6UhpJWkUiZqXnQnx,2,2
0GjeAmrsQQuyc5UOguhSkj,2,2
0Gjsi7CQFsZJUIUKQIxYQP,2,2
0GyQ8MCMcla38fjfBZ5y7Y,4,4
0GzrUg3QI5ljFHmyls1Uy2,3,3
0GzuHFG4Ql6DoyxFRnIk3F,4,4
0H0NjRO6P3UAiMU5kJtKoW,2,2
0H3yTXxl9kLJzJ7UFpX5kw,2,2
0H4BGX7L8UfoD0g4wgXd0D,3,3
0H7JHndcZJ2SFGx03pUnwp,3,3
0H8gwQoVfk8pJQkPrDBMs5,2,2
0HASWb4DviDDAUGDSl0lsb,2,2
0HDO6JFfplYPrSWuufUosZ,2,2
0HDm8hVrpUDAXLmvortmoy,2,2
0HEJUJcpslqRcH4r7Oro0p,2,2
0HLLXulya71QkF53jef2U3,4,4
0HLWvLKQWpFdPhgk6ym58n,2,2
0HNCvrIYbb61J7ZofPydi5,3,3
0HO0vfo0CKu3WeCfLZA5iM,2,2
0HOrDVS349XFcpCYsO2hAP,2,2
0HOrX3f1vhUpn5hknKAM9W,3,2
0HPJzNc6AlaOVbiNHdK7iS,2,2
0HT6xI2MTQ7qk4yNA1IZUd,2,2
0HTb4JfMtMkMYUtyd19In3,2,2
0HTq5bN35IPxdhCNZQTXqQ,2,2
0HUQDPIFCHff0OQI2ZB9Bc,2,2
0HWt1VRBM1b6beVmcjPxIH,2,2
0HaRLPnr887lcQM2YQzkff,2,2
0HdKT77fmQMoU0mAjHs7O0,4,4
0HdWcKtGGLM6z4oxSOLxIW,3,3
0HeG8Hl4Upx3zqwK7VNY2l,4,4
0Hfah746oDkvCS7ySP3k1c,2,2
0HhDrzhTf9e4qpacpDEbiW,2,2
0Hi7B2lRZ2wNjmnDjPjh3D,3,3
0HifRAxIjuvd7XBJEviQOK,3,3
0Hijswm0F2WNL0vN5e4CyE,3,3
0Hk2PNJ4Ac4q9g72MSoqi7,2,2
0HlSPkpyZrgluk5EzAVLmJ,4,4
0Ho6NsIqN6oOj2wY4xSSpp,2,2
0HoxJw3Gt3w4psA1cC3Yn7,2,2
0Hs9WwuAMYmMiIaaYLhE6i,2,2
0HtWxjydJ3pEwT5nHJxxZ1,2,2
0HuS5vFQd06cXV54I0twkV,4,4
0Hypb9Sm3unt9hYTLsuimi,2,2
0I0l2Oo5zjpCEphpDJL0Pm,3,3
0I10YQIht7W3fPvLlhQvkL,3,3
0I1eFRytp4XRhLCjT6tZm7,2,2
0I329vpTJRdSRjEcWaQsSL,2,2
0I3wA6Iy9HF8uW38es7Tb1,5,5
0I4yYE831a8SW8QIx6bz4x,3,3
0I75DOENhkPTBpavd8VJgW,5,5
0I9l2tj5pWBiJ8rQSjJNUX,4,4
0IBfaCdX2yDqb9txRWR9Fn,2,2
0ICnFVjsMEQDIXKVKV9KZF,2,2
0ICvpUuQrVd65WeZjVX44u,2,2
0IDRN0vpnXuofJQH9erZ71,2,2
0IEQtkNEroBdJ0poqk4L4Z,2,2
0IGdpfQ7kjpNPoHgbRbrmJ,2,2
0IHYNEHVT1zMEeNOgvyg9B,2,2
0IK8y0vAO0sM630HsxwLht,2,2
0IKFxQz9YhhnibrGnGSeUw,4,4
0INUE1K7cEiE8VH63Rv5RJ,2,2
0IOM6VWcOOHtbjzXqyMd4U,2,2
0IOeTm4kj6ONgNRWnFQokD,2,2
0IQBwszytBLb7GsRm0GwKz,2,2
0IRHSR3BiNhlqnBtnovRyS,2,2
0ISxyAhfop0MoMeAUw72RN,2,2
0IVFvmvdHebQ4t8KMKIk48,3,3
0IVWmOw2bynmu1HQIebRmM,2,2
0IVdlBreRkZn0ftoUwB0T6,3,3
0IVliQIAr5Mj7HL15m5tpp,3,3
0IYrGOyrB4IM1Q1nMGnpSk,2,2
0IZJR2XrPdWqHdnpaPixw9,2,2
0IbTEYgnA46IOsVeffx43D,2,2
0IcTSf8jMvxnSNRJc384Gs,2,2
0Id2IzhR3w50aP2PHfMUE3,2,2
0ImYAp6gNWhXa9DagJQ4tQ,2,2
0ImYtGljvVGvRIFueRumGE,2,2
0InX6IpOB64A0E21eiOkIE,2,2
0IqCoZ168iRc9LqfrYgpZy,2,2
0IudGhdeJZwJ0Ps6ndtQDt,2,2
0J14macNc8qWBmQfcySj8c,2,2
0J1B4kGs4YxyWvBtqra5dP,4,4
0J1SNj1evDHEYHZzHT7Zps,2,2
0J2lmSTQQWhTiglHDbhLWm,2,2
0J4r8Vmq34tTWw0g0wanKP,2,2
0JBQnLKfLXmlkquabLtAgd,2,2
0JBhoxPKHJc1ZeJrjSt0VO,2,2
0JBnAsReYppHqCZJbqy5H8,2,2
0JBvtprXP2Z0LP3jmzA7Xp,2,2
0JEHtQP8OymO9fIUEZX5KF,4,4
0JIpgkcqm1feTTVpWARQTe,2,2
0JJP0IS4w0fJx01EcrfkDe,2,2
0JLqlXev7QGsvzoLdzQELs,2,2
0JP9xo3adEtGSdUEISiszL,2,2
0JTDayhfakCBhqdaIj9dfx,3,3
0JU6KAZQjHs12OVN9mDk1e,2,2
0JZv3A589Gt4wFSHxOYWxq,2,2
0Ja4hLKiUSw01E01pJ1yGr,4,4
0JdUloeK9xqiorsQPsvugp,2,2
0JiVRyTJcJnmlwCZ854K4p,2,2
0JjM9bKm4wrwohMslcm892,2,2
0Jo9q8aprinSXSST7kY3nc,2,2
0JqDfzUZZi86BoZnx1MPQv,3,3
0Jt4oMpZKEFRrHYBNglgzt,3,3
0JtDUkqOV5cRxTdHMXGP3t,3,3
0JtcFIgrkSagrM5JdFakeO,2,2
0JtccJIQR0zb4t2SSdsGeN,4,4
0Juciz8gOjrO89qw5KwQV5,3,3
0JvNnk5PX2XuWwB3iMG49c,3,3
0JvkNRyq8Tmot9khpdtN0I,2,2
0JwtmsNI76noYakct1EhhN,3,3
0Jx427NdYDwnsDBhpEXP3Q,2,2
0Jy4ifTBtXaLNct9rhzy31,3,3
0Jyn2SgnPMaqlrDkxCDvu1,3,3
0K6YetKSOrm4HPP1kBxtuX,2,2
0K8HZrpxySH9R001UPv8H5,3,3
0KASSQoorOGoCWCgPagJhf,4,4
0KAiWkzEGqxjZqXDT0IwIz,2,2
0KCSJzsQVxkloxoT7dyrqV,3,3
0KF5nzdiqZlxVK68MPITst,2,2
0KF7oxjAZ2upNsW6m30iT5,2,1
0KF938333oCvIXDxe72K44,2,2
0KGqMe7q6OdmpdlHtjOmZ5,2,2
0KM3fzzUBVW0vW7RmFh28v,3,3
0KMGxYKeUzK9wc5DZCt3HT,2,2
0KMayG55Y3QCYK2Yxq7qj7,3,2
0KNUb4xONAX9MaY6DdpUvn,2,2
0KOAra08PQ11mhmUCX5pJf,2,2
0KQRhak4Irr2CKxgQ9U6ay,2,2
0KRSjRi3cEKMuFhAXKyd7d,6,6
0KTJrPkd6OmBRtuBG7OsOy,3,3
0KU8W0lHfsNlH7lfV1dz29,2,2
0KbtyQ2oKJWiFJz5wY4HBX,2,2
0KcfaHsiaCoSO6U0qXjje2,2,2
0KgOCzQ1XVEkGk979fQnNv,2,2
0Ki1LxOG8z8ywTCcUT3ugq,2,2
0KiWEnqkaRBjsnOuF5w4w6,3,3
0Kk7kohYw6pxdD6EqFN6xG,2,2
0KkIkfsLEJbrcIhYsCL7L5,3,3
0KnY1aV4NOcbgZYQ3piQoC,2,2
0KoJjADAgVSFLmddvQCGpL,2,2
0KoiMHhqKLoL4xM54rcWYY,4,4
0KpTFH1SzexN8SGc0GPILC,2,2
0KpiiWS4yj7V4xkVDfYU7o,2,2
0KqEwy3JfnY6ePwdXtCAfz,2,2
0KssXd0eRu50VRoAukreZL,2,2
0Kt5AHOpQAkEsHAuPeB0le,2,2
0KyhEtQkmXfWh6amFk9w9n,2,2
0KzAbK6nItSqNh8q70tb0K,2,2
0KzvgSNKwFoUNQDBgqOI4W,2,2
0L06aZLoX6BRT0hUPh7O5g,2,2
0L0DM33NAe6PjQ1BB4cEjJ,3,3
0L3oQdYUvVbsOOPJSkZ3C3,2,2
0L7TjIdcVQaDlX3nQbMdQC,2,2
0L7lTy1aRn1TYYCTazcO5j,2,2
0L7zm6afBEtrNKo6C6Gj08,2,2
0L9JNPLUBrdshUMYzYQifY,2,2
0LBIf9EFHuxmuNig4JHGZo,2,1
0LCC2jKdlVLYW1A2kzRoRz,2,2
0LCNtzhgRDbCpcfMAWL61u,2,2
0LEsbrfyc3hIaj1uuGs7pc,4,4
0LLAn8CfkDPvzcGpXiqGqh,2,2
0LLSbgziqsZ4yOMwE2W5Vz,2,2
0LQGDAv1siMLMfBeeAdodG,2,2
0LRcXYhaWLqbs1wvSV0o9u,2,2
0LSY8Ky3xaWkACC6vNQtbz,2,2
0LZgf4LDn9hHNTtNgKhC0u,2,2
0Lb2HpsqNvADo6h3WCSxW4,2,2
0LbP2VQncT9J8ac3psAH2w,3,3
0LdrgIn0po8wRxpv2USlys,3,3
0Ley2dKfWsTgMEZGES12Ep,2,2
0LfJkvPNCNEMLpZJgDQiV1,2,2
0LlTn7ZnC0Nu3lDY2cg8jL,2,2
0LnnVrxjiXXFav6iMovso3,2,2
0LoQuiekvzqx7n8flgEKzF,2,2
0LrGGgGSxSfkDFPYDlTb4P,2,2
0Lt0cohXv3e1BoykniHBOu,2,2
0LteBf3TS8NSQISDf887Ph,2,2
0LtlhQCJl4un9g0rwmIz9x,2,2
0LvONfXemxF8eUKovfhZdH,4,4
0Lwk7mrjyrO4YjNXWXPfGc,2,2
0LxGFgMi5Bv6q3vJ0aCnRX,3,3
0LzZuy00FSeMZAf6QtUjlG,2,2
0M1A9wInEHilyWkh4I8tWo,2,2
0M3adYbGtyRHACP86dey1H,2,2
0M3rVS2aYMDiobszBYRmVh,2,2
0M6TVQKZLvsk3AVEtqOWKu,2,2
0M7kvopFlauSwmfObUPzAx,3,3
0M8c4ZbBMro9S2G65ir83R,4,4
0M8vucCtuYpN41Apt7A2mp,2,2
0M955bMOoilikPXwKLYpoi,2,2
0MAVs0XWmcO0RIqjtaMyAq,2,2
0MBBalwgK4ZZcN4JwyjutV,2,2
0MCmBvjVa6Jzo1az3uWghV,2,2
0MDRx3s5qSe0q5MwWJ5zW1,4,4
0MH5FOAb8S35Lqdt6Jjrly,2,2
0MHiYjjcHNYM9KURa6NveF,2,2
0MO1qNhm8aRZchi8CJlIRo,2,2
0MTHfzOrCXiOrwG9XbPMPo,2,2
0MY5mMChzuvL9qWKTVOfGV,3,3
0MZ6NFEV7oQSDMzuXBVS5E,3,3
0MbQNJzr6ysEjjPbL75E4f,4,4
0Me4L8eWzXf5hcofg9C1SJ,2,2
0Mg5cbRrpU5VF3tV90hmvk,2,2
0MjQ2EzoQPttOEOgkSaayc,2,2
0MnPdlWm7MSSUnEamZp5lX,3,3
0MoCAi2bKmgWIzJ6A53jml,2,2
0Mpuxn2GTE8LzUXJzIwk7H,2,2
0MrEZmX29lJCJHMeTnxRBx,2,2
0MsGeX5id3jBCMzGs8tqu1,2,2
0MtRspmmNTRJa4Ebd2AMuN,3,2
0MuNLdcYFEx8NC7ormxtYX,3,3
0MwitR6EAeWqA5tWL4uFvK,2,2
0N29rN62Oy0EgWD1U2DuKQ,2,2
0N4FgQoqMlmMPikactFwtE,2,2
0N63llGavaESfPRIZkDkvL,2,2
0N7UyDRbyHe2L63ilYDcRK,2,2
0N8d25eR5OMLON40UYIukg,2,2
0NAjsPwvBwJKs0p2RL4GeM,2,2
0NBdUCQ7N2Wm8rZgWjS5Uc,2,2
0NCZVHXx8S4964Fsy5gayQ,2,2
0ND3OzMoWDW8ciiobRGXxf,5,5
0NHBt8bp6tloebOWV3U3fN,3,3
0NHPfnQMzg0GiwbC4SF2yR,2,2
0NHg798nLYDeJ2SuMbhCCj,2,2
0NHlPYnisv4NcPCa4a6qcG,2,2
0NL7yybnhCEnTqAZZ28Vkl,3,3
0NLkVxf0PyxsXBG3EuZcJf,4,4
0NNHOCC22cpLt3fDF6t88l,3,3
0NNep3grWO95CVGp04gMM4,3,3
0NOTuMyPJpC8alL1LeIbuQ,3,3
0NWPxcsf5vdjdiFUI8NgkP,4,4
0NaNzUwgo22RgGAzt9fFwn,2,2
0NbDnRc1RKoEnMxvXpKn7c,2,2
0Nc2X53OFDIxl1F1Z5AZfR,4,4
0Nc32yu021CfDQofoBfIfd,2,2
0NcWI0my7uo4OCbqubBp1L,2,2
0NdTUS4UiNYCNn5FgVqKQY,2,2
0Ne5BxmfLXFVHCLnImpsrr,2,2
0NhJhiXqLYgc08HJwFYakH,2,2
0NkCTkOwdk3fKXGqFXZLkx,3,3
0Nme92vYmYrVGAEslR2LB0,2,2
0NmnFMWMkTETNANGpVVqyc,2,2
0Npdhq5RUQ3C5clbzOZmtQ,3,3
0Nq0igeWY9j7TtqWCYuTM6,3,3
0NsYZt7iTFoLMw3pZTQEDQ,4,4
0NvJd2TTPjkWmBPyS7duvY,2,2
0O0bttAxJKKWqAqY2Nq4mC,3,3
0O9dWZhjnYjzPqqFpj4cTb,2,2
0OAnOHYJxsMtMTZ6vf14xh,2,2
0OBtVT2njy39xf4RgGV8cI,3,3
0OBwxFLu6Yj61s2OagYbgY,2,2
0OCa1PunDKY1cfsiiD7UzA,3,3
0ODOmKxO0CKv4DzoP3HHIC,3,3
0ODu1CDUxG4UHZgiLLe1bD,2,2
0OE5nvs8Sc1meDrjN7vwBw,2,2
0OFONOtrz7Aa58TQMljYPL,2,2
0OGw7V8wAI6OsZIQ12JkTP,3,3
0OJN2A3Qyvd7pwSF0AIteC,3,3
0OKHUom3gY9xWago6Y1BKk,2,2
0OMLOChNVAGT6UlzgzLxnb,2,2
0OMN3x29KaBjSZdAv8qp3f,2,2
0ONoYJqSkvUFp2wmNvH2kW,2,2
0OQ6khsXlri2wYI8HxJlqd,2,2
0OSAJEA0ekX6pr2nuiPzX7,2,2
0OWzDem8abfJvWpQcssjIE,2,2
0OZYXc58HooMgBNWyp6cuO,2,2
0Oa9mHOnH14GZ4toWwkf4c,2,2
0OavtQSojULqejmC4Qbstr,2,2
0ObYro4HQ2PIGdQ2DMQmeZ,3,3
0Ocfpe2DnofuAd0nh80xwj,2,2
0OdhpoWEDTLsUcTNFlYkY3,3,3
0OdztoASgKBBNcAgtErk0X,2,2
0OfQVzxnO17sGMzPOaOJrK,2,2
0Og4G1o2bGndQw3NDAbwKf,2,2
0OgtJSBtTb9szRJ6yb8ASD,2,2
0OjJ4aQGfYcyH2ANGOn1LN,2,2
0OlgQYka86XhPepKdZ6xio,3,3
0OlnLZY4cmQzT6ZGttvWBM,2,2
0Om3atUNbAqVJexASXyKqH,2,2
0OoPk96TtCA3gNFT3jfime,2,2
0OpPGBkgaZ6zCWKAYXPNpc,2,2
0OpsdOxCH5frtDmBNRQDEF,2,2
0OrwGH9aeguhopTVubv0VZ,2,2
0OtL3L332F3gxSB2cuYsc0,3,3
0OtXJQBLb7wPXL2XyN2cFW,3,3
0OwEskGUqCMgkSY7JkJS7x,3,3
0OwkWUJHTcxJSxlprEGd9w,3,3
0OxDGZakSMFjEHSoQHEjfy,4,4
0P0rTrGkQMCei95omAOdQq,2,2
0P2HpJnPusLZ01iBlPG2HR,3,3
0P2MUBYmHKDkr9A6QWoa1c,2,2
0P2nclWCd2joWuHQGqof4V,2,2
0P2sfcfRD0lWw4b8eXegmR,2,2
0P4AQdNDgEdi7J8mpgY8Jx,4,4
0P4DUjSYEtoRZrOGZrrMiK,2,2
0P65lPyUTkh2rzDcEhaNUu,2,2
0P73ytAPCC75fK8uXryskh,2,2
0P92G94rnQ2gFaxuMGfKsu,3,3
0P9Kg7MUJ8ygcKSOPh1LfJ,6,6
0P9tx5S8UYk2nuoR9KCidk,2,2
0P9zZphu19AiWmVgP0zJ12,2,2
0PCrZCeNoMnHJE3UT28OcX,2,2
0PF7SVd93G602xdi8SVyEz,4,4
0PHfHk7nElZ2EX7phkuTwl,2,2
0PHnrpMPdJ5p1RYapWnkYr,2,2
0PImsyxnQ3H1P3yZRSRfv9,2,2
0PKEQjnGn0LmPjozJ3t4MF,4,4
0PLhwCmQ7cC3ThRGPn3HxF,2,2
0PMNxtgeNSmPPp4aiA4T8F,2,2
0PSIQAJChlJApVwEAkzkvv,2,2
0PSKFp3zoNmJzDsOHeLV6l,5,5
0PV1TFUMTBrDETzW6KQulB,2,2
0Pa0xSCRVO8ZIxs29XgBvv,4,4
0PeeknWE7vgcMdwzbKRfCy,2,2
0PivOoKM1sECNTsZ7K6N3h,3,3
0PjDVyVAkT8vfWD0pVmpPx,2,2
0PkBTqRtN25z3oKasWoKlj,2,2
0PrI6WCqNOZEAJDWH2IT7z,2,2
0PrJoHwj4r5x4bWOZ03JNT,3,3
0PrY0mAFI1qL7RrHegKhYi,3,3
0PscpNWPbcAXrZwgvifbR2,2,2
0Psz3az3RIYfJpnsajBT8N,2,2
0PtDNK2Q49fAM4ZbKtN0mz,2,2
0PudkgRVmrNbJblE4mDXC6,2,2
0Pxo3J0alsDbf6bZTJ4cHR,2,2
0PxqK0EMignEIxkpU3UgPC,2,2
0PyWzcDAflIrRNZrJzmYhE,4,4
0PyopHInX2qJzsRUKgNnxI,2,2
0Q24mg3fSrFI12AIqF43JL,3,3
0Q2NFVGcxTY4b2DwUDYHLJ,2,2
0Q2YGyMeeZMAvzebtxoQ5f,2,2
0Q2dRzhPWFOex89dOjbq5Y,2,2
0Q3SGTVOUX2OnKoFf9nBJg,2,2
0Q3u1U6aZno2QIC9Go10KA,3,3
0Q6D4jgYQBeVaQb5zudWBH,3,3
0Q7rV5NEoIXQ4IesaaNp8a,2,2
0QBrw0zGpCa8gKIJd2KDGo,3,3
0QCnCDbCCnKBDzOIYAoIHB,2,2
0QGTtWj9Cwf5NaNEzRDQEI,2,2
0QGwOFQChzflLAmPq5NwKo,4,4
0QHST6B9xjYappSPkG6M6V,2,2
0QIxgtgX9oV8dXua5UPEdU,3,3
0QJfPH6NVQuLEoAYRcFmef,2,2
0QLc4flxwQVhYbNhW6PCMe,2,2
0QOJABRwcIx5WfzILs47eJ,4,4
0QRxtcxL31dRAeiUUuENPu,2,2
0QSPohbvsYOEcvkHnok13V,3,3
0QSx3sQoHPNUfg2vwh5tOi,4,4
0QV3swr7L8MZr72lL2izV1,2,2
0QZdbOtajbimysXPJDkU3H,3,3
0QhzV0wGDhWvBfvTpvVL5m,3,3
0Qj4YyHTtV01Fvfl2fibea,2,2
0QmJSvcKBUsthT3qSjaxC9,3,3
0QnONzv3TvHAWk294h6DaQ,2,2
0Qnr5TKNz4vlYwlSBhtv8y,4,4
0Qo6ENwrR9bj9nKWEuNslx,5,5
0QpOqKz66ZxHNqj2PPHiFF,2,2
0QrXhLrZEQ7TT5uhlPq2nV,4,4
0Qs67RelQ1FHAPkVBUoTDu,6,6
0QsSiIX2ziSLY6TGqeqsco,2,2
0QzuaeCEEOV40Pn7IvKEny,2,2
0R3TWpoxAhT3HDXM7tpRzS,2,2
0R3lJcpAiTQWfWev8OAM2x,2,2
0R4bRdUVqTtsBARKkyxizh,2,2
0R7EWhquaAICmyE5MZqt3q,2,2
0R7d7JyYRKcuTEO1j0Wkcw,2,2
0R97k5AJy1udJI6mGV82FJ,2,2
0RAKF0lg3EvPQAKHMnsqO2,2,2
0RGoOj4wRgrldTUEzygt5k,2,2
0RKv7sebi8uGmi6EYjAWfJ,2,2
0RL2WXAISzvSDcwnwssLhA,2,2
0RMQgXHIBTsAVcaS7qahLq,2,2
0RN6m7fwBWoaudWfSdGEIj,2,2
0RNdlFw9TaimQ6syL8rgCh,2,1
0RPOy0HWyY3bLm40pm3T8s,2,1
0RRFR09sDU4CyQIE4VkhDp,2,2
0RSGPiykniIg8m7JhiAVv7,7,7
0RSX79duQOquL7uQ2n5K8b,3,3
0RT86wBrufYQZSdN852Wjn,3,3
0RTqRMNHselkQSCxbnsGYz,2,2
0RU3sUD0wsMTKSV4gvppOS,2,2
0RV56NxeOVdpNxSUarBW22,5,5
0RVmOh80HfpuygCBt2d1va,2,2
0RW1xWSPxmbXf012RN3yWl,3,3
0RZVAhyB8vhxQz6ITjiuyA,2,2
0RbT8j37JiZZbAtpJGYVry,2,2
0RbcDELsGTciLeMGsSdJAc,2,2
0RcwRKBj3hgolikstM4j1H,2,2
0RdUX4WE0fO30VnlUbDVL6,3,3
0Re4mDIlMH1IK5Tr9QArVl,2,2
0Rgi5EktdB5EFgMjU4YTnx,2,2
0RhLvAINBnJo65rZMIVdOR,5,5
0RiwdaRaTefCfqsmk5AxvD,2,2
0Rj2yNpEvXOl8yn9UOuIRs,2,2
0RmUjJteEkkF5kKdhEfwNe,2,2
0RphKXkhRYBkPDA0SkG5U7,4,4
0Rs16msoj79XTObU9iEIqd,2,2
0RsOUnm1wNpbXxZ8a4abOP,2,2
0Rv8J2jCczm7nxMurGBIcG,4,4
0Rvg8IFZt5pHS6tCv3f2Hd,2,2
0RwQG3x5q1HE0CDetUuYFk,2,2
0RxS9ewuTiHP4qWLLoNERI,2,2
0RywTYPLSmDNiVOwzo0K1h,2,2
0Rz2MaUfMUkWZR6jbhtRkP,2,2
0Rz7S7DSsiROEWR2mH5DwI,2,2
0RzEfVy07ukh7GxnwVjPmr,4,4
0S3gpZzlT9Hb7CCSV2owX7,2,2
0S4HB769BP3gdVWfe7SLtS,3,3
0S51NLrTscfLemwPv2rjNv,2,2
0S5YHfuaJ3izp775fEkFVo,2,2
0S5cs4lAkx99tGjoWS4Jtk,3,3
0S6JhgDleukTFLOMlIuiZI,5,5
0S79nxCc3Ctvs4Rnz4Ohu7,2,2
0S7KQjD6gm3cdObotzSTO2,2,2
0S8CyMHDrPEYLQ8O7oERag,2,2
0SFkKiZQ8aRByCbAWKxeND,2,2
0SFq19lgG4qbQAZaNZ3xhO,2,2
0SGC6p2Vl7AYKYWtbV1jIG,2,2
0SHa9XHwYYB1UUmgbgHuhQ,3,3
0SIBdhC8RY1dzvAumdeUoC,2,2
0SLjeqwh5iy8DZcaGNIaHJ,5,5
0SSIu4CcGITHdatDmjlA6H,3,3
0SShlR5RlMpTzifqbPnVhl,3,3
0SX6ObZSFQz0NcR5zdU7At,2,2
0SZnNcNheo7VHHdGY2cFTH,2,2
0SfIHS5x1gOCVVvnYFbw26,2,2
0SidD5FXjLY20EffJQDAI7,2,2
0Sjz8pTu8vcVvGP5rtyh3Q,2,2
0SpkyS1Q4MD8GaVcP5YjT4,3,3
0SqqAgdovOE24BzxIClpjw,2,2
0SsYlkXxZ5vkWOTsKxMfMz,3,3
0Sw7dhcGlUvIl2NkNejvmZ,2,2
0SzNyaaHr8irGzhulluvli,2,2
0T1XfLc0ZuHTlRhImDiw7w,2,2
0T2pB7P1VdXPhLdQZ488uH,2,2
0T2py5PXPCXu7DmJpKzbNf,3,3
0T5iIrXA4p5GsubkhuBIKV,3,3
0T7DQlfcadEUEjxoHeQQaL,5,5
0T7UC9WLm1LeZX46T3atqP,4,4
0T9F7LqksEkxsDyHfqACv8,2,2
0T9jZM8wQ4524KS1hiWBje,2,2
0T9tbj6zsRKLiUx06sbOWX,2,2
0TCuE3btejwV6EXbrxASwY,2,2
0TDLuuLlV54CkRRUOahJb4,2,2
0TEm33n5APQRJ45tWmRnxQ,2,2
0THcY95QscSs9NlATIgoMI,2,2
0TK2YIli7K1leLovkQiNik,2,2
0TN3CFZuYzAWQCV9N3pVPN,3,3
0TN6bFEHBHEkbnDvUjsPsO,3,3
0TNarhIeerCvP5d7W29wXU,4,4
0TOnotspiMwE2Uc2CM1RJD,2,2
0TVcPTk3MMkT6WqkuatPSr,2,2
0TYB8WJ6x4DYepwUYIvBVX,2,2
0TaDQnUX1RjbCv3liKFqWP,2,2
0Tbc2L8pliw0rkd7kqCaid,2,2
0TdVVky1bm2HnamYfkk8X7,2,2
0Ti2dlF2xLjXblvdU5fCxM,2,2
0Tjdbd83LEAWrA0atsXMDJ,2,2
0TkAuvwgK4ciIAeKQezeSb,2,2
0TkquWzzuxcrwbCWlTrKYF,2,2
0Tm5ER6IrGfmW0yZ5lkQli,2,2
0TvE79Wz3uexZCBZdoi5GQ,2,2
0Ty3wEwyel2QXCfgP3FojC,3,3
0U0ldCRmgCqhVvD6ksG63j,4,4
0U32q8CZRRo7xCzyiaZw5f,5,5
0U46JyDnNIupaAixX8509d,3,3
0U5Zq7fyxNUdTG731F4Vzw,5,5
0U6bQIAh6MCGo1xjbIIx2S,4,4
0U8njGZ9Dnbub7LyZKmFqr,2,2
0UC8Gufe70KjbA1eeP0A5e,2,2
0UK0hZ7lhXDkZdgwS9KUIj,2,2
0UKQrQDMVcKN3ngG1kthYN,2,2
0UKRw88rqIwEwG8GaJzfj9,2,2
0UPstfIsC6MffdDBDpr7Yq,2,2
0UQAkAVNk3tubJYlOHyG3q,3,3
0UQor28BlM3xdKQGAwPPyP,3,3
0UTuVzQv9wDnzFAZnEJgc4,2,2
0UV5zxRMz6AO4ZwUOZNIKI,2,2
0UWXzIfCccsjNPu6iz2a7r,2,2
0UXswv8EK5264CWxS0tLNF,6,6
0UY3deGYcjFNhWFfXvIaTM,2,2
0UY4FvG4f9JI6kBR1BlWrZ,2,2
0Uf0SvwUrf02ucIt1d0Wos,2,2
0UfbRLBZi1780FbGc07dg0,4,4
0Ui8KPWZbJJQ2Y0CIQuVqX,2,2
0UkCbvs8IqloZmWZmCce4S,2,2
0UkDQLM5G6PshSlRUWyiu0,2,2
0Ul2NGGDAybeXWU0RLnv83,2,2
0Ult84lvFuqNvbyXwyRQ58,3,3
0UmgSmZATW9Lp6VJ7iKtpX,2,2
0Uon5NsSAkBDx69XYOaQ5P,2,2
0Urt7qiCvbK3MXTGWhN0SE,2,2
0UsdtLayy7SqJ4rUsDMRk8,2,2
0UswNGtK684rqSxXFP18Uw,2,1
0UuNO0yYvsMPlyLF7RfQlg,2,2
0UvMeaPWStJGuXMe89bAoJ,2,2
0UvddYrJK4x5OWfxpSAZNj,2,2
0UwRzR2jkEt3Z9Kz0VWMDa,2,2
0Uy6mx0MvKR1h8WA0uZ5zZ,2,2
0Uyi3DHJMoGURtYihR6LAN,2,2
0UzymivvUH5s8z4PeWZJaK,2,2
0V2GX0aukyZMt6nSMxfOJk,2,2
0V52aCefKzQy0xkeX6dSlq,2,2
0V5GNdsrQlKBR1V4PeGX7x,3,3
0V64VQHOOcwC60IMRrrXFa,2,2
0V6apw7D9uDPkcgDgO62od,2,2
0V8SWgdKA0BWydzwQflZAY,3,3
0V9Uu0rto9mMxlZnjICnvZ,2,2
0VBe5Wi5e0Gc3BD1MIos0i,2,2
0VCpgkuUgYee2tWLVlSf6O,2,2
0VDbQ47H6Zn0zTdMziB0ex,6,6
0VEyOWSkQ0yiYJiMxzAkS8,4,4
0VF7YLIxSQKyNiFL3X6MmN,3,3
0VFk1Ofc6X7QHdVC9T71sK,2,2
0VKAfRlgmLswXi4WoDxW0F,2,2
0VNzEY1G4GLqcNx5qaaTl6,3,3
0VO8gYVDSwM1Qdd2GsMoYK,5,5
0VOTuhFRaKhStVVQTHkFJ1,2,2
0VQWAQY1QD9lGP2zDBSBid,4,4
0VTzUEuHYD8s7CgQ15cDPo,2,2
0VWbQje9Ad3HQmTiRb3u6w,2,2
0VXJD6Gf5pUmEvMdvgcuBM,2,2
0VYLCqCYrLo2aZ1mcdVDjH,4,4
0VYMOnSfURf4sr2AxBgZ0D,2,2
0VYTLUQUMvLHprTvMyExwx,2,2
0VaIWNqKPjXCfiv3wtKX6P,2,2
0VaMFkBz3QsRAuaek4jYR5,5,5
0Vc3nfRMdvY5iX6AHVWSMN,2,2
0VcWp30A3hSJrPjdDEHeNE,2,2
0VeoSHlgashtg5JYPJjl15,2,2
0VfByS0yA5IVEKnAZ3DWQV,2,2
0Vg21uhtzHXxfJTsLRGgaG,2,2
0VgkBIBFS2cIH2AaX45LCO,2,2
0VgtjIiWXKMxqtYnhHmQ8U,2,2
0ViUlnRMrbmuzGyqWbJc0j,2,2
0VjyKaDsZ29g00cvIywo5t,2,2
0VlvuqnBF8VRqT4iV1HekA,2,2
0VnkKcDfLPPyWTa3xIFWCV,3,3
0VpW9XAE5QC0nj4qhQ4FGM,3,3
0VpcSl7QEqVEiAZLQFW0rm,4,4
0VrqeZURszLwO3p5HpjfnO,2,2
0VsdGpccIWa7h8sYZmaO0G,2,2
0VuMYPVXdyIKcfmbMKzaSi,4,4
0VubuUqnJDOm2pD144598j,4,4
0VzBKgimNRMauaqzT2rEnS,3,3
0W0nliaK7CIiQPPnHn4szJ,3,3
0W5JUrUOQmQbTmUOQwk7vx,2,2
0W7AbEauB7cP4pidLclApe,2,2
0W7KIc2GSB9suYQAaMZ9rF,2,2
0WBKz2TSI4OEAWZnnX5Jzl,4,4
0WBoGdKqK3Hlzt65o5vQqA,2,2
0WFDWE62iqLfv494WchIFr,3,3
0WHtcCpZnoyFlQg3Mf2cdN,2,2
0WJa7QAYzg34rQ7iPXVTTS,2,2
0WK1p8CduOKInJdZcjDy5A,4,4
0WKDzn96q4kY1Bpd9ExnkX,4,4
0WNCYgCd33LnBnw22WFuq8,2,2
0WNGPpmWqzPnk0psUhJ3SX,2,2
0WOFJR54wyTwLB11jcBDb1,2,2
0WP2SQI2kVgHM7FHPQ97Fo,2,2
0WPOxxoEVoglAvhqroDpQA,3,3
0WQiDwKJclirSYG9v5tayI,2,2
0WSa1sucoNRcEeULlZVQXj,3,3
0WTc2jsUgF4Y2MOz0aYvsR,2,2
0WTmEwS0UwTd3ySVEZwLAJ,2,2
0WU1hXQvd8IVWPVAPSBwCa,2,2
0WUKrS8cEBOV5VSX6PAYLa,2,2
0WXWiXfd4V6MCkBkrUV0NK,2,2
0WaaPFt4Qy8sVfxKz43bCD,6,6
0WdbnNKO0Jt4BZACSDQh44,2,2
0WeFvEY2QEjcKVd8ymli4i,2,2
0Wf54ocGy08lcTan5klPqX,2,2
0WfOuXw05LJq4ik1lVvTzi,2,2
0Wfekmh7WebSfhly0SuAVG,2,2
0Wi6hvPJTZBKrXjmvVFtOQ,2,2
0WruWLVRU2VjPupDqBfO2A,2,2
0WrxJn5wWUgU9U2gY0khWf,3,3
0Wu0D0rtILSybiNVhkZC46,2,2
0Wv8IXRUDZOfmFJHC1VOFI,2,2
0Wv9Ckm088qsVkMKPH170C,2,2
0WzODQag2H6Ob1JPOpSYSM,3,3
0WzetzBykY3fl41dEJjoYa,2,2
0X214IiDWGaV68nzAnyGZW,2,2
0X2UPsNjCpCvu85Na3WYcB,2,2
0X2rK2dB3aEGw1KOK0ioAL,5,5
0X5L64QO8VX9nUgI7Evti9,2,2
0X5nCsCCqboEL7AbvyxGuS,2,2
0X6q6lE4evlnpVKozjg5Tm,2,2
0X6unr81shIRDbdW5aMFSM,2,2
0X9MmC3La4fWsaceYFHwWK,2,2
0X9MxHR1rTkEHDjp95F2OO,2,2
0XAivVlq04RdaO5FpIUcm3,2,2
0XCm6GKaDufW9S1LPNOUnI,2,2
0XDo1WmF8c70NuTZcMP2FH,6,5
0XFS1o1xFNTpSkbRh6FihK,2,2
0XGoyjSeijvknIjO2E0QmR,2,2
0XHWClSz0v6RIaRSGqJH3X,3,3
0XHnYbXteyBDfVvk9EGaPu,2,2
0XKN8MWK5LE4u7syOMQtv4,2,2
0XL0s4kLQaFenAIh98ZtMT,2,2
0XLZqnVwuqsvl0WbZRStel,3,3
0XMl0fVTh3PyPlwyJTn33n,2,2
0XNNUvtKF1YA6ycZfN57El,2,2
0XOoWlEiKzyF5VS4oh3Yb6,2,2
0XQ0VfbS6MeAaf73q3LHHy,2,2
0XQQeSs9On3NNv6aHYRwBD,2,2
0XXwP0EmpOEqWxcL9aSreJ,2,2
0XdLUGUaamRJax90fTO2ob,2,2
0XeHdbeP11lIhahfoboRse,2,2
0XgmLT6nDInA6w2yxpVsZh,4,4
0XnHIhm9ppEHHDSRESdEcV,2,2
0XnSNm4QWL6OJ6SVCKGe8U,2,2
0XoDkl2Q5pKCfjSe7Woxr6,2,2
0XsYX3MLhyIW2nmMiJjGN2,2,2
0XtWpvgfM8ImPG5Y6a9te3,2,2
0XtnjngdyPgVxb9qXBUeJh,2,2
0Xus6HrrWoNXeT8l0prJ3j,2,2
0XwRlvv3KlOu4HWlOH34XG,2,2
0Xyai3VqkT2sujXvF58zDQ,2,2
0Xyy5ASa9iuqIgzH2mY9T6,2,1
0Xz3DTcdZI01mjKfNZrsC1,3,3
0XztcW5BuUDPV1TpFcDJb6,2,2
0Y2v82GQsomVCqnfWpRSg5,3,3
0Y4ipB4nBIZA3dWUWcoeLB,2,2
0Y9EKPArIZ2DKUMv4O2BLT,2,2
0Y9PqGjKgupH5fKbrgDQUr,3,3
0Y9nHU2Fhl76LHbRRmNQ6X,2,2
0YA54Q5Z2dH2Booh2GLHhY,2,2
0YAMQSmHk6BSUGTYpaoqTJ,3,3
0YDN6l78yWjONsP22OjKld,2,2
0YDQpShCechcqniNUwj05e,2,2
0YEgVqBmj14YWgv7w32Qm4,2,2
0YFPw3rQR1nSeyd3q0uY5h,4,4
0YG388x794Z8C0CEDc9LYO,3,3
0YHRPEBjZrfg2LHpMObMZn,3,3
0YHuruiHL4Vzna7jeOdfJt,3,3
0YIn7WsGky3S0ugXcRaBbR,2,2
0YJogBxgISDK5cTI0U6dX1,2,2
0YKl5wq8BbvZBtgabzlc5D,4,4
0YLSjVxSb5FT1Bo8Tnxr8j,7,7
0YMJIeHuCkeZMMo7vaz8u6,2,2
0YNtAadZvKBBEFARtfoCV8,2,2
0YPRVJzRmpp3UnejEGaKVq,3,3
0YPn9Bz18DuzsMp2DhwF36,2,2
0YZEYxd1oiqZRFhnnmTKKi,2,2
0YammaEkYSeo9vQYZ1OwS6,2,2
0YcJfsr91XXLiSapSQbtJf,2,2
0YjOQE1HN5tm60RXOWKUnm,2,2
0YoQlQpZ8igWtXsS5K7ztJ,2,2
0YolgGK84QuubeLxZKCNRD,3,3
0Yr1TfeacyGFyDe0aWDla9,2,2
0Yrt9rwqeKfcFnBgiRKxIl,2,2
0Ys4J7iim6STsGeLmFLWIo,2,2
0Ysepw3QUt2pyKvsBZ9PGD,4,4
0YtUhW9p7E0DgU6bFzGxLF,3,3
0YtYAaCp626cLIDyjB5bcS,3,3
0Yup6SQDmHmYKG8Faigkqk,2,2
0YwBrYaPYYc8e18ZYkqhJc,4,4
0YwqJeTUyviMJw70jRt9ET,2,2
0YxrPdW9NpNFtqh7Fw0rva,2,2
0Yzg5gttgeusAFIDCNPR77,2,2
0Z1WCUZ5NGzVt0s0XzXGMi,2,2
0Z51sIImtvHFIVomgeS1R7,3,3
0Z5ok0QLLttAKsujOZYOXf,2,2
0Z99fGWbeZmwNuWhIlpv2o,2,2
0Z9yS8hMAZ3cNeavV0KKpv,2,2
0ZCJLp30rQp6O0Rf6CDeuO,3,3
0ZFq3raMFdXllZJoTbBRnQ,2,2
0ZIq8sPbcDqIdlKf24VJ2q,2,2
0ZKOjWGqV7vHl9WKOtDb5V,2,2
0ZNYGrmcehorhh9JOeg5Iv,5,5
0ZPfoFzZ4qmdyzYmG8whmn,2,2
0ZPl9nB62OHQNMdLphpyps,2,2
0ZUTV4cvtNiZyMqqQstT8f,2,2
0ZVlFLp6Yl9nHhAcqMzmS9,3,3
0ZXdzaT1k688dkpNeEgQiV,3,3
0ZYuaNa0M0XVimhr8biOmX,2,2
0ZZT1LS2Y1CkOQqyGTb6tx,3,3
0ZamEnH0D9EvQD1GchY21Y,2,2
0Zbbxnx4SGGHoIow4PpISP,2,2
0ZcXuxyTSaAQF4PzBHuuk4,2,2
0ZdyCcW6uUOBjb8CQvyg3m,2,2
0Ze1fY5EP6bLJjPJMRfJKw,2,2
0Zh3tKIphLOvQux4dA6PFZ,2,2
0ZiO07cHvb675UDaKB1iix,3,3
0Zj4igNaBPjudrsnVLTstx,2,2
0Zj9TB27KLWpixW7WFRx6A,4,4
0ZnlE3PfamXPMCsT5wr3sK,3,3
0ZnwzjB40zdTZrEwPvaRqG,2,2
0ZodhAcRJFd0AqfiRdiuAP,2,2
0ZtrTzAmOEtzxtn8TK9a1S,2,2
0ZvgXNstN4o2ZXPomtBYVp,2,2
0a0ojBktF5aWS7Cdjf4rTA,4,4
0a1UxIZ5WqPWbKHFa5zbm4,2,2
0a3AJFCpS0aGv5hRuLlu6d,3,3
0a5bri0S23Mx2e62v2HsYU,2,2
0a6zRnrjmaOcqsEIFkXIhw,2,2
0a8JnrGsVJstKtEzJCnGgD,2,2
0aAzBVTjeTY83SlwoWCEfv,2,2
0aD8W0ChzDgEKpB1zsJ8zv,3,3
0aDTaI6pxKLiy0vcmHebZR,3,3
0aDYFH1mUp20pLMb7Jkusb,2,2
0aDYbKm7Cwe3rkjihsj7S6,2,2
0aDmlpX3WPkh3JPVy3b1KC,2,2
0aEOw9HUVwEThZ99eVhu5b,3,3
0aK3Xgv9CRa9T62PXLG3fX,2,2
0aN7XuveoF2xUVJUJgPVNy,2,2
0aNzTtCyoLhlXtATP7bcHh,2,2
0aQAxk0VUa03yons7PZjS1,2,2
0aRRSSefDJck6aSOf3Gi20,2,2
0aRjYFawltapeyNgIKTNZC,2,2
0aSSZ1je1cXpIWZWZFcpu1,2,2
0aSXJqJQStp2UhSJYndLCz,3,3
0aSdsoufzNzGKFkRTkBYzM,2,1
0aWJ9ou23XRDm3THyhrHGC,2,2
0aazeVE84t5DJ2rAuDB9Mz,2,2
0acGt1Ozv8kZtecgsU4Wlo,2,2
0adOv7C57abcznr40leSHx,2,2
0adVktNVJXPZfhQe6B1NO5,3,3
0adZjn5WV3b0BcZbvSi0y9,2,2
0aeeDPnPzocdl2htZwj2eE,2,2
0aeqKlSGQgi6Dwr87N3LNq,2,2
0af3GhyucTRdd7T7Jmlbbv,2,2
0afzkvZmb1oSEEC9tgDGez,2,2
0aktpJHZ4Qd3GWUKKvJq8C,2,2
0anw2y6ifCI7QS8Cj5Ph7x,2,2
0apCPw4wHWMtW3DPR6Aou7,2,2
0aqAI4VP1BZzBzYHbPJQEi,2,2
0auAM0mRTL07NNoeCK96sS,3,3
0awuNCj9gwJEM0seER22DW,2,2
0ax8NVafraj3HnfCwvnHK4,2,2
0axnhwSiZbfnSSpTHss0W8,2,2
0aym2LBJBk9DAYuHHutrIl,2,2
0azC730Exh71aQlOt9Zj3y,4,4
0b18g3G5spr4ZCkz7Y6Q0Q,2,2
0b3y0JuA98NQ2Z0WlC3hPW,2,2
0b5CzUhyShYuDdtW5J4wm2,3,3
0b5L58Bor5ic69eJQVUcsb,2,2
0b6ESy6omvvTR8jza5esz7,4,4
0b6YJvYoOLT6aXWru8ckDX,2,2
0b6manFaiKDoW1D6rJ7epd,2,2
0b6wdul3A5sQNpIOv03OxP,4,4
0b7odBgkNQa61UjaqMOinQ,2,2
0b7qBgsDlYz5koxoIdTZTe,2,2
0b9e8puk2zpi4ioDPWg5yx,3,3
0b9fULR24FUxNnT4co5GWA,3,3
0bBd6K5X4W7t9GyXcaVOA7,3,3
0bCGYk407DfAJOiOM5ifi6,2,2
0bCgcTDkZ1RhguEeuUhZ9k,2,2
0bCs8cnCjM38ZB01jCGOFG,2,2
0bEKqlZOze95J2a2ICZL3F,2,2
0bFNFX5VsRriuzu8Lju99i,2,2
0bGIiqXgKcQ2zvGc5PVnXc,2,2
0bI7K9Becu2dtXK1Q3cZNB,3,3
0bICb3YSdsgg0lIYPr6mvn,2,2
0bKs1y9PTFBddM9qj0JGvb,2,2
0bLVDkyW3CerShOscgxxf9,2,2
0bLavFKcMljHzTJAx3sHNS,3,3
0bMAWV9DDN2fllpvCtpzWl,2,2
0bMOyiuk22fAKiwNoYsRYN,2,2
0bMhnnw1SbmpGUWs8gzuIv,2,2
0bMzCNqq4U5pQakqcyfJHR,3,3
0bNo9xPetAFAw0sL1rpIuu,2,2
0bNxdr2hiuRVA66Vzh6SzY,5,5
0bQKnD3a7BzOTVRhWpcF9n,2,2
0bRXwKfigvpKZUurwqAlEh,2,2
0bT6empnTxGJlNQEvDaGWr,2,2
0bUgTRe5st6TMbRCEjKezX,2,2
0bVekIoRM4Z133jFzeykR2,2,2
0bVtevEgtDIeRjCJbK3Lmv,3,3
0bWAjywvZX6qiyy6R0ocWz,2,1
0bWSUYv9RvJiMzPj1tc5QN,2,2
0bYsT1b741xstgFwe4WoKp,6,6
0bYvdNi845GUYxglTkzXh1,2,2
0bb8X5e0tSxO8in2CSjJGl,2,2
0bdsLmlWCuTmFUoW4kswvB,3,3
0beovTlPSpPYSYSTtY9Wpv,3,3
0bfAKG9tA9d6ExXSSJ5Gtu,2,2
0bgP0aKOxvdFxB2EfDrulY,2,2
0bhhXULPNfCsVhZp35HrC3,5,5
0bjsMl6oNTuvem3dvX2tDs,2,2
0bk4vZzYmtZlKOltolZ7Zo,2,2
0bkW98npv8EsWQ2fXFzK56,2,2
0blRKZuaGlLtbdo2wgiIK1,2,2
0bmp0lE3ArELHqda9PBMVG,2,2
0bndF6tTweNXPjwpPL7Slt,2,2
0bo1p4mHN913d1MgixiHLo,2,2
0brBOuaQqOcpwVIL0lnucD,3,3
0bt6PVHT4Z4AfZLOpGtVi2,2,2
0bwGll6Mwm24fW5m8TqLQp,2,2
0bxBXbMWl45I6GrA7yleeP,2,2
0bxzpYJUngfWvrMk9lJlMb,2,2
0c0uFehhA1ekbQmqZ0HKeb,2,2
0c1rZSPk2AtPkcfjfsU7QB,2,2
0c8GzzMZ2ua7ybYhZvp9wX,3,3
0c9wSzwT33NaUlJNy1z0jh,5,5
0cEBv7oJxFp3bfTFqWFI0R,2,2
0cEUrAqLYJafXksIpIBov4,2,2
0cHFnnobCebrFG3PlfOkiR,3,3
0cJPLFrlV7TTCyPLupHzcH,4,4
0cJTjTH3XVTTJh8F4Uq1db,2,2
0cKk8BKEi7zXbdrYdyqBP5,4,4
0cKx33I7DYZkEPcZVIgrEB,2,2
0cPYboOeyD49fnnZBSEEZ2,2,2
0cSkn2l67csUljEy0EEBPn,2,2
0cVrLxeQjiAcftuGzp32qY,2,2
0cZPaB4GUe0mfx1KXr6FBR,5,5
0ch2Kak83EQfELghu7ATRR,2,2
0chYhbmecFWGmfysKa3vO5,2,2
0cj24kRZd7uRvX3QRVT3qF,2,2
0ckK8I9FFJDYV7LJEHZLSy,2,2
0clS0Pwyo2JDfnZIGK2GvW,2,2
0cocZBknjka59p58FOdqef,2,2
0cqSyvAg0a9qpcdHjSX2qw,4,4
0ct6r3EGTcMLPtrXHDvVjc,3,3
0ctlOXCRfpjRUkBcQxs3nu,2,2
0cwdoL7B7fplkIltOt92Jj,2,2
0d1ujEcFwTqA4kWliTSJim,2,2
0d26bU7v0Lc69xWXu5wRIq,2,2
0d2iYfpKoM0QCKvcLCkBao,2,2
0d3Af9Y7sK96ZCmh0On6d3,2,2
0dDiL61IhX9p8e5hjsuiK7,2,2
0dDs144SVansAFynvKYQMW,3,3
0dEKzVr89cnGpcucuLkB4i,2,2
0dFUaAHamG2p7Oh61tkHBP,2,2
0dHogHUS4xgLOoFBt0ko1j,2,2
0dIipTYASaFwX1QxVrVFV7,2,1
0dKg2vGC1hFqcK5LGTaKzX,2,2
0dLbrlAVPPjpPqnYfmJsWk,2,2
0dOg1ySSI7NkpAe89Zo0b9,2,2
0dQfSf8Fxh5npCsCv6R6iQ,4,4
0dSTbC1TcahlWOZV5C5OhI,2,2
0dUOr3rkkH19T12jRCxjUh,2,2
0dUbhFM18NyBDDpiktEQLk,2,2
0dVtsfDQqMuhoSfjYS67Q7,3,3
0dYCJgr3TJjvdQlViWmdKG,3,3
0dYNiMZm5bNu7ap0EQT2qD,2,2
0dZXp7d6kc2aX2RkUE68wc,2,2
0ddbXUxKVScdcSCcPeVVqm,3,3
0dfxkucAK6HIqSbLhyyJvr,2,2
0dh1X0wdxSZoaFdDddVhPF,4,4
0dhpQeQ8LR4UEp9gugrITU,2,2
0di1fFxZ2v814evMbAvnzI,2,2
0diSnstejl46AiNC2ISoeW,2,2
0dkV8DuMfWAVhfi3iMnIX3,3,3
0dkvbYmXYEPK7gGMdytmfI,4,4
0dlTGl67UFWcKupzkxZYOn,2,2
0dnHVBxgteUkmV8EF0fLhc,3,3
0drELAs03gcKSI0V3TKKlw,2,2
0drLWHcGw3j6xZKn7zGJ7X,3,3
0dxAvCV7LGcGIJQZuqhmgL,2,2
0dzKBptH2P5j5a0MifBMwM,2,2
0e04lBPbavsLvJ2Jm6SsDm,2,2
0e0UxWGgjXoYAYUFhJgwji,2,2
0e2IcGybx5iw1Iv5mTX7H0,2,2
0e3yTHRm6szezE58oTf81t,3,3
0e5LcankE0UyJUuCoq1uH2,7,7
0e5PAxSyZ5DWWVqKANHETz,2,2
0e6RXd6MAv6xdvHriDc0ud,2,2
0e7oJ8jq3JUKSMAHPfvV5l,2,2
0e8fTfa0ZKCwOi2UdULooT,2,2
0e8nrvls4Qqv5Rfa2UhqmO,2,2
0e97YxvNd0lumnc2PeavJq,2,2
0eAZj3pd6JoZPYoyhTh1qp,4,4
0eChv3249vAoIl9oVlDPSP,2,2
0eDI4488gNLeA7pssOZHOD,2,2
0eFSShjiDlp5FUspruHdJ0,2,2
0eIeQTtVOtGopW4AjpU2Bj,2,2
0eJ4rwYdkIl4Dz6hY2sNhJ,5,5
0eKdJWDjubf1rbyCm0D59b,2,2
0eNfURq0r0oNSwFyw1VuVT,2,2
0eS2jQVzLptiDcHEV1N9wC,2,2
0eTEepUmb7THZj9bOZJx1F,2,2
0eabdClGMPVwX7gJ8ilNke,2,2
0ebKW9n6INwfvjta2I9VUk,2,2
0ecW7IqLKhzKTPeqLSNc0V,4,4
0edRP0RpOUrjHbbGPSYzaH,2,2
0edtKj1oW6rJ9f4wRtLPPH,2,2
0eei3Q3RLKtA9HkvYCQC7t,6,6
0egeqq8xpExQHfPNuXfNfD,2,1
0ehkk1gZnBnh76pF2SdIPu,2,2
0ekuaPp7dcww2tlJsa3imW,2,2
0enpXoexykNrhU70vXlDWk,2,2
0eo4fC0SupodlnCtQESLXz,2,2
0eu4C55hL6x29mmeAjytzC,2,2
0evYoPRWnnQ6ACNC0LJPul,3,3
0ewK5oKOtaMnSjpzB2jFUC,3,3
0ez17BDxctWVhtAH0bAR5R,4,4
0f0gfm6wHjhqrBMHBn9Ajr,2,2
0f2489MzoisF9pKduawvce,2,2
0f7TvXMUKeDDMyVjcGFqFm,2,2
0f7a6m3AFaFM6uSG4PASl0,2,2
0f7ifN4vXV4z2C52POeDQT,3,3
0fC03FdOBaQRcE5gqo3Cwu,2,2
0fFc6B373n7kxHdNewITLQ,2,2
0fGM6yMJ1swPXt5NI0GCdl,2,2
0fI7AW2As1UGXw1tKw5Fey,2,2
0fIbPMXnTdyuW2UirA9mWQ,4,4
0fIseEWVWQNJPq2pqYrjvm,3,3
0fNjlceNOHc5q5oaOfmhFR,3,3
0fO7XrdPkRXe7k0TzII9Br,2,2
0fPW7rsIvbUmXPpUib0zIl,2,2
0fRLrGPX88oWIXMMt68GtR,2,2
0fT9IAbwcA2zHAZHvKR4MC,2,2
0fTUNF9d05iOUPZk1uFG4R,2,2
0fTiDOXRNEN0lUeYGoSHml,3,3
0fUF5bxAbaEkZeRatGvnG0,2,2
0fVDu1evgjX9CFD0cmuRrM,2,2
0fVFCYmtlOEEA67aS1kL2A,2,2
0fVHcGda7Mszbwbf98rdwK,2,2
0fVm1yh9WTofuyCTm4FxPk,4,4
0fWnYPFk3Qswkg7MmM6Q8z,2,2
0fYVliAYKHuPmECRs1pbRf,3,3
0faXHILILebCGnJBPU6KJJ,3,3
0fcZ3nL9h1PV4mZKngBYxf,2,2
0fdN1fuFWKKACOGnDJmyiC,4,4
0fdsAOeCtXHyjEra16h3An,2,2
0fea68AdmYNygeTGI4RC18,3,3
0ff3846wYbdNnwW3y8b4vH,2,2
0fg3tcKxZiPI6n5dZa8Dy9,2,2
0fgSNUfZsTNRpTZyRUA6cE,5,5
0fiD988Lhtj9NLQBaxmHnI,2,2
0flKOLkgpWup1pH16EVaPO,2,2
0foCYfdIVahzQlj6H9ym6x,3,3
0fonScmHUzC0MglSLn9saA,2,2
0fpwJ49EPz4WbT5W4SWmUS,4,4
0fr7Nl49mFbf6nXXca6YwO,2,2
0fsLV7k09RmzVvqpcfhDUF,2,2
0fsnKLCITu2idEAz14vlWZ,3,3
0ftQHCFyMVXCjiwocMJNzi,2,2
0fusqEZznLhqoNNdHllbgg,2,2
0fxglD52oLxhKpVv2od1x9,2,2
0fxpHpK3aw2nFWII6yveDD,3,3
0fzGG9Lwf12cA81Rmqlmvd,2,2
0g2zW7vCyWkUJg5aQjOwi7,2,2
0g4YAv5RPE4PdIzYqy692o,2,2
0g4fzRkbLeCDUCoe5iUOcf,4,4
0g5EKLgdKvNlln7TNqBByK,3,3
0g8L4DJyzH7CG0nPqGtNlR,2,2
0g8gKLBFY1Y16Zyrc9fuKA,2,2
0g8uG7xyXaE0QSH4kLRK9d,2,2
0gBtRrMYlHoToeVB3cstKs,2,1
0gGxAg6gHz9bnWeDLWV2Wm,2,2
0gHFDbhx2RFBrhJplPxlcT,2,2
0gJBPDy458wPeWGHei3TvO,2,2
0gLw9CHggtOhY5RVzU6Gsi,3,3
0gMj9uQ1ybOY0FBucNnsiY,2,2
0gOz9JUXsaKVzLTSmFDtdo,2,2
0gPQTLaqHDgdupKEok7J2x,2,2
0gPgdRfB4jdGrlyXS0Vx78,2,2
0gRNu9dVzi5aC87AI1empZ,2,2
0gSMzRurJYqu2LxAJFMc0V,2,2
0gVtTa42rQFm2gW1uGSxKu,2,2
0gWL4D2QrLNVtFSWa1rI9q,2,2
0gYcGFMdgipfimvC5KvYdm,3,3
0gaMmmhGi5buPXpquSAfxg,2,2
0gaZi6J3Pk7FG7GNMHsK5o,2,2
0ganZjtkMwkoRvYQk7te7h,3,3
0gbTWyqIQXC93BTXxmAveK,4,3
0gchQwxmBWj5no8NJ8b2yH,2,2
0gd50I2gKioJ59C827EdAY,2,2
0gd85OZzAQWqq3VJGimuy3,2,2
0gdt4Gs2hRmOm7kbKXhXVj,3,2
0gkJCLufpKEvz4hoUFqxBw,3,3
0gmV4mbtJsmveGlVAdLGho,2,1
0gmbgwZ8iqyMPmXefof8Yf,4,4
0gn93i7HJt0calph67R5Wu,3,3
0gplL1WMoJ6iYaPgMCL0gX,2,2
0gsBQy8Q0eWlR67xDmoWFw,2,2
0gsPInjPU6qsGGdLnpgTHD,2,2
0gtZ8DwXXeqGTc09iFWRBv,2,2
0guiZVF0xABgLze9ouscme,2,2
0h0nV0TANrNwoJxLnCILoj,2,2
0h2ZSu1j6YFsGj85eSyrI4,2,2
0h5D9uxuZRAfq6qMMX34vN,2,2
0hAIs32U2SmJcXymlcyF8h,3,3
0hCs3bYhNhyVVr4Fy60awO,2,2
0hD0KWK4te47pXBRJXVbY4,2,2
0hEiyrHSHFJ6ElC5xGpyEB,6,6
0hIEAMMiVHPW8QvZ6r25U5,2,2
0hJy4BGWgVsqbrYGoyMW2y,4,4
0hKRSZhUGEhKU6aNSPBACZ,2,2
0hKSnTDiSC5Uwz6XaWQC7A,3,3
0hKa1iXJRQMcpMELUojgTI,2,2
0hLyTrqT51f6gTxRh2sG9T,2,2
0hNPo5brQ2MLlrdVKZfHK9,2,2
0hPjv7ShJQkoZM8JiBnTqa,6,6
0hSMYFjDOvzULFrOtmC3s6,2,2
0hVHUbZZNeRWw6a2gT1SvE,2,2
0hWBiQZZ7btfzKoMDUUHCH,3,3
0hg4cZgvvYIdJG6sBukiyl,2,2
0hjpo40L9XPirSdaJZOGB2,2,2
0hk1UCickTFX2RuLJtSsTf,2,2
0hopQjlj7hNsE60RXFl1V9,3,3
0huiFyRSfBMAcFCErjxbiL,2,2
0hulgYglBnlZ6a1uaiJYIM,2,2
0hwn115SSdnVqoom1qggQF,2,2
0hwr0giW0okbMxvOx0bXYj,2,2
0hyklxPQEAkEE7TmW6fneb,2,2
0i1Ufj1rDsH7UaHbBn4kR5,2,2
0i20Mg4mcYjPfk3E3upbvs,2,2
0i4TchavjPYnQYn10ddEZZ,2,2
0i8JFpqe9cKwnrcvoNgl1L,3,3
0i8hZtitr0g39rmvb24KJW,2,2
0iArjUPsvxGaap0XEQBH9B,2,2
0iGaInaGb447R9BM9whxch,2,2
0iHvpSHYsp4tSrYlvgEh7l,2,2
0iP3AAzdzUG3g8iuFcW4bZ,2,2
0iTpQYzJnYgh7kIxyq8A2O,2,2
0iUVV85Q1PAenDqkwfbycd,2,2
0iUuCOGuE6aeHjX0GarFC9,2,2
0iVuYZTxkkJrzfp56doJ91,3,3
0iXLwnLmLwn9y54JtBTNxY,2,2
0iXS4bcrxxzwEbwbtw8cr5,2,2
0iXgloyi8cmv3fTMTUvkK5,2,2
0iZq53rxJMgd4SeGFH86Zo,2,2
0iajFCLXYYqX2XS6q4ptsF,3,3
0ib6BPTVVoBiEfPUsfFKXj,2,2
0iffHBKKs6CWZ4WmltlFXS,2,2
0iiwZzWwyrjhXrYqHPLWPI,2,2
0ikz6tENMONtK6qGkOrU3c,2,2
0ilIUooYDYc1WQqwCpv0VM,3,3
0imIUyJusF5SD8HMaOuj2P,3,3
0irTtcKzsy7I8QVdoGWv77,2,2
0iuRYmJA5Oy6GF3wpibS27,3,3
0iujTWTgmqgrc6bXxVu9aC,3,3
0ivAXyBo7oud7Xkffq4aLG,4,4
0ivLKBfGyP3cUiPy4mN9Sm,5,5
0izUjTuDrUy2FgQOSRALSU,2,2
0j1oGNwg8VVosfPezkrSni,4,4
0j2BydmlwcMqffV08hFDyI,2,2
0j2WBxWZnWti5TpSxjJvPb,2,2
0j2eKSvuS4psRyb5czaEee,2,2
0j3d9PDB0QDkXijNsl2gLk,3,3
0j3p1p06deJ7f9xmJ9yG22,2,2
0j4C1WMTpJpTwIYyquYDah,3,3
0j5pajJcigjdwO4c8ZS19b,4,4
0j5u1HPcFQxKDJQ89zwOFn,2,2
0jAbBolC53vVe33ouZ7D4a,3,3
0jDjl6u73NHr2WhzoeEwQ3,2,2
0jGNrMFSke9iI1pmfWbvft,4,4
0jI5ex80hYYbLQsX3G5Ze7,3,1
0jOSpB2zK2O0SNxj8ZT5lp,3,3
0jOnZhF75V68VsBObWx2XO,2,2
0jSbXIEAlr1ZathgE6rlnm,2,2
0jUkLKyFGm5vjr0eZlBQcs,2,2
0jVo3e34A15l6MNu1O3cfa,2,2
0jX6dTvc8U8Nevz7XBYjzR,2,2
0jZO7p0nBUi9VHedWUBS9l,2,2
0ja80k9GL9aR5IZ79tQHVX,2,2
0jcnKiHDwgcgBUokWDckX9,4,4
0jdPUGPxzjKB3A4qqflyMH,4,4
0jdfbvSdaWvxfAlD20TtNc,2,2
0jeFHISVpw1dgBOdM63SB3,2,2
0jitsmziKMI9MpzENnB0Tc,2,2
0jkGkwy510cvhy0jYPFme4,2,2
0jpH3aJTsu8PNTHO5TzWPv,3,3
0jpcPKLwQbM2YLO46t7fHk,2,2
0jwIgZRcbW2VjYuCbhKnX5,3,3
0jyk4jjgm4j1gUqMg4Z7Tw,3,3
0jztNko72GBF0ZUkatu08w,3,3
0k1IaASoGkeLoti8XbaKaJ,2,2
0k1vngPsfE62PogE2ntq3d,2,2
0k2GOhqsrxDTAbFFSdNJjT,2,2
0k30CIxipiw4Vx0NLG6qqk,4,4
0k4d5YPDr1r7FX77VdqWez,2,2
0k6STIQ5B34OwdUEIBzXql,2,2
0k85ZZv3XNJ9dL2WLlZGuI,3,3
0kBx3jLYQlL3oTUI3loBug,2,2
0kGDEDnd3OsvIq7zyLo1zG,4,4
0kHwTHf8ye0mSd66pwcrEN,2,2
0kHyKhJMukHEPfeh8s7rdM,2,2
0kI9yiyBUK4eiDz6Q38XXu,2,2
0kNkyCg59tcaSGyoC2ByTX,2,2
0kdIImE10HocARiLPkJmQ1,4,3
0ke4LdLYRcNHY03nlYyN47,2,2
0keNCZtbWrvhO3TuDuyUni,2,2
0kjhON7m0xrGhhoOaC8OAE,2,2
0klYM8Q5GK4ygCJzukdsi3,5,5
0ko0sZ5hNieT3LRq2lOGl3,3,3
0ku6jfwJvvtXgoZcpubwy7,2,2
0kuL28JVeWVO86sXrCYFar,2,2
0kykvs5YmjQlqQnfdjfvfJ,2,2
0kz60VCKOQrGfv7fpHqwyf,2,2
0l1i3nJ4aDMk0inxnvzYTz,2,2
0l3p85cVj6FVQ2Nh7l94sr,3,3
0l3vdIQRC5YVOb5XiCCZgt,2,2
0l6b6fXyv5BHHoJizlq2De,2,2
0l8p1TkaVgcwIUS0xwm6Y5,2,2
0l9BjXMUwxN8QHmD8n7hFF,2,2
0lFWwbunLKOYOl7QZrhesY,3,3
0lFbEWKabh3xYmmrzp5bLE,2,2
0lG6QM1jjbbX5UUn3DPmrZ,2,2
0lG80MwXEbuJyCXHX6xnJ3,2,2
0lJ8EaAeHeBux57hvDaQmM,2,2
0lLTbeEw41SxRHGZSEUZnd,2,2
0lLom788MgNXvKTj9rQ0Ua,2,2
0lNdaHuRYi0YVNPWW0F7X2,2,2
0lNqNCVlSxOCKmGgGu2UJf,2,2
0lNr0bkRupchqckGeSMSpZ,3,3
0lO2a3qNbYiWXLo5p2QoWY,2,2
0lOj8NkloHAEbGQtk1OlTo,3,3
0lOk1COnPBSFGzg1Gt5IBa,2,2
0lP3xJ4fWWCh7pN06U4IWr,4,4
0lQaP3ttoUjMprcvRu3yeI,3,3
0lVp0ajGZ2huxjV0LjnLI4,2,2
0lWqNkcbYNZpik6AjywkNm,2,2
0lWsB8RdihOrwXTNZ8shIe,6,6
0lXrKeeEkBTAi7GFF5NZRa,2,2
0lYBSQXN6rCTvUZvg9S0lU,5,5
0lbe1bIqb5rR1czdQP6fTK,2,2
0ldzDKNON23ajcssPHjTKH,3,3
0lhACxwxX7shlAhWuQyf9c,2,2
0lilgvafSkWOEiTaXKBQew,3,3
0ljEtiprW5mmX5AN3EzOxb,2,2
0lks2Kt9veMOFEAPN0fsqN,2,2
0llVmVvhhn5vS5OdiYhq8C,2,2
0loZn1c5heXie7OAtvK6nH,3,3
0lomGfpo9wzuh043IDmT7s,2,2
0lozAj904nKA5sb3C6aAPu,2,2
0lpDlWrV0Cw3eGGvPU6d3R,2,2
0lpTXkROtu5gqXw531717s,2,2
0lpYmhJ6gE8VjmztONLVhs,2,2
0lpdGobBIXUFiPaZpDR1Bj,4,4
0lqgo6rIBS0nVsvppZC3Ay,3,3
0lw9uF9EXHY06DtbTWa2l9,3,3
0lxZo8brQB2p9tCCOUoGmg,2,2
0lzwqIfqmTXRl5mpM6zSiY,2,2
0m39QFJPnMbaouXbeqau1Y,2,2
0m3DrWZvSJBKBdcJsTmjfy,3,3
0m85o7Xiapkqe39TV6fMOG,2,2
0mAswKg3RCbmXAV4KYTUxM,2,2
0mBP9X2gPCuapvpZ7TGDk3,2,2
0mC5LcnxUMlZ6brTHxWiVD,3,3
0mHU8dcIvGrGDazLMmQpSg,2,2
0mJUxFpEI1eAOIIfnNoZ4G,5,5
0mW4qfi2vus7qErr9jAeFJ,5,5
0mYYcDy6DOPfmI9TpZWyVX,2,2
0mfpgk7oDsLabYsuaUK3hi,2,2
0mgemjoFwLPN0VZzFfEBN8,2,2
0mhMSxIx2XnXCF7PDLjUGG,3,3
0mhWzxnu2RmZBBVqwUiosE,2,2
0mjAU3yKR1QnXnHtjGJqTM,2,2
0mlp9sYi9O7f7xYalECbFW,3,3
0moqpuDhgttCjbCW9eYtNq,2,2
0mr8FAnN9X70p5KRUwMIJx,2,2
0msUPIvKP3q9itQBMT4mYd,2,2
0muK9BAzu2TJXQgWPsEj6e,2,2
0mvd1e01EQ5DuOELeypHKf,2,2
0myb1jWdq3o8KH85NVgFIx,3,3
0mzvOHsVWF1NWXbBbN6qtW,2,2
0n099xB2P5c2ZLDazd3dgr,2,2
0n30h31bEKiIHXXzPbkdqy,2,2
0n3sHHfdOq6Awix3JPe3xl,2,2
0n4VMosDis1qIFjSZl9gdi,3,3
0n5ZqJlvj8IzEh0v70tTKD,5,5
0n8XnoVsyOULS6fbJOJqnH,2,2
0n9OEnwslUYp35GIPC4gV3,2,2
0n9lAjWZ9NLd1ZuAC6qa4k,2,2
0nDGgXV5oI8TdAmWjUx65l,2,2
0nEeAGQIFWf7xadpqJmywu,2,2
0nHm0hPOwDYwwCbZUs0XKv,2,2
0nI0q4NuoOIskGNRizI6vs,5,5
0nIr30RF5GZRmJWp8IBLpC,2,2
0nK8nFLgGsNtpB6o1I8wt8,2,2
0nKhpvNOgd6Ix37bSlJXNe,2,2
0nL9R8UslLX49eij3eq1Ro,2,2
0nLiqZ6A27jJri2VCalIUs,3,3
0nR17tnzpnWBFKW7EGLxfg,2,2
0nUKU6e9COOCgO5tAUtlST,2,2
0nVlGxtlkx3IX8HEuRo7BN,4,4
0nW2wq9wJr4ZYoG0RXxanT,2,2
0nWIJZr7nG6WOw0r4uVPNS,3,3
0nWhWuaLLCcJS0D19np9Cb,2,2
0nahmW6ISvPs6sputOLzHH,4,4
0ncgj6yTGzZ4GwX2dbXAKE,3,3
0nejfXN5tjdICWIdfakXWx,2,2
0nevM5K8CCJOTbAcpOS1Js,2,2
0nhpEyfRlP20GR75sJfMRJ,2,2
0njcc3OUJ1Qqoxz9fyYctZ,2,2
0njuNwIyB3DoBHC0SFUkOr,2,2
0nkzd3yNniB767zSDDdLZ3,3,3
0nlxkDzyZPBFxaFQqoNdYy,2,2
0nrCJPLsvZrV805zb6FUbh,3,3
0nrRP2bk19rLc0orkWPQk2,2,2
0nrWZWkJM62ftQJSI8fDc0,2,2
0ntQK6z2qRozTOsCPMyJJE,2,2
0ntQOeCxfO9wuGJXFv5D6d,3,3
0o0K36GEbmIjHs1HzbMjNq,2,2
0o2lMW2T77pq8utWLQ4b2U,2,2
0o30XkI520zpdZIeSRaSXr,3,2
0o7a5d0ArD1f1Xwt7ld8EM,2,2
0o9bHFc8Lt5tZFvTjNZTNf,2,2
0o9t52kMt1yNHE0IDmdu43,2,2
0o9zmvc5f3EFApU52PPIyW,2,2
0oA9wBGDY4uyILLg4GymWP,4,4
0oAksCragvUN6QRcAIMic9,2,2
0oBGGKIGiKItmAEoGpKZgD,2,2
0oCNRAmwLo4zHDpCKpjQtI,2,2
0oCQuhmmHFK5yKUjRKLHFB,2,2
0oH94EuqPENzurxBFyiggQ,2,2
0oIbkBXuNKpRGrePp7cAeo,2,2
0oJkB8jrA25MQdBq5z2pMK,2,2
0oLdHGk4fPMd4TBXMTKEed,2,2
0oNMDziM8JjAo3Ec1KD5wi,2,2
0oNzFzjf5eDRnvpGe7u2r2,2,2
0oR2mFp2QwxuHCuMHot6HQ,2,1
0oTb9Mja359cFo49iAi3S8,2,2
0oTqkG52eKcJ8WVVurBK38,2,2
0oVB9LuiNmXn4hA8ShZU9B,2,2
0ocZq6BzBiJf8tbA3nvQPF,2,2
0of5j8ybwjDJCSaGjN8KJn,2,2
0og9wKFGgFFNQnrBe7eisG,2,2
0ohKYbf2MXFdUZoYyPmELT,2,2
0ohRAI2OS61ulh4cJs4i2e,4,4
0oiCeOPwm4zhwfyIpAE37y,2,2
0ojpEubhy4JNeVftmVuiN7,2,2
0ojuDHW8XG17heZBJHQyXJ,5,5
0ok5QQWUBwRjVJFI7CyDA4,2,2
0okaDpkRq0rpIuf1dC0VEr,2,2
0onLNYV4aYuSQb8wPxR0O0,3,3
0ooaQGSWjhcuhsDQHrnL7t,2,2
0ooea8ptVQNZehNygA91ng,2,2
0op7p4Q6gFh44KKeTaKocv,4,4
0opflBNj8NQehW3Q0oXueA,2,2
0otlwsD3mSogk7VJCTp6Kg,2,2
0ow0OPJOJKhvFvWyLqcHFJ,2,2
0owmJNkGcGNq4hb6qt3ufd,2,2
0ox0AhILvRzvOLXEAgNSdQ,2,2
0oz7Ia8lnWttkXi2TBc1Rd,2,2
0ozGUAz5IE3DAWoe7C1kG2,2,2
0p5xEJ10MMJEGTuwJbngbn,2,2
0pAiyIHt9DyHOjWgF41kp6,2,2
0pH9ckmrcCM6O0MTart24w,5,4
0pMqxVqhkyRGPeeNqgsLS8,3,3
0pNeVovbiZHkulpGeOx1Gj,2,2
0pPiHT8XglVRTaxg4uQZBp,2,2
0pQRf6Sxz1qT0VBykFFCN7,2,2
0pS25QJ0g83B2OIu9je81g,2,2
0pY5jjQucjJg3pqAbHhGkW,2,2
0pajd8NaHR5KObOsk2CqmZ,2,2
0pbZX9CK1W2iIiUFJf39wr,2,2
0pdKRp2sUthTPe7RLWpPqQ,4,4
0pfvIu8AKvwEtd88Qvse8p,2,2
0pirokrbgCxZ0nvZsl5qEU,2,2
0pjuZ5AmtQ5u5IGl0kKLAJ,2,2
0pnmUYIstjsVeJQj3wEHGI,2,2
0pp7ZaS8BM0t3iB3DzioJ0,2,2
0ptp588U1JQUDDgCF2hYX9,3,3
0pu6Ruz29xmpiMpSTyFnPb,2,2
0puqSsCdrsmI3HRlpRF5SB,2,2
0pw2SQhAtP0zblvVFQfr3n,3,3
0pyjqTGLsrg1r6m5YR4tuq,2,2
0pzGsgrMvEtHZW6XzpY6Cs,3,3
0q0blWBIHZZSMgCISWdBYC,2,2
0q1EaeaqfLBLqRvlkSbYi9,2,2
0q1pkKvBMInZxxUzjuIrdf,2,2
0q6ty9Ga2ebtTKa2C74jrC,3,3
0q70RaQv1UpQjxINie2CQa,2,2
0q7oMII7kWTj1ZSX6GT6LU,2,2
0q7u1QUZmKDTTa4WekSLST,2,2
0qCNtI1HdiTlqYbaYySV8S,3,3
0qH4xYxCrvqO86YyLbkTrB,2,2
0qJGlogD7AyMLAJfQ42aI2,2,2
0qJOO0qpBFmR1vXf4rMRuj,2,2
0qKpwaNffHcDjHkAN0BAXd,2,2
0qMip0B2D4ePEjBJvAtYre,3,3
0qOCy2LqvdkMora7eZsJhQ,2,2
0qOnSQQF0yzuPWsXrQ9paz,2,2
0qRgtkRi15K2osfLIvcHEs,2,2
0qU2ukOrwNTkA9mB6bb1DJ,3,3
0qXBEvyDJ9bSPKRXJ0pMxy,5,5
0qXSq3Tmf72L1MtAK8c3YU,2,2
0qYivybG83m6eGLqPx0dr3,3,3
0qZfhc3NDoeWKomjWX3DBU,2,2
0qbV4e18lWrTTxlswVoLbI,2,2
0qc4QlcCxVTGyShurEv1UU,2,2
0qdQUeKVyevrbKhAo0ibxS,3,3
0qeGdBTMsG8arBbybvH17q,2,2
0qf2iUDfPDtrLeJFmOvVn6,2,2
0qfLPsET328ykxctRCU5JB,3,3
0qgrrDnUUhyxpxbBznUnzg,2,2
0qijcGA688RH4Ef544PuqI,2,2
0qjhMbCmCSZC2f4qohgcxa,2,2
0qjstg4kewevPiMlXQo32R,3,3
0qkqKBRv8FJKx50yyI9B6b,2,2
0qniD6tjpPcGN9imRrBWLg,3,3
0qo1JukfClmpHnUOJxpFXi,2,2
0qprlw0jfsW4H9cG0FFE0Z,2,2
0qrJmDNacWUc7zGLI1o2mX,2,2
0qrKITWO9wo7ubKE9a4OGZ,2,2
0qt5f5EL92o8Snzopsv0en,2,2
0qvdnUqKlWB0HXjOPco8vg,2,2
0qwMoAstkTXlWE8lQJBRzY,2,2
0qy0ztFoAFgfVPL3VckSmy,2,2
0qy1xNhQvnRhEpvKxdXYUR,2,2
0qyMrxLDdU14grB9GWndxa,4,4
0r0F6NEGEI6JFGfhtWLSYC,2,2
0r18bT9WjOsecZfmUhjSmG,2,2
0r6XY7ScWS0aahvfeiQBqw,2,2
0r8pr40vuAfn5s67TBCpJP,2,2
0rAkoZQWinRO4jgX3DUXZh,2,2
0rAuw3mWHHQZm5iczkEJHU,2,2
0rFWuqFgHAfuzE8uSB9TWR,2,2
0rFdbImiFCvAY8jD2aE391,2,2
0rGKn11s2zrmePIA82ldEP,2,2
0rPTPahzhGx9LSzI8XX5OM,2,2
0rQ8tdqo81Z3dOyHTvGR3h,2,2
0rQV8yyM0fjQmZjlJnIR7Y,2,2
0rRiqKn96pTPGn2HgO2zaG,2,2
0rRjGruFonCGOt0S5zAJNQ,2,2
0rSpu20UCvDF2BE2tNx4LF,2,2
0rUFpKZFlF6bCv1P4pfzxp,2,2
0rUPzRvt6Pyl00OveAAqVU,2,2
0rWLHJnMyJaMFA8x9l8AT0,2,2
0rXUq0QEtQg4gRvd4EPHGf,4,4
0rYFCbRb25YpQ7fx2Gnr6v,2,2
0rbbxIeycN5WGoYWryIlWx,4,4
0rcNf0wPXamRUP8xHDOGae,2,2
0rch4LXVKv8auzUU8TQh4x,2,2
0rerkqLNTgHXpHP8NGEaeF,2,2
0rhRmyfpaAyos7Euzh8ztl,2,2
0ri0Han4IRJhzvERHOZTMr,2,2
0rrZEWfTf2M35ZWcybDD2L,2,2
0rwES3EzICSovqZsrZpImi,3,3
0s2Zkseo3fQldECdroC5wt,2,2
0s7LZdfEIdXJPNLfNsKQXF,2,2
0s97PfWCq7L0GDTNk2xDfp,2,2
0sBJA2OCEECMs0HsdIQhvR,2,2
0sBW1wri8FQX4PsCmyF0Pm,2,2
0sDiCaxE8xmytubZFTqLK2,2,2
0sHrMYAINrZIgGgA9pr9YQ,2,2
0sJ4NbFdEhgLOtInlbRmFl,2,2
0sL3zN9Gce1Xsq1ypFh1zF,2,2
0sL9GKpJKZRngHncF2r0Rg,4,4
0sNKiz82ATCvT3f3XVVUUj,2,2
0sNVZAkLao30zLfzJ9mbPI,2,2
0sRAXMfrDR9eg5jgMyjp6P,2,2
0sSapNABKrGwgaMhn0p8uL,2,2
0sSjIvTvd6fUSZZ5rnTPDW,2,1
0sXsq8sJa2yOdyRiLb5lgR,2,2
0seSNElilcmQH2T0gY5zyY,2,2
0sfQW9kNtzBfFBCpN1p3c0,4,4
0sfZaySLY1p3e2YhRpZ1Ef,4,4
0sfgF2kM3yrZbkLmAbjSo6,2,2
0sg2tsm1SRoCFbTCdRoJL8,2,2
0shbXiYE9omMUTnGXvpZOi,3,3
0siYMEsGrzzzlWLXK5zJfS,2,2
0sjxRg1VlYfx4YG7uxurrq,2,2
0snHlyyyUp2hKYEz7ffmkx,2,2
0snQkGI5qnAmohLE7jTsTn,2,2
0snhTvHSZ5ACrvdcVWeCDS,2,2
0snqXhYtZExuEtkdehmzhe,2,2
0sp0nxA6rNqYC4zmRQT24g,2,2
0stbF4C1ACmIvx0aW81ZXa,2,2
0suLngfo7rJoetk7Ub6N8l,2,2
0sxddMFGPvBbgEUBbSFiDh,2,2
0syWP6hExPrVVfq8yVL0oa,2,2
0t0MLcNjs7sM3K6teTLpFv,2,2
0t1CW2tjQq45DEdo7thJo1,4,3
0t4Cj30e0YENYFhZ3ED7kG,2,2
0t8rptID6gfVZ2oHat2Omj,2,2
0t9OqmA9tMhVuwIMyjvsN6,2,2
0tAFy8LVdMQgW6A6Nq7olS,4,4
0tBbt8CrmxbjRP0pueQkyU,2,2
0tEAGQTo2PXnWFKn99x0a7,4,4
0tEMJDCK6C8F6MFT6AnWz8,2,2
0tHcXWIYt99GY8BONrPIfA,2,2
0tI5iMOH9l0724yqazuw5v,2,2
0tKjVEJlX3IZ5L1rEJc5hh,2,2
0tNLlw94DIrCECnp0dSUUz,5,5
0tPyKRyhswSCMlOfKbR4Au,2,2
0tQkPXwYjxpC3FWSAuFPqg,4,4
0tQyUsejipsHr5BEdx7wLX,4,4
0tWAGWvw3WWySN5fXfW1jO,3,3
0tWAW1X2zdHuDn70mRlNTE,2,2
0tXo9d1J9y5KkeypIPfp1q,2,2
0tZ3mElWcr74OOhKEiNz1x,2,2
0tcDhdxX7DVeuqhHCJqWuR,2,2
0teZhueymP3jVU4AXSqpkM,3,3
0tgBtQ0ISnMQOKorrN9HLX,2,2
0tgHIZlb1corln6Mbe7zFg,2,2
0tkBOcK7oRVXQJY97zzSvr,3,3
0tkwUKjhuBA5UuA95JY2bU,2,2
0tkxzOtc2gvIueuXNFLyfZ,2,1
0tnMpHtgVUrSfMOrtIhhmy,3,3
0tncVBZdQYMzn2QB6SIIJ9,2,2
0tngt6JLxGR62PA5cLPTNH,2,2
0tog32XyW73PlwctgUE503,2,2
0tpwqQhdfJXRcUDSNRjb9O,2,2
0ttfJZcKq7E7NcIldlogbn,4,4
0tvPnYDLySJL9g7OHNJeyb,2,2
0txb2qyDV7sVBLv2KvtbW2,4,4
0tyR7Bu9P086aWBFZ4QJoo,2,2
0tzAYfXvSyKfXJm9YqS3SM,2,2
0u2WxM0Jw062o0XyNv1RDT,2,2
0u4cP9yYgDFaWqNo32PZzR,2,2
0u4rkpmNtgcFxYHepnVF4v,2,2
0u5K7xSRTLnBkeERwTypzN,3,3
0u8vLdKjqe63Lrs8bTw6ka,3,3
0u8wprNfOdcWpUlWnfMcpP,2,2
0uBdQzKghx88d2Lp8SLFKJ,3,3
0uIBkp2PD4PnEkCiEwUJW8,2,2
0uIYFHlplgxgrJDD7XgMt4,2,2
0uKKDJ3L2ayyhrrhT4iI9v,3,3
0uKrhHBDUQ4w5fv4qwOubP,2,2
0uQDZlrvOS4ZuKhJulZUdO,2,1
0uTEaevJy8TUD8MgzuEOc5,2,2
0uTfxpuGPeb5xvkjduxQT3,2,2
0uTkVCAf8PxMo8NJ3tFYzH,2,2
0uVrPeEM1Q02sbGA3zJ3CC,2,2
0uXKvyCtukUSVFfHo7YFdV,3,3
0uXnFu9BRS1kIKNFi8Z6NJ,2,2
0uZ14vmYf9O5LirYjN84GL,2,2
0udDJIWbHhgSIbpZavxm8I,2,2
0ueEe8r1yrNBTx0jQgejqe,2,2
0ufcuftmmSD0iWt75nn9Oy,4,4
0ugJ012NKkZWS2G2Smdwax,2,2
0ugllpORni0VVE6794ADpX,4,4
0ujFmyKkSXQnlVMBz4plMM,2,2
0ulOkeffvXAADiep778P4U,3,3
0upL5Y9SejKeu2vXyTDpgB,2,2
0uqFo6F9DppKZtwm3zhG3s,2,2
0uqjxFoxuxd7XAA0YN55OM,2,2
0uukw2CgEIApv4IWAjXrBC,2,2
0uvIZmM4QbKrIBWcCTaBNe,2,2
0uyvc0R0wJ6Fu3E01UtlzJ,2,2
0uzruYGkFgeSevF5kaWq7Y,4,3
0v0ObuYk6XIghHURqaaZU0,2,2
0v0pc1lIt5p6EBX7pnfOGF,2,2
0v0xgDXUyJyncvdscSpJvr,2,2
0v1XpBHnsbkCn7iJ9Ucr1l,2,2
0v1vufjir4OE4iRckLMoLd,3,3
0v3WyEt2g04WFpfVwcnfXm,2,2
0v77QqHiZUvfJkCk2rGRqw,4,4
0v8XbO9kWfjN5Fv7fRvYXn,2,2
0v8tmDMQrTMavluubqAJo4,5,5
0v9JszVQes7SlJ3UKqkdt2,5,5
0v9efJ1lA4yhp3P2PLNKqM,2,2
0v9mFL6DK8xiyJWNPYjXca,2,2
0vB1pgTJie4BLnE5Dl0lJO,2,2
0vB4Vd6PtkJSEnWsmqATnZ,6,6
0vBWwc6LnM7mhg4GZjhqNv,3,3
0vGAY9aloPKORe0R0KlfGv,4,4
0vH3ZghvyoUSZmMNL1dTls,2,2
0vHfVsEe6Ps0d8cZ9PGzSw,2,2
0vIVLPuiWbtufH0lnkY1Zn,3,3
0vLQABRBWnZHppXIcrnHYL,2,2
0vLuMiIbpTMlq4TjMisGS1,2,2
0vM59xaWz4IuJlsW2Cni7X,2,2
0vMr3GXZJi1IIIWE8bBJuZ,2,2
0vR2rIVORmgeKiGIgNT0fV,2,2
0vTEksNDRuJxDMLOOgn0fA,2,2
0vXE8HKTpzmE6uB7SLTt7T,3,3
0vZ97gHhemKm6c64hTfJNA,2,2
0vZCG0H9KhtU7K8MEUVAoV,2,2
0vb21Y15llmTPEqw5m7KAW,2,2
0vbLlw450iyA4eiJoB0pd4,2,2
0vdNhG2CoWoBM1UbsioEpV,2,2
0vgIkHFK8wpogVc1XCi18F,2,2
0vjTp23Jg2cAZSq9x5GlxK,2,2
0vje1g0dkLILsDpxXTcBaJ,3,3
0vkjPQ4zBBXcN2tpGTpKBv,2,2
0vlXeqFl1qgL9fkq1wnPgp,2,2
0vnYHWczAoq1PD1Ff6dUGI,2,2
0vo0EYt5TGEoaugzQIVa5p,2,2
0vp09QgBhShrQOL2w7P8k4,2,2
0vp47IigZ7JVQ89jDetO7H,5,5
0vpLgxoX2cpJM0Fvxwbw84,2,2
0vqgm9EiiiF9HubKsWtEyZ,5,5
0vrubfVLTbMi3GQilZaiOq,2,2
0vvKVl5nawPkgrBrCNJQNh,5,5
0vvyFtnV7RAy8JpBIF7ffA,2,2
0vwFmuW1yhn30SxU7l9m2a,2,2
0vwuwEWl4gyO0IdxkbLoBd,3,3
0vxlqUrmgsiyAWOHaAfnSK,2,2
0w2emroZUEoocjdVbK5F69,2,2
0w3Q3VFdrYzo24QUIGnBNy,2,2
0w5Bdu51Ka25Pf3hojsKHh,2,2
0w6KXQRbURk23AtKn3q5Wr,6,5
0w8HCs4mEIH9sGtZASV5bJ,3,3
0wEo4mwfs6tXYgCem9m9wP,4,4
0wGrTrI43CKmfzbFNNhftb,2,2
0wI7QkCcs8FUQE1OkXUIqd,2,2
0wJMDTFRqqzYfBu1LbNBeY,5,5
0wJoRiX5K5BxlqZTolB2LD,4,4
0wKeObS2mudRny1hzoq8tu,2,2
0wMGxaOeu5zZfbx3gWctMx,5,5
0wNf3Yk11625KJ6mDkEjzu,4,4
0wP19iM8ULJyV0r0LFDsDv,4,4
0wPLLfMuqG8aH8xCVAe4I9,2,2
0wVQgxYjooyzBL1c4rjfwv,2,2
0wVjZVd9dwTdaHmtypsNr6,3,3
0wYVNC09iLBVIqHB07Hckt,2,2
0wcEUeOslMI8dPB7QjUMiW,2,2
0wet4UoyZTBkgywjEUs4IS,2,2
0wf17wsLRwnnfh241GkeH5,3,3
0wfP2B33qCSh1ovHsmOhNP,4,4
0wfvJwWZ1ju6C6ieGQI9hW,2,2
0wgC0qJgCGHdA5H8bauIK7,2,1
0wgMBe5KO3Oz1gWWWdhT5D,2,2
0wkscODHkDKzOU21rIgHy2,3,3
0wlDUClcs4OEQb7DLhlSHO,2,2
0wnHWAY8fMWAeuBUQcVnzr,2,2
0wnZAXlg3CPUgAKFQblzff,2,2
0wp6ckRomrGJq2fD2CFOQE,3,3
0wpJR7m3gGrywZbmG20Oai,2,2
0wpcRLephj4UkW7QDeu7tc,2,2
0wr1v0WSbEnmOm0B22yYHz,2,2
0wthcJKwYDqae4FQwTlc3O,2,2
0wudSD7pYVahoABgwBVsnA,2,2
0wvBJDXwnRtHGp4NL9hW2L,2,2
0wvIGFIgbyz4JNwQhZgTv2,2,2
0wwurbloAiMd8CcLUuZJxB,2,2
0wxGIpOZbDR4RGy1sh3XhR,2,2
0wzRcekWyVCSyPtlPOeJau,2,2
0wzThSEGQOnrGtFnyxGSMZ,3,3
0x0iBUW3dkKC652ja6RNcc,2,2
0x37bUHqB4qJrJSr8iR2pO,2,2
0x66nbDEEZtWx4qJdILucR,3,3
0xAq1IF0WA9321vHUUP4yG,2,2
0xCaQb8CfEuBCBZANmpf5b,4,4
0xD23i0X1WjqMSYIxRfO80,2,2
0xERMvJD8djz1ZBjPSRLvM,2,2
0xGnsciJBQYbMQUSUAFZkt,2,2
0xSqHQ5wv80hNkpU50vPc7,2,2
0xTsllHxzqwYrsPUcruf72,2,2
0xTt4ZNGExjOuzHKVHr0zN,2,2
0xWBhH0LfhRiz6P0LJBpk0,2,2
0xYP7bTGK7N3F3P8y8harU,2,2
0xaKeBp5xP2o0fsPr9iDDH,3,3
0xad4yuDkjVlI53EIIkoIW,2,2
0xbMRcMFqxJq1Wa7tvWPtn,2,2
0xchuOuU0MqjKaUrzIPrCv,2,1
0xgdVxRQS6s35MtlrN3P4C,2,2
0xjwF61ise1AWqdIEuodb8,2,2
0xkGTPTijMU84dtHr3KQQi,2,2
0xlsIZWwkErSWdDn8X3JFV,2,2
0xlyMQ56pZAoGuLCs7GH90,2,2
0xmWQKzc5m9rLv2ucDWxwD,2,2
0xmj64EuXxYxGXbpP8M18X,2,2
0xrkyEMkG4dVa5OMLQZOX8,2,2
0xsbEfKgnxpXs1IRAbEnUY,2,1
0xsfZgm2hJrJfflKHwAVU4,2,2
0xytfctyaudqnrQujHIz3s,2,2
0xzI1KAr0Yd9tv8jlIk3sn,3,3
0y0sGn9Q6DehWp0mRujVy6,2,2
0y1QJc3SJVPKJ1OvFmFqe6,4,4
0y5ZLV36KZq52ZGfkEgkcA,2,2
0y9HijI86urtAmbpnaN8ty,2,2
0yCWDaAgOtg6TKlNCg9rwA,2,2
0yGEOYpUwQfR3Bt6rPz4lK,2,2
0yH7RR6CPpidfHe6KD15WV,3,3
0yIBJr118iSEQz8L2SxWQj,2,2
0yJYYdWIQ0VR1Zz4CAweO7,5,5
0yNVFu81jqC3eAGgxLpddH,2,2
0yRvriGKbxXnFSMlULVczB,2,2
0yYgUPbdBnA4TmYOiD1lLc,2,2
0ybDYDwTq51aP5pSTtbep1,2,2
0yc6Gst2xkRu0eMLeRMGCX,4,4
0yciGxyHYjntJNmAj0ObzK,5,5
0yfEVvAJCc5KWMbZF7yvLW,2,2
0ygvZpFhwpSoQl8mw5d4jg,2,2
0yktt2FVBf1uPKzORvlXiv,2,2
0yowbJnnbTLpr99f9l1uba,2,2
0yqNGfESkxfNgc11ouwykd,2,2
0yqrhHrcWLMjBylHReDN5u,2,2
0yrCxEoGU4cV3CGr0sc65J,4,4
0yrlRdgnfEFvk5zlZ9yCKy,2,2
0ytvsZOerGzUWfHXVT2Sgy,2,2
0yuJtvXsapVOQfNDYxQ5mw,3,3
0yx5NqfsUHUqkcPSyRiGa5,2,2
0yxKN5WPYU5N5CZRA9PbB4,3,3
0yy3WShigK5eqAmhS4aRwz,5,5
0yy8QwH9OOgeF3CBeUDguR,3,3
0z2Avp7PJ31q4Cvp7GyH3R,2,2
0z31CUJwk1u8ICIPvsD9Jy,2,2
0z36xwxw8zG1kBtQuZNYMU,3,3
0z5EJolHD3zV6W17tigtP7,3,3
0z5x3VmmQ7cyTeOP7VAf3T,3,3
0z6BBM8lek2dzvnuIOX1Wx,2,2
0z8hI3OPS8ADPWtoCjjLl6,2,2
0zAP6dNWTxFl774n6qjWNO,3,3
0zAk27oGo3z1cKjX8Q4aj5,2,2
0zEVUnFsZBYnKk2goNUWQH,2,2
0zFComc9VzjCKWm4PSbIJk,2,2
0zFcYzwaLbJAhg7bvSVavv,3,3
0zFhoECet3vpCJ4xACjPqK,2,2
0zGLlXbHlrAyBN1x6sY0rb,2,2
0zGnDcTwcR85dMKmhftA0C,2,2
0zHZSO80CTxNtvtRhveHRJ,2,2
0zJbt1VyUwCmUXyo8tSU7r,2,2
0zK545STj6P7qbFSpCK9pp,3,3
0zLv81RNFByXTZ3wu91y1R,2,1
0zcISkfQxGkJHxpziO8fu6,2,2
0zdzgfhY18Au7dD1hOrTrX,2,2
0zhGFpuiYroEopRgqD04F5,2,2
0zhxUjkXag9iEFccaiua4a,5,5
0zi6JoI0lSxdb9yboxWSZU,2,2
0zjORbo98bRxMmyS3wzeKW,2,2
0zlaa4AmbFE7MVDijsyD9Q,2,2
0zmOnwMT92MMZxfE04TbKt,3,3
0zmrF4iO4zaaJKQ06Yb6GO,2,2
0zoGVO4bQXG8U6ChKwNgeg,3,3
0zpEpdoYYyhBEwgfsxqVVe,3,3
0zqBZqm5czQ3A4EoSdKFHj,2,2
0zqWV67DuqFzLXiLJsAk9Z,2,2
0zsA45R0SQPfqC5TyDOqY8,2,2
0zt8GJzgYpifvQugGDiuTk,2,2
0zt9Ug83PbMEkJBgSpwdqZ,2,2
0zxgHGktc814fwz84UpFLJ,2,2
0zzVTGyRrWpQu8Fr28NRAv,5,5
102rhgJ5PEFt62e0PumSF2,2,2
104buTcnP2AsxqB7U1FIZ4,3,3
106fpyAO4qjDIA1bcaXp6N,4,4
107K6xieSp2ihzoA2vTv2q,2,2
1090OWoP6JTpYAaSSEBvGy,2,2
10ASBwZsp7oUUDsJEYz3uS,2,2
10AsRVRdU07cMAFHeGYO3c,4,4
10Dtu2doQALRkGUbZj4WxT,2,2
10EpXLXKHmNSVKvX7A5hg8,4,4
10F7heFOB5AW5YNQdJPKnq,2,2
10H73uxnyBpBdBXJxK8OVO,3,3
10KfeBlwx6L5lTwqlo6mA9,2,2
10LCC2yUHBXPoGLRoOi0w8,4,4
10LfH6Hkt06jYjXo8FGecm,2,2
10Nmj3JCNoMeBQ87uw5j8k,4,4
10P1Cy36hugYDFTZPCE9Bk,2,2
10Q3ASy9okYt85040yV46c,2,2
10REoqlHqSR42l2v2ZKwTJ,2,2
10SRMwb9EuVS1K9rYsBfHQ,2,2
10UmwJAOxFM9XdTp6stN1i,2,2
10V96IBSJJjZPAS4fcKEmn,2,2
10VHztYhhjtQfvzNjlLFbx,3,3
10W1EKevoLCOrlDeXOM2AX,2,2
10Yob1C4unUkR7kYChPAJs,2,2
10d4n3B7NOZxxPs2uEBIDE,2,2
10dvxvLEh54eOaFr9bvofG,2,2
10ek2hmSZSB1MxXTSLWV78,3,3
10hG4ZlpIUGvcZESL6Uhxx,2,2
10hMM5nsZQf66ldBlgWBfG,2,2
10jeJCMEgaKWHHeDL1bJJl,2,2
10k9teyEyRep55WEzxz5oc,3,3
10kHKrWmrGJG1J9xO8HMDi,5,5
10kVkdx0enQ9K0b0INQpPM,2,2
10l4eK1EkaXCV5xHfx0jgd,2,1
10lP5x0csV13P1aZyLYADs,2,2
10nyNJ6zNy2YVYLrcwLccB,4,4
10ohUdSA7ZKCSeulKs1ciP,2,1
10rChmECwPcvTTj4w07hq4,2,2
10sfOEITbOKbwrChws8lyD,3,3
10tEYe2Rj3SExl0zS2HrDP,2,2
10tWekrcBpZ8Nh3vHZxYJY,2,2
10twrq4TUN6ThYX8fHTlab,2,2
10xV5l9nhLvFpR8mqzs0bL,5,5
10yCOAQyCTeG42AKEKL0sl,2,2
10zfQIoFPJJLTz97BTCivL,2,1
113xf7t4qNM7038YJvauik,2,2
115R7u3I6ICJNKI6ErESlp,2,1
116H0KvKr2Zl4RPuVBruDO,4,4
116TL4IRl78Kj5qXMyMwSw,2,2
1170VohRSx6GwE6QDCHPPH,2,2
1173MC1nfbaA5h3kEatH4R,2,2
117gRrOjnRkMCgWxNtDNSv,6,6
11BAVEGi1ivJ6JWLqKUNrZ,2,2
11BUFxLtMAVUtJaTnNK8Ey,2,2
11C22pEpoh1voyOsZ1SdkX,4,4
11D34qsYDowIcDVzJaHz1X,2,2
11HWKbhBZTW69ZJbAXlFVe,2,2
11LmqTE2naFULdEP94AUBa,3,3
11MSEhq5iXRC4mFgezdaLs,2,2
11Ojp7JniVvwd0gmgvyKkd,2,2
11TK5KLtLZUdKr1C549bAw,2,2
11TQiyteH2AdJKhxraxEKB,2,2
11UF6aLWbnCaWM0V7CezX9,5,5
11VwZwNF29HrqwalYUMitb,2,2
11X4Gw3T4hoktVruLgTnm1,5,5
11ZLv1ZO8hTOkCZqkQ1qCR,3,3
11eWp7aUhs9RShuCrnglDc,2,2
11fNLqDB47gMKj7BHhR2Qr,2,2
11iIikXxC6NP0Ma8vMD27x,3,3
11iiMB7TmFTtaXT4YJAltw,2,2
11j7AtNPZNq6BUQhAYrWvC,4,4
11jMqNuaE2vTsBBjESguoL,5,5
11jRCxY01k9jvCdUru0EeP,2,2
11lFSEnkj3810ojPLj53RO,2,2
11lz5IuUrg2qVuNrGPRVq2,3,3
11n8LudggXuZXmldSlAadR,2,2
11oOZ7gWk06lQxZeh6styk,2,2
11oRhYmKwkh6iUTC521TSk,4,4
11puF5deuvztUHvqNPu0Vr,2,2
1235OqEAiQvJp7jAmc96dN,4,4
124JkEAQHd3zW24qAEcgbw,3,3
127PerKvmbU6uTddgKjLJg,2,2
128BW48JmONhjYQzUUwigC,2,2
12AJRjW79qbZktCDpMifs5,4,4
12Dov40hSJdrgS5uHGKNP3,2,2
12F0tVmsEciTq6HImEbE2k,2,2
12GcQC9YI2VWwPGxnmrSlJ,2,2
12IT9FwJuLloQ00BBqrqh2,4,4
12JXx8U1YoOyvjE7BJy5tx,2,2
12LOYGBr0T0IqyuhEILYFh,4,4
12OsvBfOiDALF8VjMtYzQm,2,2
12P8gSLA1zX3GqKjyAvUKy,2,2
12QphPukpWDR9w1iimddfP,2,2
12SNxpytVKahQ25nOTpbFX,4,4
12VpUDWl8YJmLiOurn081M,4,4
12WLT3O9PvyLDPz65JcWmk,2,2
12XAcd4rKXY5S68laQxJu1,2,2
12Ypr3PCVJ2i7Uwz93q1Vl,2,2
12ZIRTS8x9RBgasDg3q27J,2,2
12ZQDjdwqcnLjYPehMwZ9J,2,2
12b3bKEbdjtL1Ga0n3ybzK,2,2
12cG3BUpk6PzLAzWK0mryO,5,5
12g9IeQzX7xECLNxz8dpb5,2,2
12gp9XggBAImRaqz7ASv9u,4,4
12gyCnkTZFvPoF2vJBbKlK,2,2
12h3MmGaan0abls3Xg1Mpy,2,2
12homE4JpBey5cckgoepR7,2,2
12kesp5ZvTymcKMcTdKLPH,2,2
12n9WBfLII5EdQFzQiQFqv,2,2
12pdXFcruNcPUbZypKUDgz,2,2
12q6GsWqd3fWonMJUxApFi,4,4
12rFRyTy1MVZI1EvFbI761,2,2
12sPGeSWgxY2zpPupFYIrZ,4,4
12tw0TYIJMf1bowLBYWqTp,2,2
12vaH8QiJNwIc3F4O0IYJp,2,2
12xEvLcLawXJUs4ANGYdxZ,6,6
12xfRpp5r3akA2BZFPEVwv,4,4
12yMBcVTUmAweo1eZPmWos,2,2
12zekfTE19F1o8kPAKieSa,2,2
136K7vs8qhkpWfKmculLG3,2,2
136aPK6JVBoJe4PVTqdOBP,2,2
139nCjBRQCLgnWNRxBKAC7,3,3
13AHWCWfqyjhfs4AOjIqdD,2,2
13ARK2D0TBE26wVOqh3pJQ,4,4
13Cl3XIn5yPJwbVilbRPNb,2,2
13DqxJiOQYYbgcFVhd8Rtk,2,2
13EDKAhP6DMS7dV7z95tgH,2,2
13H3jef8bfXNHUab8NOem3,3,3
13J9mjAQNq6vmq0ni3PmCA,2,2
13JYeTnxWhXJcwjogYSraT,2,2
13Mkm26hUhmdgjRjiPZ36o,2,2
13ORo6nuNhNLniacmJVocI,2,2
13P5rwmk2EsoFRIz9UCeh9,2,2
13QlmzEg89fD2DmW3f503g,4,4
13SgfMDRRldjdxzd6eKpQm,5,5
13SujS16XOFJx43loXNzZe,2,2
13Uvqll8OQDjw3wDweIK9y,2,2
13VcHnE3q5TRU5ig2FcbOP,3,3
13W4Zc0dy3tzOzlKyuIsMh,3,3
13WxzbRxMtdv4IfJlwX5K5,2,2
13YWp1iozoy7YACZsRqRnK,2,2
13Yj4hoE3dDXk5kY1ZJe4O,2,2
13bxvI8AveCg4FOJTCULnb,4,4
13fHL98xB2yE18abme2NbU,2,2
13kyMXTpiIQlwLBMEyOBkI,4,4
13lUhE5ppZ8srSnaLoK2ky,2,2
13lZDbwonGhOflQLQIfdtZ,3,3
13lcPEauPnz6ynDJIfHZAR,3,3
13n2H7IIDPs0w0NkFOWBwf,3,3
13no7E4dn8VAjVTqWF0u7O,2,2
13qGcgZe2DoDxPwXbbcbTg,2,2
13ssrpQNIvWrC07irugQzx,2,2
13u4qQ9xi2DFUUZY5yRVkN,2,2
13wIQbwSuQ4YFvDvtQgSVc,2,2
13ycW95Yd1oKoCAQXAWvTq,2,2
13zDJQuwV00GslorzFPksN,2,2
1418IuVKQPTYqt7QNJ9RXN,2,2
141GeeQQItnC1sH7gXUDlf,3,3
144VylfhBHydi2xvqy9yw6,2,2
144Yxmjq9xQZjJx1QegH1N,2,2
144adL7pGHEWRwute2wxzZ,3,3
146reVUYzTsbR24vCePtyQ,2,2
149dWfm2AUDf6WIwJs2mDn,3,3
14BH4qO7pgCmIe6mgLKOK3,3,3
14BMBNRzv24eG6OKoIgPfP,2,2
14DLzsFYQOK3195eshJ3Aw,3,3
14EXZEog1hW97d6yz8ejih,2,2
14GkOLSlvq2Q09fFbIgK2u,2,2
14I9CpiA1CMTdLga8SKAjJ,2,2
14JG4VbsqeLsFuDJlkybOT,3,3
14KRCsp4ZjQbw60d0DKxoV,5,5
14MRXBE5YZoB8HRWf9Zn0I,4,4
14N3tALR3Mhf7UHpJRKk4L,2,2
14NiShC5b46yQxBN1mu9VJ,2,2
14NpvXesWBABlBvKhrZg53,2,2
14OePRS8B28wHaZ3g6sv9w,3,3
14V1UV2qRaZaSNx0XNIxbL,2,2
14XaLZBDGnMY4313d4G51A,3,3
14YRlgVNiKHu0Xts9Xexbu,3,3
14ZKDLMXidw9jrzWkK53tL,2,2
14ZoSQzMmy8LwCmCt7NynJ,6,6
14ahZtLV5yKtqQATTfQta0,3,3
14ca1ksf8GSu1RgeJaFZDF,2,2
14coUnNtseR1i4qRQMtuoP,2,2
14dJexYlvd3t3XAtD1pYW1,3,3
14dQwnD6PvQ9aT7rfN5oOI,2,2
14ee4tr2EALjOBRLutlCl7,2,2
14fIlfcmFPlj4V2IazeJ25,2,2
14jEv2xc6r43y0Nm2ymswN,2,2
14nCmHYgynAWAvOrB1vvOI,3,3
14qPNe9WNrBJFeweWlkUgU,2,2
14rSIgekMulAiaXhvGfWvt,2,2
14rZjW3RioG7WesZhYESso,2,2
14sOS5L36385FJ3OL8hew4,2,2
14uKsvPJ0quzQvdB6f7Dur,3,3
14vexXpojwu3mG1S9fqHmL,2,1
14yYVlxDi7orbwheBXqIPt,2,2
152vVEXwvqA107UFPqb3gG,3,3
154lbtHSyyOt0ao2QwbE4n,2,2
158ETs8mtorXxJyGcjV3oH,2,2
1597WGPM2yBKrpfn5sOfwN,2,2
159xvbYorYT12WDpHe8bD3,2,2
15BFn2VmEtonsXfNL1lUmy,2,2
15BIjaacvCfjggc0PKu07B,2,2
15BQ7vEDv2LJuh8TxWIhtd,2,2
15BlympuVSfZFROojEMY2M,2,2
15Br2J1kEKCNXCuDtxtfFf,2,2
15C4q7G41cgBApe7hinKc3,2,2
15Gx9EfVLZ4lx5dzWEFair,2,2
15HNdxGKNCIO9pgaY4n7FU,3,3
15IuOb99czEVjmWHXCEGBJ,2,2
15Ms8h8ifZwCdMTQEM3BOI,2,2
15OCqNPYoLziEAsbVnqRj5,2,2
15OwisPfzn1zVzz2NpEhKp,4,4
15RXL05X13S8iZaQ9LPKOj,2,2
15VRO9CQwMpbqUYA7e6Hwg,3,3
15VdA9VVerdeKpEJjRfJT4,2,2
15blW8gWnwnu96IVuHnWs2,2,2
15iosIuxC3C53BgsM5Uggs,2,2
15kWrrwlkBNJnTYDvyYfBS,2,2
15lzXkV36tS2YA5RIUK6JX,2,2
15ocCvf4JiWCna8AGCrdyH,4,4
15og0pCEcTFWEXOFKdcJlU,5,5
15vzANxN8G9wWfwAJLLMCg,3,3
15wfVCTKuPvBLtYakoBntp,2,2
15ymCBGBgIGXLPNKMbA8k1,2,2
160ZVib9V9nS6ghSxpUJx1,2,2
161DnLWsx1i3u1JT05lzqU,2,2
162NlD4lTeZK5Ti7FGH4RE,2,2
164OhifL9Eld1xMaptReyR,4,4
164OriBVFeVRcwOKdglRRb,3,3
164YLgHJYhqOEYUcAc93Xz,2,2
169n0UZ3Ffun6EIBO4i2i3,2,2
16AWPFcIfmbrYvl4hjOVHD,2,2
16BGhwv8wYXkv2mMJF7ryv,2,2
16BU6Ue3B2TeDwI24vmUmn,4,4
16D5bGymrzpi9ZlnYXB5ql,2,2
16D5d14hKxxHkKX7M1aqJZ,3,3
16FoyabyqWiC4G0crZDt5Y,2,2
16HvU7Y8TNgVjzm987FIco,2,2
16I4GgcIDiTp8AUYsUjTfb,3,3
16JJiVvV0cBmo93lIivZKq,3,3
16KGKcnBVmYSZbmLEqQZ4w,3,3
16LIPBbLgc3KFg3tSsQoFU,2,2
16QKHy8t8ahorxJd2Gn2Eu,2,2
16UQJHO164ZQ8W2y7O7Gp5,2,2
16WngPBW0UBCNILvwPjldQ,4,4
16dkWKIlBsfYTISCVuDs0w,2,2
16ejic4tkC645g8FwuqIHA,2,2
16f5nKCHNOL2NjBA45xIoH,2,2
16fwY6w5p0f0i8mPl6pcsR,2,2
16gW9O8A4rIMx5OOVlzsSn,2,2
16qGlEtbDQW4IFcRsIjmwm,2,2
16qPkGAjjtZ9dKuSUwpFB5,2,2
16sVMC69olraqLc5i8shvO,3,3
16usJl9JyY13eBN0qj95uC,2,2
16vUi9v6tfDX5Ke362uY4u,2,2
16wcqaM2abvltq2RciqfYZ,2,2
16xB3vOZZwhq0TCnuOqfEh,4,4
16yvB7exWWUBkZ9fFkLVMI,2,2
171lZBEaiKMrV9V8c6QvPE,2,2
171luCSfSTBnaIVnfTVbS6,3,3
174atZQ0R42OWEl4qt8znU,2,2
174gCegpUjug5Z2yQ8ectM,2,2
176hBOHzslVQTEF7VFmASt,2,2
1797zYiX4cKosMH836X9Gt,3,3
17C4oPQ3sTpF11pi9yvGcs,2,2
17E7pOkJUrPX6J9DcKTXNW,2,2
17Efhyf4A96n0EFXKeB7Ya,2,2
17ExHVQYfJBlTSnbidz0LQ,2,2
17FkpdMt5cnKMPqlCVm8yF,4,4
17H5BFEUB0tMcQfJEcDSwH,2,2
17Iq7ApAAlNFD2FkY2YtsV,2,2
17JPoL8niK2UzTEbwqPLvf,2,2
17LGEj5jCelIqcp1zHhyvX,2,2
17M1JFSr2eEvo5dQnCIQim,5,5
17OzwixEJc4MEjKjF2KSSu,3,3
17PGQK2meDHoEqSHnWmPJ1,2,2
17TjJhR1wrGFW58aJnHpNC,2,2
17UVxL0MYEmKzXppfUL5in,2,2
17Ya2vsIJmIekLf9L0Izmw,2,2
17bGtGqqaXOgVnhnfx5NlE,2,2
17eeKDTWiREsr23gIYahtE,2,2
17ejRbr6B8l9zdqgCZsn4m,2,2
17i5jLpzndlQhbS4SrTd0B,2,2
17iXm4MsZHcK3YQMLdoK6Q,2,2
17iwvf7pe7BSrDncxulrPb,2,2
17jkqGy5v8YMNRxhnegd6G,3,3
17lu4tymfnhmcIDlzBbtAb,2,1
17opN752ZQpNuoptelsNQ1,2,2
17pKBF6PSmtlRxIgdTAkVn,2,2
17rWVgXfSg9YngQ9GpeKlq,2,2
17rejvl74nQobqENTr7NgO,3,3
17trFB93d2q6bIMVRfOPAJ,3,3
17vet66oUJBu8wqbMos7Qc,4,4
17w9YzwFHZH1BfzTDIRiw6,3,3
17x6eyS7sD6uqWfc8yn1EY,5,5
17zGkwutNrdgAAfC61QLWF,2,2
17zYYHdsOE7Z9XVQJEiaHd,2,2
180dhbdNIGPGnRvl70ptqT,2,2
185espHo2bItrvYrUUkDhe,2,2
188hS38eydh94oO6rjiB81,3,3
18AJRdgUoO9EYn11N7xzaT,3,3
18D08bgPEem469x1bjxIXM,2,2
18DA9kxKKd4pjjdanpDTaa,2,2
18DsVnI5lVGCH0AHA5YiIx,2,2
18EfjSH1r9Jf6vx52eby5c,3,3
18Eu9puOprFj4acahSyF1d,3,3
18FsuqmAETaK0MDWqLLK4G,2,2
18GiV1BaXzPVYpp9rmOg0E,4,4
18GyOllB82uQAy7C03p5i8,2,2
18KVIouF8klKE9HdqdpUxd,2,2
18Kt9lI9qQK5hUHtaIPOP2,2,2
18Lb0yf7HlgETLgfaBG6eV,2,2
18MlLrfCkYOnKutil99GwY,4,4
18ONQnZsstfBATeq0yusPN,2,2
18QDw3hCsKrkPDyTme2kEJ,2,1
18UDolpvPEqVzIE69xobUQ,2,2
18WI5LEikfhXo606KbapYf,2,2
18Yyp3ut7I9neYEfNXkhfB,2,2
18asYwWugKjjsihZ0YvRxO,4,4
18b3M1rEHsIHAqyrUxttnq,2,2
18cCBvygH6yEFDY0cYN3wT,2,2
18eXMWAPvqVcBY8Wt7F6QP,2,2
18fjez7hjQ13XLSRqgtven,2,2
18hPvq4l7aiolR6NenxBz6,2,2
18lJtRd5zSqezlKjD5treG,2,2
18lSBq4bUQg32GeQ8gIu1e,3,3
18qbcoPDMyUrQQ422XAskt,2,2
18rHGxr6QDiPieSTo7cUGL,2,2
18rI489dTiiDiBSWMW0TSu,2,2
18sMrc6WLXCCxG1i8BLpCz,2,2
18twglRl0wFIIMtFOy2CHs,2,2
18tzenBUBfhF6Z15SGiGPk,2,2
18uwL0vNUanqZH0ro2QcOP,2,2
18wdzUDXJyfXU0TmI9ePvy,2,2
18ywhG9EvuMMUIdUWxEqp7,3,3
1910z5NqrGoJ8SuKWNu19D,2,2
1955ZZJe1TzmSR0TomnNjI,5,5
195Ez26qzXA0l6M1fcXayl,2,2
1964zxkJByManoIYrUkSHU,2,2
196ZNihAwp7y7Ao4YfSdIx,2,2
197CWknsQggubzqaiuTt9o,3,3
198v7BbjXn2GTeI4NkBN39,2,2
19BMNNjQ3Ou1H9xKtUTmo5,4,4
19BiYYfuJXWWCPD3PITGxN,2,2
19C3bmijuVj9xJdXvPhQsa,3,3
19CKLFb8SrjZ3IlpalE3RU,2,2
19DhbcqPx96nCoPvm6ViUV,3,3
19JzJOMs4wkuKxY8WEOMea,2,2
19KasQimP54W84da8wMkDe,2,2
19L4q6RZGQBAM4MGnqQx7R,2,2
19O4hCGGm95UhvIyhwnNT5,2,2
19TSNGmvdTtlxYn4YqYUMf,2,2
19TSZedtW2YMsqkYeVleCv,2,2
19Y7tHKAr0wvBXrTgOYNrs,2,1
19eEiDedMPwhsCSVzoYKju,2,2
19gCnDoMbugHhF7eMpLpe1,2,2
19kiEGUN1df3omU4ChyjEX,2,2
19lT0l1OBkLtWI5iE5zORl,2,2
19m23w2ANVhtB7rApM6pbN,2,2
19nIwUJ2K8fSF2VUoOXEUM,2,2
19pChrR4hwdINqoOFUo2Hj,2,2
19pZBVcKIpZe6DqpzTEPCM,2,2
19paG0MgMB5nYjl6Q56aWQ,2,2
19u7ucz8tazDZL1daf5y23,2,2
19uA0MIGsb1xmR19yx8oTr,2,2
19uV6FQniZrbWtDPvBisIB,2,2
19wt47erWf03RJaFe1lbLW,2,2
19xCyaXBkWUkzn4vNIOVzH,2,2
19xbUAm6Be8twhlz5DP5DT,2,2
19zJggaQrCRG3AibCbjXcJ,3,3
1A2MvoVOlxlPlPKJGrKjGY,2,2
1A42o35sy8P3UQgm6ArWGD,2,2
1A46STanraigBtVHIHtOdm,2,2
1A6ETm7oNSZ5SRr6uuvKdx,3,3
1A7HCMpZJkM0MciPld3ob4,2,2
1ABzvnkHLpLaIN7VlB00LJ,6,6
1AEYT6VxrxXPMoQUxsY0E4,2,2
1AHKz2rFjUWKyC7D2nir5Q,2,2
1AHa2iLVTyjMisXwg0oMh1,2,2
1AJ4HIL7Aj9hXjl1plAkJk,2,2
1ALF19nT37rRaJ9frQq35e,2,2
1ALSR5ZNQa1xKwYclDs6Ry,2,2
1ALzDZBUiQtf9UmEYRKtMj,2,2
1AM8QdDFZMq6SrrqUnuQ9P,2,2
1AMh934qstjiAIJADKhkCa,2,2
1AO5q3PNXDWNwgern0S2zt,4,4
1AOWSGUA9YCuWRq5mZS6v1,2,2
1APMLD7JwHPdiWFObXKqXP,2,1
1APgkkfiW1BxlzAzg39Nf0,2,2
1AQH4K1OX1KHbTt5ojMonp,3,3
1AS5FdXDi3H7zJrU7wo2wA,2,2
1ATiZWaQ3xKkXhnBUL75rV,2,2
1AXFNVpfZkoclEwmmPCL7r,2,2
1AapIlVhixpMUU8aDHDXPa,3,3
1AcoISuZA2tq5uFOwRA7yu,2,2
1AdYZ6X00nXmO613Y7GJOl,2,2
1AfCr2crYk0KtVxUqDbhDX,2,2
1AhTJuf8NnyCcXuSiEa1HP,2,2
1Ai5UrDsntCo4nB1xEq9HW,2,2
1AjJhhtf6JR3wanmu48lAM,2,2
1Ame8XTX6QHY0l0ahqUhgv,3,3
1AmjPmlSpm2UvK5ws4HT6l,2,2
1AnHrytA5dLlTpioOamUiG,4,4
1AuUdDcb2F6rXXmNERetsC,2,2
1Auq9Y77qiEMohVa8mVBAm,2,2
1AvExk0siZqO5zIUYYzYX3,3,3
1AwVVK2Qxqwmm0hxj5d8Gs,2,2
1AypLOhAhLxEDCOy5XGxLM,2,1
1B0FEDRzzN5GP7HGZZfNQl,2,2
1B2Aae2JycRBA9WUojjV43,2,2
1B2WTE7h8EJq03pzY5y40K,2,2
1B4KDy5VAXxR8FayLvWlJu,2,2
1B5Tp2Ml9nLlmTSJx8xVfI,2,2
1B7GdW07UqOJzgZDc8T3ec,4,4
1BDzkh7g7ZDnmOQgJ82rp5,2,2
1BExV8JprNJLvLeDE9qdEW,2,2
1BGMcTlICbYWgfjiRrm3RJ,3,3
1BLOVHYYlH4JUHQGcpt75R,2,2
1BLfQ6dPXmuDrFmbdfW7Jl,2,2
1BMFet4vUoOgpLYIl3kVMQ,2,2
1BMolRKgrA80kDLWso3dTa,2,2
1BOEGAwwYXd9jPkyHA4XhD,2,2
1BR2rZ8nZ0pPuRkuyE3oZ2,3,3
1BSqyq83kxnA3oDf4eXLVX,2,1
1BXMNiVBXno1YbtQzeVMxG,3,3
1BZ9bUYt4fsF2bLVPZp2aU,2,2
1BZnc6VaggPnrQyjem5Dpf,2,2
1BbsV7AEuhmKRqhloDVtvt,2,2
1BfR5GMOgW0peHkPxrwf11,2,2
1BhafeHIDUSLk1FZH67oiY,2,2
1BklyWf82TLsq3ZjwGiuSC,4,4
1BncfTJAWxrsxyT9culBrj,2,2
1Bno2DWL2kmfiy1V5OlmCz,2,2
1BocvYKP6Khn2AXOLqNmUS,2,2
1BqzzWlA868p8J5VIbp50A,2,2
1BrgjqSg9du0lj3TUMLluL,2,2
1BsCq2fxpa1llb73lDdgw5,2,2
1BtrZ4hXRAGu1botV057Za,2,2
1C15jtL0nGHoJg47V08gNS,2,2
1C2MHvFmeoFpExBtWOiQ4Z,2,2
1C46x15N2mSd1R42po84IT,2,2
1C6kyXe2Ey9fJWbKJbHyGD,3,3
1C9DajYq19423BwN85bNf0,3,3
1CAeeyQyXfuEfM13nSYuXi,4,4
1CAhaSy2odeJoPIkFndCIB,2,2
1CCYaOwfo1FQ0RBttKA7iW,2,2
1CIxzzS0nVJNfk5wuN2MjM,3,3
1CMAPLK1Wxv5cVIuAt57ZY,2,2
1CNUT80xAt39lPKgSJEjxU,2,2
1COGvQEAtPxisowBQjZyZ1,3,2
1COv0Vy5mrUMKrCXQI07qP,2,2
1CPhllOfBgOtTTDe05tSEw,3,3
1CRtJS94Hq3PbBZT9LuF90,2,2
1CWbHFlEu2B9vgdhlvXZD3,2,2
1CaXCVkxVz7GfrE2Ifbha4,3,3
1CbQHLrNnIit9VPgCoZo3b,2,2
1Cbx97zdKwqCVRPSqO0Quv,2,2
1CdLB8P7NNfhERdEkcVKYp,3,3
1CeoVQvRpUiQFMN74M42uV,2,2
1CfIImPi8U5OHOvLVsDPas,2,2
1CfKabrnieuwFYodtDZvvw,4,4
1CfcKv1RLdJBWhRHAZgVdf,2,2
1CgZ0pKxdBB9trUYULmKSs,2,2
1CgbwsrNDlFrRuk2ebQ7zr,2,2
1CtfA9JkJ5cJQgpO7wEj4V,2,2
1CwpGpNsBNm6Bp1zYs0px9,2,2
1CzJ7drnOdaXWcURRN5P2N,3,3
1D0jiXy3pWSk1QxcB8WWhY,2,2
1D18MMOF1hNEurbJPv0QCH,2,2
1D2Iygsy0wXVAZaM1W8ds4,3,3
1D2ZNECRd7KIlA4pyOUGsv,2,2
1D643xL28RupQU5Ze9sH8P,2,2
1DAxXOny3bze31Slf2DjHe,3,3
1DDjP27UEP7avthMjxfOtU,3,3
1DExxS5BN5kv7MbKj6jWgU,2,2
1DFD5Fotzgn6yYXkYsKiGs,3,3
1DGL99DXQ10Su9z5Ci4ION,2,2
1DGMMnP7rtOyzhfEI8xle6,2,2
1DGt4mkDsqguGSLYFerzKO,4,4
1DIGB5kZKiHnEb2uWxzjzY,2,2
1DIXPcTDzTj8ZMHt3PDt8p,2,2
1DKfhVxj07r86PuIcLZNe0,4,4
1DKyFVzIh1oa1fFnEmTkIl,2,2
1DMibSZWMy8QqlNiWBvNoE,2,2
1DXSsE3plpcILNidgJ6Tq5,2,2
1DYzTTaSD8KsmzedIuZTO7,3,3
1DZdEQAf8dht2RfDk1TDGW,3,3
1Dc4zs4hnrqbz4pV44uT8g,2,2
1DcMu1oaXb57IS0jPBzXNE,5,5
1DegLHuaZdLmOvhUgsNV9I,2,2
1Dg4dFJr3HW7sbA7vPejre,2,2
1DhIZ6MAZRPXro2JLRDYr7,2,2
1DiOSZ8PpnmwgriDH0RNQd,2,2
1DlBj94vB45uHUBOIKyerm,2,2
1Dn2wM6dfCNz0c3uGsbWfV,2,2
1DndHckdH9m5rp6gYP086b,2,2
1DoF49hx0Rl0repeJUKbJe,2,2
1DoK3CdipMjplLk5LXUdcp,4,4
1DoqCxV1dJOfzVMBIfo64g,2,2
1DpxQYcOegKn14qF4fPdQ8,3,3
1Dti4H4XC1IetaCDpI8MU0,3,3
1Dvcr61hD39MAMrN65eDMe,2,2
1DwVWibPBDTBNLCuzV4QlU,2,2
1DwxZFTSDnHGz5N30KTZfV,2,2
1DxEbPu9z1SVGh7dXMuzS9,2,2
1E0xltsjt8HmMssCQfe5lI,2,2
1E16CnSPStnHdNLEO7cj8j,2,2
1E3Mjrzw3Ad9b3NpjM8ZPe,2,2
1E5HgkRXPToIFhFeMn4JSx,4,4
1E5Zumas0loctbiUN2whpi,3,3
1E8hMeQvfgvQPjN3BZ2viF,3,3
1EBo9H6NjVeZRAlXcXLYq8,4,4
1EE5SUPzv0K9sgIOSgaiNv,2,2
1EG5RLy2quovk4ALCigqnf,2,2
1EIvjDvoKjwhokJsigvleb,2,2
1EJZQ6uhrvl4JtoKn7RKFd,3,3
1EKNUMaRRxclLETULcps5s,3,3
1ELYwM8YlN3CavWlE1pwqy,2,2
1EPm9nur0OUn444yTjkNvY,2,2
1ER18JtNiSnKkZX26zdkG9,3,3
1ERshJBUZysordGDZr5B3t,2,2
1ETtf3dqqA58ESTiAIgA2Y,2,2
1EU3VuKGZOvd1HTkxLPUXK,2,2
1EUm3fTMaakB3KdffkvCZk,2,2
1EWDtcKzwZqflFqdiN3fyv,3,3
1EWRXz6c0WPKae8vziEnZi,3,3
1EXc4lSFTbktmqWksJLgke,2,1
1EXeXN2Bd5R4IRRHQyGr7A,2,2
1EZokfR0iyAe9LuPKccBsu,4,4
1Eb90nmqTrxylKFhcUzW8P,3,3
1Ec9lRUsiVMID1TaakvRa3,2,2
1EeI6tvN2c7erYcOdM0Ljp,2,2
1Ef2kTon47BwiPQP2SovYa,4,4
1EjbQjTQFTtp2aESORysZh,2,2
1ElihpcKELnES7MoJWA1LF,2,2
1EmhWg1fKL7uNZNPXKPvFI,2,2
1EmoXFZ5oXu6u6oxBUzafC,2,2
1Eolhana7nKHYpcYpdVcT5,4,4
1EpWVld69yFDx3uVBryMTS,2,2
1ErS8Tahdp0bOUH7SBM4jo,3,3
1ErVAnzjNvyXSodWbOTYNu,3,3
1EuQFujqMzy76oZZ7R2xNO,3,3
1EvR6pje1equhlz6J6BFwl,2,2
1EzrEOXmMH3G43AXT1y7pA,2,2
1F1Rj1Rz95cDW4LpWK740R,2,2
1F1yF2KSilU2YLOMuYYf71,2,2
1F32ETzCVozARhgkRTjuyA,3,3
1F3Ru5KV9CT47rAFxdwbVT,3,3
1F4sE8N4KROqjI5GeBDiDQ,4,4
1F6IbA7di42uPc3cff8PXV,2,2
1F7w5gUe3sHPuzqgg3hefJ,3,3
1FE3Cf3SUdxJkFGrdYpqQT,2,2
1FF6TogE9ELY71XnLPoEv6,2,2
1FGNS493UKaQOSLLy5JBId,3,3
1FHNctV68GUNLgXclG2DtR,2,2
1FOJO1cyl4AafEO3Hmi4S4,2,2
1FTCA6wQwulQFokDddKE68,2,2
1FTsR7lFOetRF4WQf1IcK9,2,2
1FUNMM1Fy6WaEVFDFNIvff,2,2
1FWsomP9StpCcXNWmJk8Cl,3,3
1FXrYwvWwjmbw8cqFC1OWz,2,2
1FYGea2H0DzCWhcfikUlbQ,2,2
1FaJAcRI9aJ8dGDdkVUR6s,2,2
1FdEytNpgLuMXo5EsVWj1f,4,4
1FgiNu3EWOLG9gTcIveGkv,2,2
1FhqUe647bBcD8dreJl8SD,3,3
1FkoVC85Ds3mFoK0fVqEqP,3,3
1Fo5vUDqQXvOmtBmicJiNY,4,4
1FonRAk9xtzJZbGCslpaZ9,2,2
1Ftw9Pjslb92gzCXPngVwt,2,2
1FuZ8H0Ts3799ZNVN5ZcSZ,3,3
1FvDJ9KGxcqwv1utyPL3JZ,2,2
1FvGtid4hstXGTMqZWHAHM,2,2
1FxwMVKEEZYMsOPUiHdC4X,2,2
1Fym4wXCqQDGSOdBPqKv9c,2,2
1FzXRK8g8TxVdL8UjSWaRC,2,2
1G09oEhz0Tye3xnYYFtvM7,2,2
1G0MQtwUMcHju6dqMa6KYm,2,2
1G0z8l6A0dinLBPhsY7TWN,2,2
1G21erc1ygVSJDvadnWfRX,2,2
1G2foJrzF9F4PcLx1bpSmu,3,3
1G391cbiT3v3Cywg8T7DM1,4,4
1G3QPQkoXvpChjNUhd6Tfs,2,2
1G7vCwBCxeTe8fB0EGMDdq,2,2
1GCxIjVR5mYOXU0lpY7YZw,2,2
1GEGKdhnYoQYZ2cvbo5XPM,2,2
1GGYvJLKa2iOzwcknmQg3D,2,2
1GI7ANd73xnzbZrTlpT5TV,2,2
1GKPne6qMhx5hjvo3foaCj,2,2
1GN7Kn9Hr4pOpVVxBL1ZUD,3,3
1GQMpacZAFmsYYmkT87gUw,4,4
1GSPV6AYG8NrtpgqhWx893,4,4
1GU90z6vuJ8XtQu0XLzyDH,3,2
1GUZhfnTke0lEKRTjAgoUu,2,2
1GVhLEJGfOIpdSZJnUxN5O,2,2
1GWtUkDQk7XC35r7kTPfqx,3,3
1GZj9r3vJ91roOZ0oYJrW5,2,2
1GaLQ64H7Df0HG2cIOXy5i,2,2
1GcnF0cnsvfBHwA7Sfyckl,3,3
1GfUfl8HGB2UxOgnncUX29,2,2
1Ghb6uHFIIlDBjzKQJlv0I,2,2
1Gige3ZwDzFN55FSoim5Kv,2,2
1GmcAwGupJea9KVsSXRGEo,3,3
1GmtLCbEUyn94Qzx0gxHc0,2,2
1Gq202pQaNT0U9lbcVrPha,4,4
1Gq8yiUXhSwGeds7X7VyWW,2,1
1GqAFWj0HSbX055zDc94Wj,4,4
1Gqpa08T7eBAvPQj9O9L2Q,7,7
1GsJMaSHlegp4pjG8PUqjW,3,3
1GuSTVJDtsbY70WV0VT64H,5,5
1GvyPmmkOxcrnLBjpgFBPX,2,2
1Gx6oQEiS4h5e7ltUDN1jc,3,3
1GyODtIqjM5AO3z5dEJwRg,2,2
1Gz2E1chOzRyhFXHJYWw8y,2,2
1Gz71YTPdkTuY07nTW03Pz,4,4
1GzwDazWVTlh2GxPiCTAPc,2,2
1H25cHqoclhvwvl7BPyCbW,5,5
1H3Q48ARz2ZEwbOl6s53Mq,2,2
1H4XsStlZ7hcSrQgDZqFFp,2,2
1H5IfYyIIAlgDX8zguUzns,2,2
1H5N26VqHR4JhuaRKY2I0u,2,2
1H5TcdTdMYvOfJ31SAA6H5,4,4
1H7gMYGykdtwZOV6s1N0by,2,2
1H8kpF4JkCIjm731DrWWjb,2,2
1HCfu0muPAsWAknx1YleI2,2,2
1HGtTmgl1sEycuS9lJviWQ,4,4
1HHOkD7fuNCBnImFrlDRVi,3,3
1HHnQYqcnlnE9q7LGFFGFj,2,2
1HHtdxeTBu9s79KaUZn5dQ,2,2
1HKPdrg02TfuNZK1Q0YIut,2,2
1HLxLjywxg7Pyn0w6MxHjC,2,2
1HM7Vp84E4SMzdrZONg6bH,2,2
1HNvADmPBGAExeyIHkcJtd,3,3
1HPJOoIVdUPuaebxzMrVaD,2,2
1HWaIZ9Tf67sTXOhyiUuon,2,2
1HX9Dujo4yG0PG0thLTlAb,3,3
1Hc8ZNJYZKSSlnpKHRRXkK,2,2
1HccLEGjiNWc4yT5AFC3Yc,2,2
1HdCiNsQKptIsDHkKEoFHV,4,4
1HgMMME0o7usgpIljGNiUS,2,1
1HkRBvClGlCu8s2CCX9QGM,5,5
1Hpe0TFPOMCqxBAFqenaJ6,2,2
1HqVCK9h4LiJ61aRrrKTAt,2,2
1HrMWH5GUdK6Yi94rbANJA,2,2
1Hs5EVysCloGgF4hvPEYA8,2,2
1Ht4NJdY8adMsW540P5vG0,2,2
1Hu42ZLWG9dHaVOPiWyEmE,2,2
1HuZxrpsW23bySVwsYwUpH,3,3
1HucuOdAhqUgPNgZJoFB3K,2,2
1HvCFAUIWQsWV9zud3UhDl,2,2
1Hvbb6qTLStfPrzT7FwY2y,2,2
1HxNA8JjIIfVGqMr7Jm59f,3,3
1I1fprbi1SWCwwJFtP0EPS,2,2
1I2I4x0SJcK6ccc6qvw76s,2,2
1I2MEjnS9c4OPMnKWbIuYs,2,2
1I2zZtHCrBkoTgfwxnNKZ9,2,2
1I3EjtaIQz2zzDE1aeiUEz,2,2
1I5srDBzbbQVUeDErIZXWa,2,2
1I7ZEP0zXrkx6tQrALzenB,2,2
1I86H4C4Vqm0INF99IGq0r,5,4
1I8tHoNBFTuoJAlh4hfVVE,2,2
1IDQXWGLzpLIAvMHJIMgU5,2,2
1IDozgb2HiuB31FXbUsvJJ,2,2
1IF1IpJ8SnBDgHO5Nig0pD,2,2
1IHWl5LamUGEuP4ozKQSXZ,4,4
1IIRFdnVhwx0VMOZ9cDfkd,2,2
1IIsopNiGi2Vq0seNmZbLt,2,2
1ILi61AsfqMfUvxWpoJiuc,2,2
1INWPr855fwWdAOeecbu0W,3,3
1ISyxG7inoBAIHD5QpHZql,2,2
1Ia95g66IhlAJ3qVI4qI8W,2,2
1IavuiWnbbts36JWozObGE,2,2
1Ib8I0IUoeRdLk6IKMLenk,3,3
1IbNYr8ByXsgwGbmOxLBXP,2,2
1IbgYIuVwJsibCcT5GFYHy,2,2
1Ic5GlyRW3eTYC9Yx6kHnb,2,2
1Ic9pKxGSJGM0LKeqf6lGe,2,2
1IgtHMtJcoGSE5gHqC1diy,2,2
1IhURnZpLfkVO7fKxBGL0a,2,2
1IjJAoJkJPnxTI5c4ZRzV4,2,2
1Il91bqC3Foqjfdh1IunFU,3,2
1Io7OqoTHDgM6BBf0o749L,2,2
1Ip5p31SowqjJLo2ss1afJ,2,2
1IqF5PUDUnaykHLs0RWbDO,2,2
1IqFh00G2kvvMm8pRMpehA,2,2
1IsvXZXAV9EBC4hBKW6yDN,2,2
1IwUhWG4Cp5808qsErE7PU,2,1
1IyHPt3b6BrhdMwNyk0VM0,2,2
1IzGdhQ17U0r7ufI4qBv7d,2,2
1IzL5F7RfFpeqwKaWrB32I,4,4
1IzVNFKp73Tg32gniJXDMj,3,3
1J0mCmH4RF4dVcvkLV8h37,2,2
1J17nBsbh9HWVvtJFsAPYb,2,2
1J2mSYlPtfRRzYSdfjctUS,2,2
1J6PerHOktAzIr1ESnYwpt,2,2
1J7wMZrvCtWZlXBdMM25Ce,2,2
1J8u6r4Iy1fT3xEil4p7VP,3,3
1JAMQgaE6RaYk3L81nn3fq,2,2
1JAqy8JxzsmMRq5jD2Oi49,2,2
1JDIArrcepzWDTAWXdGYmP,5,5
1JDOFpGNaLnAd9uCEkgm7S,2,2
1JISGjYOQoiJe6xc7CWnQo,2,2
1JLi1LOHt6dDTiMrwejsd1,2,2
1JO1xLtVc8mWhIoE3YaCL0,2,2
1JPKjo7oZkYdjh0x2x2DVf,2,2
1JQ6Xm1JrvHfvAqhl5pwaA,2,2
1JQOWv6HQbKK7MrKIaTkfY,3,3
1JVPMVBBTEeFjLR9YZWfeM,2,2
1JWkD69eUsGG27nD9rzHyZ,2,2
1JY6B9ILvmRla2IKKRZvnH,2,2
1JZQrwNrQVl2B6IMzepkxA,2,2
1JaKuvkBdcr6ym021X2Pq6,3,2
1Jc5rVFIyOy6XO3ATB1Lh9,4,4
1JczdSFlmmfMBkahVYONyW,3,3
1JelKGBph8gon106Wqjwu2,3,3
1JiKG47wsKUFSJwzmSkMwN,3,3
1JjlEP76VzsKKBRa2JdvIy,2,1
1JlxQG0qBaEI2V1f0zkQLT,3,3
1JmEymqQwLXvCg3sJ7gz0n,2,2
1Jn67dBop9m1of7NrYzmm6,3,3
1JnPImcRMLyzAQhIVSEGwW,4,4
1JrdNQDR2X9ZPSM8slPHHo,2,2
1Jw2m5Qdqk0EG94UjSrmmG,2,2
1Jwc3ODLQxtbnS8M9TflSP,4,4
1K2RnVhm3eauKnA8PAcPu1,3,3
1K4OfBFaLleSUaUVjp1l2X,2,2
1K5m17FWj8qIIrqpbHwouS,2,2
1K6gyNdEjiap8P5IBELG6t,2,2
1KCAEG6JcsTzi8ddZzs0nk,2,2
1KDFTo1pPXuhtQrx9dm16m,2,2
1KEGj62WJVZDGCheyvxD9O,2,2
1KEoX725KP0JPm2i71c1kB,2,2
1KFlRPAPtXublWQx91REdI,2,2
1KG2qmqeXzVHtk0J7xeh3i,2,2
1KGcPOVdYPrzEGYfLBz3hY,2,2
1KLpjQFgubHI3GkAICCNH3,2,2
1KMEDSIl2j1NwYa9mgvMyg,2,2
1KNi6PNEbQYnkxmqeschok,2,2
1KOqPUSBvfcVFvmbDxYLyC,2,2
1KPEJ5UxJmElMMiM2SsIpx,4,4
1KPjCjJ7VqR9GFLYBA4L8H,3,3
1KQc37jezhunxnOPhvdwSG,2,2
1KR9TkyhxqqpOk45WAm7bM,2,2
1KRamNG1BZ192vALVBasZU,2,2
1KTJmfwrk5pYqsi9mkY3nT,2,2
1KUYxwsFpCgpwygaWQu4JL,2,2
1KUeuVNpqR9KNtLugqqieD,2,2
1KYqHPwbceagFffliE7fBg,2,2
1KYrhFEG2XJgtd40D9czhb,2,2
1KeZgPUr54C8iz3FjqzVoz,3,3
1KepQ8aCgeS1sXFpXzbmJ8,3,3
1KfwlyvJQD1TA70RyC0Byd,2,2
1Kg1pUYOa3mYdQG9zi7SjV,5,5
1Kg2wayPGQYpLsv88VtCUq,2,2
1KqeEMYA5V8CWTbgVPXRbr,2,2
1KvyBpAxgllKW7bQb0GYCR,2,2
1L2haXaEqTMAcdUyAZJeV9,2,2
1L4mI0W77dkLDVYCpagz2n,2,2
1L6aWPr4XyMKOm6BlGe1uz,3,3
1L6qk33dBMQwaD16OX9Ltn,2,2
1L8z4uYSKK8BC8fiMmyoWz,2,2
1L94M3KIu7QluZe63g64rv,2,2
1L98L13cxNysGgFshbF617,3,3
1LBbGzkIDSEc0RQb9LXgce,4,4
1LCHT9cYsrMSuOZ3occVg0,4,4
1LEEVrSTobMkzG7r2vSoEJ,2,2
1LFJLpGF7gexCurvUsjqG9,2,2
1LIqNVhaIgxXUt2eVoIQJ3,2,2
1LKsr2VgtyUghNoTWoPEXS,2,2
1LM8Vm0qFej9bm9mr03hCx,2,2
1LQBLintxKQiYmmb55mhKq,2,2
1LT1Z18l1OImFQtaiWeGTp,2,2
1LTdZtCjUUn6ptIpu3ZPlZ,2,2
1LWueNjZGJrO3BFgcPZEqU,2,2
1LcLhonnvVifGT9H47X5Dk,3,3
1LcnI3qjdUdJTml8zX1bAN,3,3
1Lim1Py7xBgbAkAys3AGAG,4,4
1LmTH1icxHp3kpeeC1qmDM,2,2
1Lndp9kqlkMPcoaEx7rV4u,2,2
1Ls4ZtTpivZNiLc4LrmFpR,2,2
1LuQWAyEshhEA24XRaadeo,2,2
1LvZt96R80GYQZOi8QE2C1,2,2
1LwvwPLqODXkdiInwHvKxG,3,3
1LyhgFAenhTUCe78XkpJZ9,3,3
1LzNfuep1bnAUR9skqdHCK,2,2
1M63dvMiyRk0T4rPLfhHa1,2,1
1M6g7BTBFCIuzOx7xgBv8D,2,2
1M85o2ruB9uTj68dIXj6dJ,2,2
1M8LMTTEajUuw7AN0g4f4i,5,5
1M9n7XnWDThtGZoD4hseVu,3,3
1MCslHrdbvTmhJr9La6sCe,2,2
1ME8Thb5mDmBYTI3I5f3uJ,2,2
1MGGL4HhGkixTKXpNj43Zb,2,2
1MGIxsVtqK2npdPmI8Dj0D,2,2
1MLr9b1fOybO3MGiLy47Ys,2,2
1MP2tuC4P2eOAcAa5Eh4s7,2,2
1MPafzHDGPTx5T08I5cnr4,2,2
1MRE4GvAvlrvIJrOtcg1sK,2,2
1MTQHCpraD4S8g5PAFKzoj,3,3
1MUSDyEOKOeVLV9Xdfgntr,4,4
1MUsWVRPLaC7ANKcEiMRCl,2,2
1MVEFNenJjyEbqZfbnbiwA,2,2
1MVcQPtprPbH7B0zzgMpkB,4,4
1MWApXQMyidjiXB7w19fXH,2,2
1MWvhPd1Oju80pchgb4Hm1,2,2
1MaqkdFNIKPdpQGDzme5ss,2,2
1MbkGV6nl8omJ4C2IDb7ts,4,4
1Mbv3EJOUo6twpjn1p5oWY,2,2
1Mee0L5gBAEby8KVsVxJpO,2,2
1Mf27cnAF1Q6Ko83XTM5d1,2,2
1Mf4ZMtbgDrFYvv1QZ69gm,2,2
1MfvnCnhKwAuiYE3ILKzQj,2,2
1MgE7jscC7apCUlyM3LUdU,2,2
1MhdaEmBlc71o9ID1eP9Io,2,2
1MiEJdIwAK4zfwwQ2DKsvP,2,2
1Mjsb1o0I16XLlX90ojBca,2,2
1Mk9ou2m6hsEZJYuNRJFpO,3,3
1Ml3WKPxXfBnwcAScFGrdf,2,2
1MmzIqMP1y5AGIX20RZxDc,3,3
1MsvUHdve8OkMWmI8J5NXh,2,2
1Mys1gf9SkMBAVGGxpkJ7d,2,2
1MzORbkElxoIubxMl0MqAr,2,2
1N0k3jzMiHB8hUd6z5zDLY,2,2
1N5UtZKFtYssbDet5eZAeB,2,2
1N7Aep1OewK9diaN9WbuuR,2,2
1N8B733LdAY38W9kTkXTLO,2,2
1N8MFkbeTDjVmUaVnYVKFg,3,3
1NAYDZe9CtZsQsd3qcmcly,4,4
1NAvb7rxR26xGIC9jthaEu,2,2
1NCQm0fVwW1SA2P62CQQm8,2,2
1NFeTpNJR8TDP4UzpAix6X,5,5
1NGTfArxVfDc8u1P4kG9KX,2,2
1NIyXiafPgyNBbuTV9fmwq,2,2
1NM2NUzlN9SY8z5k4ZfRJB,4,4
1NPsRg5FZo8FtoSl2p4LWz,2,2
1NPvaOBF5y6HxKDOEAbUp7,2,2
1NRzzTvsKWa1ABiSIMNz5H,2,2
1NTJDF7wk26eGVxEFn4MMJ,3,3
1NYlPHjmopAthEDeIGfJo3,2,2
1NaHqvYJ48wdyQZMkNnUUr,5,5
1Nb2v2LCq4dgZLorOGZhNJ,2,2
1NcQkuennLBhTIqms4b6ob,2,2
1Nd3uXANYEAy9z30IlzIWF,2,2
1NdGOt0hJikfIy2OUkXdi2,3,3
1NeKfWQjHCMMqJ1LvQqhcw,2,2
1NeQzAqahRYI09bgLbhVFN,4,4
1Ng0bn6LYZC80x8zEmSUDi,2,2
1NhLJcFWLjrBax77kFft28,2,2
1NhPKVLsHhFUHIOZ32QnS2,2,2
1NiTCVNzyE6Q3ld9Yv8hir,3,3
1NjZCrkVumebTck0e3e87P,2,2
1NoDZgAwhDmLXBdfxaFPVM,2,1
1NoaJoxPKQr9XNLOuKTyNV,2,2
1Nr46gjiP50uPsz30gYhAd,2,2
1NrbnHlR2BFREcyWXHIHip,2,2
1NxpH2Gr20TRcFWXAa9HNO,2,2
1NyBy7w03Bpum3LfvQBT9Q,3,3
1NzcfWIiD1SnRnqkzT2lfD,4,4
1O0iUsIwFDt7GyqjOkAHa8,3,3
1O1sgYGqEI6amm67FVsRmF,2,2
1O3ObyWI8TWltr0Y719koQ,2,2
1O3WfEwaSpsgZ6tw8jNT8I,2,2
1O5AqyUHm8vH8XGr173ugY,2,2
1O5mTSQa0sCce9ghhDqIZl,2,2
1O6OPFAXdTdjHtT7Z2Hlt8,2,2
1O73ZKgl0THUImkHW6dfAL,2,2
1OA144pXkdPDAdp8nm14Pk,2,2
1OAp6qN5KmoGUQ2edICKsC,2,2
1OBNzxKB8SAi2LpVjeAp8y,4,4
1OD2YXIOmfYmBAYfV1maRV,2,2
1ODANxW34eP0TVS63phHAu,2,2
1ODitWwCi2P2D489FX5CmY,2,2
1OERvlGpQpPk0fzt9dFDGl,2,2
1OEmd2iXU8pWG7CrKNpGUg,2,2
1OFIV4M1LslvAXhKv0fDf7,2,2
1OIQlcvZ7eKfm3opuKMgJ6,4,4
1OIyNXo5f9lYHrJ6WchS3g,3,3
1OMK243SuTPjG0UJS5pa6v,4,4
1OMNgDgAVuAaFZblmBwVvc,5,5
1OMyYLAtYUlAKmZjnDKNgP,2,2
1ONKjaDIhaRpfXZM6Aissj,2,2
1OPkXWnIK8RYyWTp3NWvM9,2,2
1OPoUUFSLgXXsFcjP1SRIS,4,4
1OUPXna2MCgAt3VNmXJBtg,2,2
1OUxBM6TphEnDh4EQkNRv1,2,2
1OWoUwZfj3O5L3Ldjaq9cN,2,2
1OZtXGoPN2deUyjKLbl6CW,2,1
1Ob6GLRM0pdmW6Nl8hnGNj,2,2
1ObXAJokXug3fmwrVtIj7v,2,2
1OldtKIXBu5lzLtW37UkqR,2,2
1OlmPmNhyUGzE5y0T5xQFR,3,3
1OqfChHvay60qeTbpcYdgO,2,2
1Ou1g6tCGdwp2SFnNyfZXw,2,2
1Ovgu7X7u8zYoURU62ESmu,3,3
1OxYob8D3iKQOitl3TIPZ5,2,2
1P0ooWu6ITsbPpJ7B51bYq,2,2
1P2DGPlGdhQZ1hcVx7qC0N,2,2
1P2lKWIXQjsydsShxSl0dr,2,2
1P5YSdlW0yDkMTxiLGDldP,4,4
1PG8orLQrHI2pUvcb9JfHY,2,2
1PGCzcLCqV1yu9M3FmxKlu,3,3
1PGGQx8BSuyd0fdPK3z05l,2,2
1PGyfLQdgFPXGEtP2b6ovZ,3,3
1PH0yXNGtSZbL2eufpgFJ4,2,2
1PHqmiRTZnqHZkkR9Zjtvh,2,2
1PI6TXG4R02pTcjJI5f7q6,2,2
1PJRDeZSoZk7gtisdTYfLi,2,2
1PQNR7X8dkeC6S24LbR9fs,2,2
1PSApwa7RAChj2fX2FJrYy,2,2
1PXsUXSM3LF2XNSkmIldPb,3,3
1PYe4YkKMsZ4JdvEZYBE6m,3,3
1PZZtXR7nsNIyRcqd7UeiF,2,2
1PcyypJ70gm6CxTKQvCQiX,2,2
1PdMtzyJP5Ry2UpiDyTA5j,2,2
1PeK7RHMVNGwxIJDxhvwGq,4,4
1PeeZjiGNzzUUc8epzLtvv,2,2
1PfLmjg83VihYZJtVQk1bX,2,2
1Ph65gYzHdiNDs9yWh4ePY,2,2
1Ph96WpdjNlwD6iKRE2Xa3,2,2
1PhLYngBKbeDtdmDzCg3Pb,2,2
1PiASZMKp39IsWwiiIYgPO,2,2
1PoceNH8STFTm63Krywply,2,2
1PpdWBJtZLDqDncfPOJH3p,2,2
1PrFUanL592dZNqwmZmqm6,3,3
1PrWkkvjNZUftGptbVeCTF,3,3
1PrXSvX8N0SlQNQ4jMrCSb,2,2
1PsqGUXy4eFdOKOmafn2ea,3,3
1PwJ2wgHHGWR2tHYmxR1Q7,3,3
1Px7xuvKUtX8ctQl2tcjZz,4,4
1PyLgsWqPsYyce2sAYOo7c,3,3
1PyYXTsEAF4kvYqoY68noG,2,2
1Q1jsLcyE5vZrFspwsQce2,2,2
1Q2fYlSdwuutWj3QplhY9q,2,2
1Q3t9fWvHUXKsMmpD2XpUu,3,3
1Q3tV9YnDJTY6SbCfZKXZz,2,2
1Q3xgL9NU6BJGucT7Fgaf1,2,2
1Q4iH1FFNBigEIuMRlCs4H,2,2
1Q5jFp1g2Ns4gBsHRpcqhu,2,2
1Q7FZie2f2sJjfI5svBjGR,2,2
1Q8zAPoH5EHukDXyrnZDc7,2,2
1QAukxDeTuctdK9O6IzyJv,2,2
1QBDI0pYOFgskhDI0C7tKh,2,1
1QBNBGeIRRGBnLhdlHbfI8,2,2
1QCvMF4Hq88nA36Rek7y05,2,2
1QDwrYCz1skJ9RTRIgsIHl,2,2
1QEEqeFIZktqIpPI4jSVSF,2,2
1QELw50Dl95LusF6uOkDqk,2,2
1QFh8OH1e78dGd3VyJZCAC,2,2
1QHqRD65S2q7STSmrxTU3Y,2,2
1QIIQ1B2syNBSvQULkXgTa,2,2
1QJWQRagviM87ff3wQjBkP,5,5
1QKEnw1HqrSLRnkdRkNeY4,2,2
1QLyDdhB9gmxbGv0K1kFyT,2,2
1QQ1Dx8dcLgWvUaY5fk84y,2,2
1QRyL0hj1iKafA4gbSaxB7,2,2
1QSituq8TP7S5aJvdzwYcP,2,2
1QTQ3VNzabl4yF5GJE6hhK,2,2
1QTciULkF5PbJyPuadAEPI,2,2
1QV4Q9NNlC09PaZrtzpSlr,2,2
1QVLiaLp7baR8sMIoB7RRb,2,2
1QVnc9HLOMlAD4KDxNzzOH,3,3
1QZRCi2Z1DQQaR6bGAzhtN,2,2
1QbOvACeYanja5pbnJbAmk,4,4
1QcpKf67hgqKFa3mLp9KfL,3,3
1Qdw8KCUZzWA1dmVznO3GQ,2,2
1QgtIsGPShntohsJNcLwOQ,2,2
1QhB4xAsples3ILh2jrADU,2,2
1QhGycrwJKEOBKeVFOEPak,3,3
1Qn5jElT7XqjvVeJ8pYM2w,2,2
1QpM8tHlyYgnNgI0rv9wAt,2,2
1QpSeLx3XbPAyjYAAe12w0,2,2
1QrwPl2n8TeAmsgIPPAcxb,2,2
1QrxggFof36TcpeREbDAXI,2,2
1QxcWlk8PivolUaWcpAoNq,2,2
1Qxxs9HPT8cXHZbRH7Ete2,2,2
1R0hxCA5R7z5TiaXBZR7Mf,2,2
1R1vlmRWwnuxw6Qb70I75P,2,2
1R3iS7O9rgGgYx5SlEIyiW,2,2
1R6HCzZI4o2gwaax6pw8ry,2,2
1R77CxppnheFfIGNgQ9NF8,2,2
1R8nyQttVCp1hGDQbaBpwY,2,2
1R8wWd2nLDrucASi4b6MWM,2,2
1RDIUWZBd4a7K5POj12fOO,2,2
1RF02Cf80mTaeNXG2P2boR,2,2
1RFTlrpmEUyBpkaW6mfrxQ,2,2
1RFVSRsECl5ICIUNjV4sEO,2,2
1RIDr0woQCSCdLCGTpNmJe,4,4
1RNCTxPw7NDPcIUOHzuOb9,2,2
1RNJP2UR28cOToXUnWB8N9,3,3
1RTNUU0YYocc0YwoLkEMq6,2,1
1RTYixE1DD3g3upEpmCJpa,2,2
1RTcQvHYYB69XlQKvJe6h4,2,2
1RVTajC8zGg23t4Eb1Lrbc,2,2
1RVkG2ABrR1Rxj7M7K8TUY,2,2
1RaWrq3YuSbG0zxcS4ODZg,2,2
1RassIaNyHc5jjD3oRyK8t,2,2
1RlwQdnnfFYIIPEnYj6yI8,2,2
1Rma7wWp8qWyoqRFll4bAz,2,2
1RouRzlg8OKFeqc6LvdxmB,3,3
1RpHpxwYfo8WdWwvEQ5GH7,2,2
1Rs9ecHoATzaBXb1BaSl2p,2,2
1RsQRanWPbDaj3p7dXuZca,2,2
1RsYoEMHQmRgvhtHx9lV3O,2,2
1Rt5ZnOyilt6tx1RQQnQsB,2,2
1Rw0Qt5vESmeQAt5SIgJxC,3,3
1RyqyDFFz4pInsbaNvyIXr,2,2
1RzmhT1dTsuS2DYSK863uB,2,2
1S0Tc7Pdjn2scz86U3tMc1,2,2
1S3oe1jbV5j4EdXBmVtkbJ,2,2
1S41TutUxila14qrjZhhIB,2,2
1S4rxDloMtAduogKeiJZmR,4,4
1S5nq7DelsGNc4DVFaJHul,3,3
1S69G657rrHOIfPkKNihwH,2,2
1S7ca5mJlpHn7GCE88jejz,3,3
1S7hEPenrIVKVTuEjtXKz9,2,2
1SC5rEoYDGUK4NfG82494W,2,2
1SCXzqKZdif5b33POmzwI4,2,2
1SFO7HmMLikoSqyfSM8p4g,2,2
1SGPQAdXXDbcRX8kGoBiN3,2,2
1SHB1hp6267UK9bJQUxYvO,2,2
1SJkTuUNKe4rYQgX8wmqku,2,2
1SKKrTVtFPIue1vNKllpqY,2,2
1SKPmfSYaPsETbRHaiA18G,2,2
1SN1vSPsr4V4tIUTR3s8YW,2,2
1SOClUWhOi8vHZYMz3GluK,2,2
1SPRmWXXsYC873W0owPzDw,2,2
1SQEXFxa5OGYopgNXaQ02L,2,2
1SRgxDKsqy9FiCVQp1DE4I,2,2
1SSSyYRtTNmrelUuqnv59h,2,2
1SZp7sIqzHHh1YMaMu8FL2,2,1
1SacjiJXVYiv3ydALqEchb,4,4
1SaqHX3JGpcnngTKFnXcP3,2,2
1SbdzlF3NT2E26FYBGKQTx,2,2
1SdItcSOTD14tvIo8UzA6k,2,2
1Sdq78nETKvbdZazIfx70O,3,3
1SdwywRhxTWnZdaUihMdeD,2,2
1SfiwIhYW3GjcZNXHsvoQE,3,3
1SjCVgrZqywAgwe0U8pGJk,2,2
1SjK3fJFkEGuvGpwFvg3y9,4,4
1Sl3njkhhz8nrSPZroDQ82,4,4
1Smucg21g2gBmJ8z9yfW7a,4,4
1SnTsx62GbULJpi4iVg9iE,2,2
1SqYuY5S4sRHcccnjckhhm,2,1
1SvSE3yezb0cJvv81udL8N,2,2
1Sy41HCCozDBL73orZpW5Y,3,3
1SyOjtLqqqk2AVLZnRI3bk,2,2
1T0LELb5T66hlUGmeTyTow,3,3
1T0NvgD6SHsWLwPsK75en8,5,5
1T1ihaGSLwkC2x0jaYodIp,2,2
1T575AhHueYinKSDflEsGK,2,2
1T5QvLF9lO4HO3OZQbaX9p,2,2
1T8grchCkVHRzP2McY9ARx,2,2
1TIiWomS4i0Ikaf9EKdcLn,2,2
1TIsOOBDt8F9NCZuWgDqWr,2,2
1TJWMiPWkDkPma4XE2ovhp,2,2
1TOTD0EtlxIzkKuUJtHFLC,2,2
1TQXIltqoZ5XXyfCbAeSQQ,2,2
1TRgZ55GFCKSbrTb62rmra,2,2
1TRnIxwWeJoE6MVimzjw2w,4,4
1TURPL0kG4SEOanrx37yeo,2,2
1TUpKepASZ9fQbcG2v9kOy,2,2
1TVd8FHpeg1Afa92kaO0kR,3,3
1TbtdFSGDB7tREDarNlUne,2,2
1TdHueeRrDSNQd7xiK7UUC,2,2
1TeCAcxi2v5dHeSdDramNC,2,2
1TfqLAPs4K3s2rJMoCokcS,2,2
1TieYORMOIeZoU2Yfkyfgs,3,3
1TkyDEdjiUuYhoMkxdZCiO,6,6
1TmBaKkDUu0akM9xzSxRia,3,3
1Tmfs0v6qKcFJi8XOeOukF,2,2
1TnUURhehaoMWKAqQtirm6,3,3
1TqK433GmmiRzqoB69ivho,2,2
1TvNcWY7WwPLQINhimxycA,4,4
1TxtDLNSEJANynR9Xp5TMe,2,2
1Tye6LTBg8tGv67jygbg6n,2,2
1TyzAag3Pjh9D3eslUjuSX,2,2
1U0WQ4RwkVkKXu3uOY3fdQ,2,2
1U0r0NTk1REudDGzNICs17,2,2
1U1DAlctm9lKbTYUSczTgU,3,3
1U6K8MHPdkqaBoJOfhXjPx,4,4
1U70hVLqpeVO7IjMsw0k6I,3,3
1U7GmrnyBWxvBOsJdhrN1d,2,2
1U7Y9C4YpHYp1EJP1p5rRs,2,2
1U82gUMih9tyunTPWnxvlR,2,2
1U8rhryVYw9gWZ6zvw4Orc,3,3
1UBQ5GK8JaQjm5VbkBZY66,2,2
1UBUkoQ8Pp6nRQbsUQqVXL,3,3
1UEUzTALPqCT2oDJ3LoQfC,2,2
1UEj7RpdqH02grDvdxTKLP,3,3
1UFyg50crB3cjd2euYKHoH,2,2
1UHATOi2uLeTk3UHKBwR30,2,2
1UKkPuBWDjdNJQH4gCckPp,2,2
1UKobFsdqNXQb8OthimCKe,2,2
1UKp5X9cPp9vMnTb39nnvg,2,2
1UMcb0kTXyqzan7t8Z8euH,2,2
1UTdSl8RRxiYSfv9v0tdhL,4,4
1UWGkn34CD31VQfdi4D8Zp,2,2
1UWYmWcYtNeoVfI05gL05Z,2,2
1UYZWCuMG9N2do5ZnvWh9x,3,3
1UZnrzYlaJvM4MPPV19iQQ,2,2
1UhQf6drOjGtJ08aKYMoll,2,2
1UiC5wLlvxBWhQBfGeUlxG,2,2
1UkNeA31KnDeAhLaPoYgFi,2,2
1UktZnwuS1reRmRtli8QS9,2,2
1Ukz0CbWzSxCx8IEMGvvIE,4,4
1UtRBq2n0IlQNA1WI3axWX,2,2
1Uu1dI6OcKWuMLLv8ki3lN,2,2
1UvLYkSfgqGbEgykqBWGx6,2,2
1UwUhKmFxGKs59xiWO60Sx,3,3
1UwwbPgKGOoSbqqHm9Xxzn,2,2
1Uxk2dxmATlKH5quLX2iFG,2,2
1V2fuhBUbCzcGqMANeYmYy,2,2
1V32d35b2hRkXJYbNQy07q,3,3
1V6nk2hpLtdemWy3HvTVpN,2,2
1V84nWUcaKN1j3vYvxfd5t,3,3
1V9deTZW2hGpBfJaTvQ5lw,2,2
1VAnb6RrxA6eJiywZYyTWG,2,1
1VCZcKzxff1EmN8eNcFVZy,3,3
1VDnY8UOAqr3ugFaJWFTYh,2,2
1VE9nQhNIs8Xzyy10GxWhB,2,2
1VEBHl13HTNQX82pkSivoB,2,2
1VHjjOOllU87VRa8B2EWiX,4,4
1VIzgYvo4Got947F1EMGIo,2,2
1VNP6bgTcqE6cxkU8Zpy21,2,2
1VNWaY3uNfoeWqb5U8x2QX,2,2
1VNfpCEQ0PfyfbuE5N8alF,2,2
1VNgkKygpjGFRrMRkzMJDh,2,2
1VQIWTMzZUeJM5HmLwaKEp,3,3
1VTMnL02a5mShVJxbZWunu,2,2
1VY48jCBWuapKl0N5MXoJD,2,2
1VaAnbmgTkBHcGEXaBU673,2,2
1VaUIU5YQhheEETQmV4Nlr,2,2
1Vb4HQnN2kZ5Y2KgYF5TDV,2,2
1VbvIiHcCkdgPeRZjEa9Kp,2,2
1Vc0GbabaIukvQZeQTrNQc,3,3
1VcuJEXx7wZ81QrIXKYTlC,2,2
1Vej0qeQ3ioKwpI6FUbRv1,3,3
1VfRyJfWhWgb84I2MASqk1,4,4
1VhGRC4yzcDFBM4yQSpUGg,2,2
1Vkokw1TnFV6HEhyQ7OAB9,2,2
1Vl9pXCmq6m2FbpxqHptTY,4,4
1VrIr1toXX6bOSdotodB71,3,3
1VvGJIAjhGdB7InVP9NA7V,2,2
1VvZCnaVnrJyJeNPCz0KDT,2,2
1VyiUi0mRnSKgtHa5dBoUd,4,4
1W1dS4VnIrYnllQJ3CAcZy,2,2
1W1wxzJyuHRjtxMPMhqufs,2,2
1W8uXzcf0k3pFDnwqAiDY2,2,2
1WBs2MWGUFoxoshHtUeBrT,2,2
1WDDMw1k46OS4W2IGxmLzj,3,3
1WEToeRWLqfsufm2ZpMiij,3,3
1WFVfVjCtbmdIv7j3Fa9iy,2,2
1WWq2DUV0UbO4XJda2usuv,2,2
1We89SAonMk70QBbfXERxa,2,2
1WfShFNteH2XK96ahIWikp,3,3
1WfkLWberK650GDPDoc5uf,3,3
1WhWizm70M63k5UVIHX1Fe,2,2
1WheyFsHUcBWQ33WNHcZdI,2,2
1WlczFEOAsYO3iOuZDkps8,2,2
1Wm35uHkiDlb3YKPJeh5Oh,4,4
1WmrZqiaAztoRBpE2WfmYL,2,2
1WnTw4Tzpc5q9dHMjs4aHu,2,2
1WoOzgvz6CgH4pX6a1RKGp,2,2
1WoPnsEsqZM8pw1RHlqeUC,2,2
1WsHKAuN9vDthcmimdqqaY,2,2
1WsPeKmEE0NSgq6F3y2Ot6,2,2
1Wt8OoQoQ2DsoPHs0TdOHn,3,3
1Wu5ERJDVhEUDKSim34CnP,2,2
1WuoZRuRpCROHXYlnUyYdR,2,2
1Wvph9sXg6DRI0sVj0xsoy,2,2
1WyBe9jWz0wbwUItMAnaLb,2,2
1X19KuKnCG4l9kl2QXcNuD,2,2
1XA70LvTgplYtHMzgB8N3A,2,2
1XGsEVaoYosgzQNUQrXyUb,5,5
1XK0SrwnujLMZv22WjVQU9,2,2
1XSxP8pGMS1gqCiCWJEPvH,2,2
1XTXpb4JcidFdrZtz7HlkQ,3,3
1XUYJ4xjlNoxQqNWc5Hnho,4,4
1XYCWk1IBt0qA8BaQPV0VM,2,2
1XZPtZVqcOzzxbYIR7MjQw,3,3
1XcM5R8ytZTXDoBmTFzB66,5,5
1XdOmwUJMLTM4PLfDdGlCF,2,2
1XdjKkMcjRxzHQoemRGGuL,3,3
1XigMhsDWjz3GlY3tVIFhS,2,2
1XjrpDJARnUJtL1wRUQMbI,5,5
1XkFtuJTzttOXoUh1OULxV,2,2
1XlosMc3GohfbyiCnUZOCR,2,2
1XlpaijGmAY0pWe16oucrC,3,3
1XmoGNf6OVs6N251UejkbN,4,4
1XoMhaVxtcVukieSHOpBtn,2,2
1XoqYXr8L0X7kpivUph328,2,2
1XqIxigWCw3zeJH7AjqI9p,2,2
1XqWGzOdE6Q6FgFwAg0t9R,2,2
1Xr3nDuffQIuOMqJ4KnHk4,2,2
1XrSjpNe49IiygZfzb74pk,2,2
1Xrf5BJyUPBhGubo9VJiGS,2,2
1Xs9iuEBZKS8RnqpFptfcC,2,2
1XtKDLAUMpkP7d5As2tMdo,3,3
1XunTmhOcj3xwh4b8P3isX,2,2
1XwCMlrS2Idp9kKQyXMyCP,2,2
1XyYs3w2qNU7TFyPxBYgVt,2,2
1Y1TUKvMGwtEkJ0hMQFjuf,4,4
1Y3LN4zO1Edc2EluIoSPJN,2,2
1Y3W451uvsj7cz5KSaZFjn,2,2
1YIkj75IPsfW4fzPB6qNlE,2,2
1YIxmHt4EKS0gMs3L0mxQV,2,2
1YJN6nRrwKrUpY5aL3NQc6,2,2
1YMBg7rOjxzbya0fPOYfNX,3,3
1YMLgvsQdE27r30q0fsLeV,2,2
1YOjbom11usDpFDWNuX2dM,2,1
1YPxUP9zcrvDQpX3ZCjKan,2,2
1YQk5vR4YduJFoSzr0kvKT,4,4
1YYhDizHx7PnDhAhko6cDS,5,5
1YZ729KpJgWrqnXE3IwhcO,2,2
1YeeP800KEmlmDygVMIrC2,3,3
1YfTEptpSZ3lCZDZcuqjEE,4,4
1YffYMKpricZh02Sh5nTMK,2,2
1Ygg8lP3sRwkN9aEyBQgC6,2,2
1YhZbKOU47hnRb2q8LOHKH,2,2
1YiKbubLpCNli6Bu70y0Mf,2,2
1YjXQJ3GTOpwjYoewWrvou,2,2
1Yk0cQdMLx5RzzFTYwmuld,2,2
1YlCyC5mesTP4h2009JkCd,2,2
1Ylkd7GPx0VpwHNlAGpig2,2,2
1YlulsUKDduOmC7WxvXYPW,2,2
1YmwVsxhLGfcfHekcK794T,2,2
1YpHyt9OaNL6Jk2F5pRyCm,2,2
1YrnDTqvcnUKxAIeXyaEmU,2,2
1YsAj4ybnMC11VoTg7k6s5,5,5
1YvLvyEHEUv6xuablK3kpj,2,2
1YwV5exHom240IG2pHNGks,2,2
1YxJ0LwE6HQM8COctgjZVo,5,5
1Z4Abuc0cgkfoB7591S8gv,3,3
1ZCreSfHLOgtmC85t9nNsI,4,4
1ZE6ebWHUSp2v6JAPpp8eS,2,2
1ZE8dSKL83pY6qInQG5CA5,3,3
1ZEOIhSn6BKErV59bIgn76,2,2
1ZFZQK8OGNdRP7NE8DFJMc,2,2
1ZFm5SAlmVzufSu1CYWiBN,2,2
1ZGmDs16vtSI0nlxDFljFK,3,3
1ZHTX7Q6zhUYBINvRQnSrk,2,2
1ZJ2XcPB5r4yK08gvJbZdW,2,2
1ZJ8pODFM2y5DeSthUTBrC,2,2
1ZJFc8isFWKXtN1BlE20fX,2,2
1ZLExfqDJGcoZfc6l1vDws,4,4
1ZLtE9tSJdaUiIJ9YoKHQe,2,2
1ZM2OI2cuxpkGHZqnlC8zW,2,2
1ZMq0qzXfGnFo7BN03yddJ,2,2
1ZNDa26Rrj8VVOnsV7q1Dj,3,3
1ZQYtiSmHLT1aiPDsIjvGn,2,2
1ZSkCjwkcyNnXnaRptBTnL,2,2
1ZVM6nEcLkBQAawbYufNZI,2,2
1ZVPAgx4MwaAbrNJXP4kbC,3,3
1ZcvdGsORCJlk0H1hwgAFt,3,3
1ZdhOMWyFR8Iv9eylMGYg2,2,2
1ZdhsDAC5Pn0x2nwPJdxpu,2,2
1ZhmacPRRzLc9p3JPhWkCZ,4,4
1ZitTmSr7Qj4M6LPHnxI5c,3,3
1ZncGj6fmxAvJka0i86ONx,2,2
1Zo5U3cJVRLhYCXhm8TMV8,2,2
1ZoQVu9XBssJBdeKMgF2eV,3,3
1ZozJfi8u9cO2Ob8KwiwNT,2,2
1ZzSy8HeLFZAeuQi577bhB,3,3
1a2biJevaaCeW9w32vLyBO,2,2
1a4USTrL1ZtLggEllkU2vw,2,2
1a4UteUQkqUIOr3YQQ20fD,5,5
1a4k2osHzhVwhvgINJERyN,4,4
1a7ZHtzNCTPuJkStK8WJbq,4,4
1a8tAQAzHIPQ00OPBXGWPz,4,4
1aAcW69jxv3pp3I84oZGqP,3,3
1aAhNjAqKqUFQ93uesAytf,2,2
1aDNYyeU62BuQsBAY18i48,2,2
1aDW8ixWyS9YIyapp5JYLu,2,2
1aFH4LS4kZS8BOCJ1hrVjV,2,2
1aJMAxzhtScf4nJCbXX1O2,4,4
1aJwIrmZskcIVeegeZBz5E,2,2
1aKSNq3Skm9MIIksjx5bFy,4,4
1aKWVte1CI5bGADzUS7ry3,2,2
1aL399KnfueCuX3gPML2Rp,2,2
1aL9518P5G72N92b48tuKw,2,2
1aL952bo0KZTPevSl3207C,5,5
1aMNCs3iwTvST721GNHlB1,2,2
1aPqexHVW20OTamBHdWWVL,3,3
1aQjSuo7Oul4A51k6dQxAp,4,4
1aSlbsafTMTjyu9Q616v8a,2,2
1aToLFSxAcwwAXuUBpgHWn,2,2
1aW7Cno3iDf1jIraOXLOKJ,2,1
1aWpEHa4XrPz9H2Fqhav4S,3,3
1aXFBWnnPFRKUN7vuIA5h0,2,2
1ae8XfBQ3fDEvmBjFaemGV,2,2
1aesK4KrWp8IF3jtRdA3WJ,2,2
1afITFFlf2Sg7JVhND5RZK,2,2
1afMigcYdKpRwDf8IyXnln,2,2
1agtaCOcYInQgk6JQkrSag,3,3
1ahVFh0ViDZr8LvkEVlq3B,3,3
1alTFChaR599v3YgjecITE,3,3
1aoHxBiR8NAOMbgfioUN0V,2,2
1ap4zdsBydWPSXJqDBqtNL,2,2
1aqfzt5mpPoi7kYTFlfnIi,2,2
1awtp7rf6ajhGY9BgzCHeZ,2,2
1ayY7LLVuMg8sWhjxqZSoT,2,2
1b0V8VyZD9XyyXYQG0lN5K,3,3
1b5qdsOkBg9R0S12ng3Ees,2,2
1b7DozY0xHWXU1T84Lck1z,2,2
1b876Botb2h1Mf5L37anDJ,3,3
1bAhB2a2UeacLYrizlVfHG,3,3
1bBIW9ldf7Ehk0oLeNeTj7,4,3
1bEppoRAORPzwVS6y3F4Ef,3,3
1bEuLIBkVliL3hsp47FdLz,3,3
1bFUwEfAmklgCwoPx2Ibi8,2,2
1bFgMkoazsyZGSflpCzYm6,3,3
1bH5saVHEnEdNyFydlkCC3,2,2
1bHhB1E62CqbM3uVZVvaEl,2,2
1bHs8lt40yPg2VejypcFCZ,2,2
1bI9jePC8sxwC8wGtCDCqR,2,2
1bIZxrSkbxatnTo8ObcIxX,2,2
1bJAynHEPbXhmaezqhnPTu,2,2
1bK0ReDd5OXyul71Nl1d9o,3,3
1bKQ48M9onID2kbSpRy8kK,3,3
1bNsvWmJGd4pdpahQhlK9T,2,2
1bO9AXIlBcoNnHLjDoBBNT,2,2
1bOENKlPYEDXyH9kLFUsnj,5,5
1bVslz2XV2aF98w9JQekiA,2,2
1bYI5bQggwEA4JAwr0qD31,4,4
1beeD7dhYYODv4dl55wNRK,4,4
1bgKMxPQU7JIZEhNsM1vFs,3,3
1bo7IzH8YJ3cdh5kcCe1LT,2,2
1bp2IO61zbQrbWNmKKxg3f,3,3
1bsSaYmy0vOUH8tux2hAYV,2,2
1bxtePWzYybaPiUZqvgQVf,2,2
1c1sdxrYLIiuJOlE7PPttb,2,2
1c2vVx6knoiZHXbJJ9Mk8L,3,3
1c5nEHOaaOlU6em1GhIsnV,2,2
1c76mkLcJIvmR3pmGh2l2q,2,2
1c7UYTut2SBOPq64o2t0uN,2,2
1c7w0G7N7432XZLmlcpzlb,2,2
1c8h1SBYY44ys4EuaIZJMn,2,2
1c9MeAa2tLEoZl5osXf5Ts,5,5
1cAHzi5BEJv94qAKdWM51X,2,2
1cAl2nk24dN10qsR9bYJ1s,2,2
1cIshWeBy31zCZA2VueOQf,2,2
1cKCn6Wf63j9qdUKSVi356,3,3
1cKtQSJ8pMVErEIJzTYsSe,2,2
1cMm0YeJSgTpodPSm2I5TT,2,2
1cPfKp9ThNZ1fez9itmUMN,2,2
1cQWPpfdWpCQtkhjT6vUTn,2,2
1cU34sZG9kF4FYHCoAD0Ib,2,2
1cUq9SX7nQL1u0kKyhT7lX,3,3
1cYoCL141PXTgfMAjZhreI,3,3
1cbCEtcGU25HvwMrZDPqJy,2,2
1ccNLIJMQxsTleaULYWwZD,2,2
1cgM0c7AhnbJSZKgaXLNgF,2,1
1cgy2FSOQMbq7DHCVgMAUA,2,2
1chnlLONX1BubwxEnL0fln,2,2
1cmIuauHOxvxzTCFXFnNRL,2,2
1coB4xdhsMLxZafnM9Gwjt,3,3
1cp3GHAfA4LG6xf6SXOKkw,2,2
1cplEBWw9Vft6ibCPSFCxp,2,2
1csCVXWrL0aJgIZupMOIMV,3,3
1cw2CLeQlhYbJmSbi2lxxD,2,2
1cx7kDfiHlvQWwPRNxQrfQ,2,2
1cz1Z22xmJQaALUgUXzUaq,2,2
1czrV52qlUec3aPirLYYcL,3,3
1d138kngFyyMN6XFOtHAae,2,2
1d39v4V4DmrrLiFX4DKHBv,2,2
1d5UdIZGo30YtBoCPzb2Vc,2,2
1d6BkMki9M6K0yp9OLBzOM,3,3
1d6zb2JQZt9LpxOwU1E3y4,3,3
1d9KF847JVwN14mR4zBe8l,3,3
1dB1kzLOjTcmSHttRd8bnV,2,2
1dDbLpPDquPovTN96MQbCy,3,3
1dHUE2qgUIjCDseYsY1S26,2,2
1dIChAQ6MLzIsXWl6vWAqX,2,2
1dIXsFBeNCNVM6Vo3OwaR6,3,3
1dIah1UaJi3n5pwOaOd5QV,2,2
1dJojwU52t4AdB3DhbGRcj,2,2
1dNIEtp7AY3oDAKCGg2XkH,4,4
1dPedzqigh21ktQ4y8tBmP,3,3
1dR6FTBLW09mAtEgUfX5Zh,2,2
1dVZeuQFWzSI22d3hPEncI,4,3
1dVn0YP06AMySJXG6hdC55,2,2
1dVuRDQTEskwGzyhpDzzNk,2,2
1dYw8HTRJnFpeEeMtXj99a,3,3
1di1C0QI6Y92yZPYn6XYAZ,4,4
1djJRLSBe7UKJ7F1p3tidC,2,2
1djh7DdNiRHdGFj5ils3BN,2,2
1dnfJhycquK7AK5dRCsNIn,2,2
1doAHx3ddCl2iEbZGOWvnr,2,2
1dt220OBbkTsYz1NLVKIaw,2,2
1dtx9AyVFLG001tZ6aNIAf,4,4
1dvXE4o62kwbukZcoCj7YT,2,2
1dvlY1iYFNgO7SFWRGHB3x,6,6
1e0Ug0zJLPFi1fmHGQfeko,2,2
1e0V7CMEcXaPAMtL4b5VtV,2,2
1e2uzg2yWFPoYs0hKx65yE,2,2
1e42ag8I6aNSeRd5vNGhLu,2,2
1eB8V2uiVe9GHLaEHmG4TY,2,2
1eFwkAHcq1WOdqe55bCZ8L,2,2
1eGW1YBT17a5G1hKPWrpW7,2,2
1eHKoBZqMJFqge2m7s4DPa,2,2
1eJ8xprO5ZvX4A6YC2gcyF,2,2
1eK1ZyBymaRWFcZBjY8dmL,2,2
1eK9FbqhWUoolfJdiQtKaO,2,2
1eNsBd4FoFc6hYmnoe0CVC,2,2
1ePuI28sGPx7ROzKZBRbqS,2,2
1eSmUVZcTsTLGoi3iGWiMt,2,2
1eT2CjXwFXNx6oY5ydvzKU,2,2
1eUrfmvVOuy7RsS11Kz74Q,2,2
1eV81a6H4xDdpi8r2C4tQT,3,3
1eXeb2RwfAn6iKUPmGyfs4,2,2
1eZ5entDSTCWB1b4gHeFXO,2,2
1eZD6r9eZgKgyYb5j7M4Wn,2,2
1eau7EVXGFffQAGYFxIx6w,2,2
1ecT8HKw4RnjgGoC63jHXI,2,2
1efXqlqA5jfPVZM0zCTBKY,3,3
1eh0KNddkwlXjI8c5H6K3j,5,5
1elhmWW7Bv0MOQj2gAsyoV,5,5
1eoQsc67QBYVC4Pw84Lqk8,4,4
1eqGYJJr2z2GXK1i0hD3BC,2,2
1eqNj2KekcQ8GKWoW4yFr6,4,4
1esE8j1nVyzEQ5rVhYXoJT,3,3
1euKWJfJSfPhgSendPrcXb,2,2
1f0W7YIdWXuJ70ZU6j5VBA,2,2
1f0ykkUsIVLXnoVcpvg8zh,2,2
1f2V8U1BiWaC9aJWmpOARe,3,3
1f37bCa9wTI9vEKp21eIrl,2,2
1f5gQuy8aQEj6WX9wc8i3k,2,2
1f5uD6ZGC5kCq69GyAT4OR,2,2
1f9jv3jIHqwZhVW7NMAgYN,5,5
1f9lD5VdRIGdSihiIwOFSx,2,2
1fDFHXcykq4iw8Gg7s5hG9,2,2
1fDWOEGUGXfXSlDDP3qz1f,2,2
1fDsrQ23eTAVFElUMaf38X,3,3
1fE4yrhQZdRzlMS0Ve0m18,2,2
1fEGtTZjrjJW8eUeewnNJR,2,2
1fJFuvU2ldmeAm5nFIHcPP,2,2
1fK4CGWKy5rJDK5Ss5vSHd,2,2
1fN2cemf6ByT2WKqtumwR5,2,2
1fRadkuwHEqwMuiY5ns15C,2,2
1fSdAkbofT03q7ddO2jdss,2,2
1fSfbrzIlBuT1XIjqRe1eM,5,5
1fbsUD9EumzryL4OEhoG6s,3,3
1fe2sInhU41vnz8FsIPhyz,2,2
1fgpD8xxztlTpCVpOYb3hv,4,4
1fguCbTXxKtNOgz4bYDQzL,2,2
1fhcMMxjn3Gvin19Akf3Ig,2,2
1fjEqgLOazxk7zM6cgVwFU,2,2
1fkKTSAmrguXmlZ1we0BQp,4,3
1fkYmLPG2Oi2AkUmcspWKl,3,3
1fkjRQA8wXPPyxqYLbxuqy,2,2
1fksdx1HllkoGuCo8lokIr,3,3
1fl2pEDROb4TFyqQtV6LBL,2,2
1fmoCZ6mtMiqA5GHWPcZz9,3,3
1fphZ0ZxsFBEfrXWfc18g6,4,4
1fzw0qGcB6xs4IBXhdfAkj,2,2
1g0xyCMUBKUaMDCk00Hhmk,2,2
1g3CdJPxXVYk2r9VTUgMNX,3,3
1g6C5sgsJHqW4XAdLyDp9A,2,2
1g7j5AxiNKTGjryhFIlAsA,2,2
1g9uKyOlpEAt2d0qiO0JMn,2,2
1gAaRSN57UYVRI4eWRyAvP,2,2
1gCP90gwbynaN4zaaMQU7L,3,3
1gDa6mXtwP3xE8tCNYAYDl,3,3
1gFNm7cXfG1vSMcxPpSxec,2,2
1gHJ8Y9xdcOPfg5tyBIL40,3,2
1gJA27xiMdENwoAVN7kMlo,2,2
1gJrH78tBc0ymRXZiizxKx,4,4
1gOmVDqb4YmcCNbPA32V3n,2,2
1gPl1vIBXFwInMXHJ5Ug7Y,2,2
1gQ0W0XKnOUpmcD5Vzs8e7,2,2
1gUrib1Zs9FCjWQhqQX6dh,3,3
1gV0hgMNdpSWeW7ZjSUKnX,4,4
1gVKw1G0tDBCLvZqTpeSg5,3,3
1gWtHDe403RuyZqhvSRcv8,6,6
1gXAOrVN8fJ2CaASrNhofk,2,2
1gXqg06Sc5301iRoKNhRRL,2,1
1ga4PztXOIw1yBbdUt2X8v,2,2
1gakI6999vdP3STkGyaO6L,3,3
1gbUrCmsJchMppBeC6wL3r,2,2
1gcESexgftSuLuML57Y69q,3,3
1gdMwDjEMYMwfI9Q19B5Uh,2,2
1gdghsFly6UyRWpARtW5mp,2,2
1ghv8smG2wTI2Rhs2eghih,2,1
1gihuPhrLraKYrJMAEONyc,3,3
1gj9poFl2mLKkguqWo5Y1i,2,2
1glms9EfGPeDFhBWT3ym7f,2,2
1gpKOLsFDK1Gga7wnDcNwT,5,5
1grvqYbhgqJxwdzeY1vgSb,3,3
1gt8YXWknKt4sRNZ6SirVW,5,5
1gu8VJ0d28EsXtcgKzJcSl,4,4
1gxmaTGnxEgZuV8485tevN,4,4
1h04XMpzGzmAudoI6VHBgA,2,2
1h14l9C0JnxfqCazWSg54O,2,2
1h1ifeLsjsIsje9aYOaYkE,2,2
1h2AvjqgWC6hakpbGJUb7Z,2,2
1hB4340DP1nnBmfWn37uTN,4,3
1hBM2D1ULT3aeKuddSwPsK,2,2
1hBdAohS9PQAmIOGe98SbL,2,2
1hDMHBbFCXMMZCS2EOBYKV,2,2
1hDNg43vCjUHSJSzETUHdN,2,2
1hFwaausMlZ1rSUnUAh0fu,2,2
1hHGUdFaiJHw9hVZGJWYO2,3,3
1hIDTpCdDQ4yluhcOOZtYb,2,2
1hLgXDyabDLzzuAxujQPBU,2,2
1hLvWelTny8vttEEZIXVjw,2,2
1hMNK2NJhojDWX8E70w8DN,3,3
1hMZDDqL6ThRyJQ5rsLiB5,4,4
1hQFF33xi8ruavZNyovtUN,2,2
1hQcElFh9jzZnyLPfoMI9G,3,3
1hQia6rxgfM1ly2hE3StWp,2,2
1hRa373L1NxacnE6HdEVSF,2,2
1hTUFqJuQAMjXVGwUPWDqi,2,2
1hV0Ue00iyNCZvb1n0VyGf,2,2
1hXWYmEbxkgJCJ4J4IsYWK,2,2
1hYKf70p3y7dX5Na2qDARt,2,2
1hdlpRiRTVIjO6yGYVLJJp,2,2
1hff7LUnttGIGzbCAjAC4B,2,2
1hgvykolO4kBIEozATmpyj,2,2
1hlveB9M6ijHZRbzZ2teyh,2,2
1hmfCUTmSfLWecxk8JDNRr,2,2
1hoeIeIVXV9nDPWL21Nbjj,2,2
1holHGo4s2UG0p7tyGImFc,2,2
1hqiUgSEsjZlpQPZ85I61N,4,4
1hzG75FpGksAvkeSg6SDj6,2,2
1hzhPRth1Dr4ZO1fr21G4g,5,5
1i1fxkWeaMmKEB4T7zqbzK,4,4
1i36kkhmhBxf4lYJscg5zK,2,2
1i663MaTN7dcRxv2UPKOlu,3,3
1i6N76fftMZhijOzFQ5ZtL,3,3
1i8s3cuXeFCUj5Jz3x2rgw,2,2
1iGxfmnAIZlbhsEzSAhqaY,2,2
1iIPI8CWallsW53fL9hwQh,2,2
1iIk4Q10fffmVs3WPvDfxU,3,3
1iJrpVnmzL2GSCFfciZoR5,2,2
1iL1z1KHwsDdgPzEiqQAvt,2,2
1iSyH8ek7Eqc8UWOReZaqg,2,2
1iUgrte2PxLxQ6Te95RnAV,2,2
1iWgFnhR0oW5Mup8yXDAPW,2,2
1ia62vfFbklbRgNfx0CPC5,4,4
1iaTDu4PCIWQQOwwwqq5qW,2,2
1iciuWk8TNPqD9pmziEacx,2,2
1ihSSnA4d0dcxQouy7gtNJ,2,2
1iqj7vNKGuT0AIGJ11Kojy,2,2
1is8gU4RVcN4J8xItxWoOY,2,2
1itG2L5fjV1Ei958Cd6UjL,2,2
1ixbwbeBi5ufN4noUKmW5a,2,2
1j0cYTlC0yvSc2ickkpn2M,2,2
1j8z4TTjJ1YOdoFEDwJTQa,2,2
1jAVN7pbj6QvSxxxZzb8NT,2,2
1jBIlZyCUOylXmEuLNvGCQ,2,2
1jFhnVoJkcB4lf9tT0rSZS,2,2
1jJ893m6WM9aztKtzYmNJY,3,3
1jJci4qxiYcOHhQR247rEU,2,2
1jJiM8kiIRSZ95xhLmoQZr,2,1
1jKYhH2LpyOpfCDfklX9oc,3,3
1jLsirPDkUS2g4gnkYua58,2,2
1jOLTO379yIu9aMnCkpMQl,2,2
1jT2yBR6qi5mrGwFGIeKmR,4,4
1jU7sUPTdYEzAvrFn6po5l,4,4
1jVVc6xsGbG9frXgMAX3RR,4,4
1jcQ040aWKeiUGJ2IcnFtV,2,2
1jdAzKbRRrIQ3fpodftKfj,3,3
1je4krqWE1l0ojYvjacpxw,2,2
1jkh0HKmZnBELVtNcWQ3eZ,2,2
1jlOBkk10A0GyBwsURt1yp,2,2
1jonu9vIvWaS012ELrkYWx,4,4
1jq28NGw6wdtFKx8MBPy6C,4,4
1ju7EsSGvRybSNEsRvc7qY,3,3
1jwuShQSV702Hsu3kgFHkg,2,2
1jy7SkRcmBCTcv4ZMtwz29,2,2
1jz6nNE00KCKqVXCzBr5JW,2,2
1k0YFNylstvLBC3C5vPWP9,2,2
1k1Bqnv2R0uJXQN4u6LKYt,2,2
1k5YcZkESDSl6iJylkoOOK,4,4
1k6As9e3M8qfijnNhDebO0,2,2
1kBM7AURqQTIXFePNVpEwP,3,3
1kDgTJ9u8DgIYHBS5BEc9V,2,2
1kDkaFlmkdEZiVUogaP9OZ,2,2
1kFhUVgekAWjOWX2ZzvsCN,2,2
1kHALpICgIoP4OXuo6UoSV,2,2
1kJ6btG5HwSI1S2sBUvUvI,3,3
1kJvdhrr9MHOZ1e1PhTXTG,4,4
1kKPRIlPOXmaAMlYxY8sSS,2,2
1kMObCQiYe5opqybH7ZNPD,3,3
1kMlcLyljkrShV0LSdSGBz,2,2
1kOfQVjzwH96tdrz2emKus,2,2
1kPBT8S2wJFNAyBMnGVZgL,2,2
1kPpge9JDLpcj15qgrPbYX,3,3
1kQ0aj0mnjd5xKrYKLZo64,2,2
1kSjPQCJfwVkPcxflNMJK2,3,3
1kSjuuFakqNTQK63pzDTin,2,2
1kVp5JBxCwO8o87YbKEd5f,2,2
1kcV2LJxt5v0s2cEGtEJ5i,2,2
1kcYfi1mkfhnJYntYSi9gb,3,3
1kdumEk4vjB6LTjtp59YdL,2,2
1kl9shHWQQdpPFV3w8e7ZQ,2,2
1ko2iL09yVsV57V1Z616KP,2,2
1koF8KimSlZGaxrtoSEBFM,3,3
1kpQ8P7L3aIJg5Pnr6fdpG,2,2
1kvZL6kWs8JTgw9dJQJYWY,2,2
1kvkYrjZh561EJwERr8EsK,2,2
1kvq7ksGQWSyRysYYNd6lu,2,2
1kwHrBWAlucOE57lWugotk,4,4
1l1ra0gsPlpnDOc4HdkKZU,4,4
1l3CKosutLUUgSmnJJAyof,2,2
1l4pW7Tklvcc3k38rDFMkk,3,3
1l6fmXCPtTpJrKpYBe9bBw,3,3
1l75b5q10NeaBkyMy18R5N,2,2
1lATXTBJDHwawvT1UfxWu3,2,2
1lAVCaEi47Fy5zwyxndYn4,2,2
1lCOmD1I33KfpnbBfB1Zpb,3,3
1lGJG7xbPfctagSQNv0t9A,2,2
1lJWopyBsnNY029HUETv0R,2,2
1lOhnZV1VVicEMHDEsUXVQ,2,1
1lQLxZODSaf2W1KBzH3hne,2,1
1lQycHorbIQwYBsLFPzDif,2,2
1lTfD2M6UpJRWi3YLb8qb5,2,2
1lXyxleB814ehGUXzsWNXu,2,2
1lYHv3SEkE6wKfZRe0HMOG,3,3
1lZ6BfK3ZvSnG1s7l1haT0,2,2
1lZzyOyH9LSAWFjHKz9TT2,2,2
1lbUtnuS8AYvKd0lziKpJ4,2,2
1leddRslEbv86BJKHd7BOb,2,2
1lewHWUDmqsHvLhf5Vz4hF,2,2
1liRNanPls9Ri9LwcbMw1Z,2,2
1louJpMmzEicAn7lzDalPW,3,3
1lrUQn3fJDL2DqDf1EccbZ,4,4
1lrmmpIgUeluYHmPN5lhxr,2,2
1lusH0zFDRV1ThaFYsUgfi,3,3
1lypBFGiKyft1PVgNp358Y,3,3
1m1yOOUMSoObnB13xhtXFx,2,2
1m37Hf4mCV6XoGA1AuSfR9,3,3
1m3qFOyT5u01Yd2WBVX0cI,2,2
1m69ELEgE6k5ZWsap40ozt,2,2
1m8HLFKbX2BjlD74CfgSyH,2,2
1mB7dCUM7sPyNab6R43nlj,4,4
1mBsA7LPkVA9SuHEJdcE53,2,2
1mCmHiSivRYNDghiq1lfnz,2,2
1mCx32u41MITwQIlYTeZ6x,3,3
1mEDRi6QFAASefQpHUxajr,2,2
1mI1mWoIhygCSlMv9gDLqo,2,2
1mJZalDNdBZmBNqSSMsgma,2,2
1mKn5hUaKv6R4DSLB3i4Z2,3,3
1mL049WdQx0AkXwyleFhcw,2,2
1mM1piMRF5wPx4nLMBvWpt,2,2
1mNeXxPfXOQUcdSB0qJV6W,3,3
1mOhRdYfCMLbyzrQPPcGMG,4,4
1mQxwuR5fKytJ1N32I5xj1,2,2
1mR8QLenUNHA2T1jJLosp3,2,2
1mWdyqs6Zvg8b1lKjDc8yB,3,3
1mXSMXuod60fZA5rns0X2H,2,2
1meXK8bC29YKP011kHQml1,2,2
1mecmGWlkkXnSWbvcP7ArF,2,2
1mgsWGf69P448vP0md1Z8e,2,2
1mjC68qU0Q9HlCIZHZAEko,2,2
1ml3WGeluftee3DiSfyIGx,4,4
1moFkZDqcjQNeXtyoanLHv,4,4
1mskmld5ZKEhRaNvYVPoqZ,2,2
1my3zKoxmeNpOn0ltcTT5S,2,2
1mzyWMQf2TtVJzHM1Hf3Pv,3,3
1n1IDjxVczGQoNg4GMl670,2,2
1n1b2lwdRdWF5RAaA0vewk,2,2
1n5gnI3Wue9WBpYFOIQNh1,2,2
1n9gqDium7ymmaccaEshsP,2,2
1nAoLuGshX8UZyqKWXUCYG,2,2
1nAqLID4ZQTgDx4mkL4Ikt,2,2
1nFJAKHt0jgzVogbNJT3Zz,2,2
1nGbV5JylrjkgigRUWswqX,2,2
1nNIr4oOXhBn6vWSsE6hu2,2,2
1nPfUuE8XYrnsaToI81yyO,2,2
1nQYbtP8RwXxA7DwW6Kn38,5,5
1nRHE3fyknlOsrW56oG53W,2,2
1nS2gyHrXNqlCM7f1A90Pi,2,2
1nS8PR4EyWI6rLiCfAGlT6,3,3
1nYAl9wYboVclul2fkCiyr,2,2
1nYzjrdVQ8RpF93M0jPFW7,4,4
1naVD19eofGpFf6wosmHIe,2,2
1naVNubDGnYRnlayKdz08s,4,4
1nfYgAwhHh37Kl6Z0YQf7Q,2,2
1nh7P8enZRROQ5WA7HqTDp,2,1
1nkZhM0avuQVp8R77n1is7,2,2
1nkpXkr1Qacmp2BPd6mgct,2,2
1nocRtwyNPVtGcIJqfgdzZ,2,2
1npcpOYiEc29qN5UavSjGL,3,3
1nq949J6RDPrlBkTXrhqnx,3,3
1ntcV7ah5Bgh3xacDcR8qP,2,2
1ntwYN2nT0Dl3c8lne15ii,2,2
1ntxpzIUbSsizvuAy6lTYY,2,2
1nxbn0COjeyH7MQZ27T3CR,2,2
1nxjTDshyAJ98qJq0njCJS,2,2
1nxolqTzRn39brCPRk5f8v,2,2
1o0xAaXY4nEaPdBGiLZdNb,2,2
1o0yFkUycTAWIIWFOlhDcV,2,2
1o1EKep0fZJGlSyL6oAuLp,2,2
1o2suklKb6UYQxZnOO3zlz,2,2
1o7LoJTQd4Js16rHjTKAc9,2,2
1oANw3YJXR9hr7n3vwIu2e,4,4
1oD31XHWUmzpciJIA2p9Bi,3,3
1oEVFAAHzA8xPbPoaJB3bf,2,2
1oF3cqTJws6BixRDsyz0HU,4,4
1oFbI9r8532T5rhDPTYe52,2,2
1oFnf7O5pRtgTt1U6cBxHl,2,2
1oFphVFQ94Sc6E4Z4Wxm8m,2,2
1oIdcFtf58sZbS7QyZQJ2P,4,4
1oMpIhsJOFvAMLBYj6nnv9,2,2
1oOOiIOR4OXntHkpSvytwb,2,2
1oPVaIIa8AFAN8XWBqleuF,5,5
1oTvT8s4iPUJZOR9uUCu7t,2,2
1oV8hihVsAkSGaXT8vm7Hn,2,2
1ocYa8PoVd5e2vPn0xHJcA,2,2
1oew3nFNY3vMacJAsvry0S,2,2
1of7LeashUaSrgqoa0XZHR,2,2
1ogRu1dOUgHvel8To8oQbe,2,2
1oiHurFFxAaa1KrL0q6VRo,3,3
1oiJ5YlSymmVqgOMYpnTSd,2,2
1op5LorZ180RXgHYr3S6PH,2,2
1op8KW1iN0AY02YIxdYYVw,2,2
1opxtm6zIv7IF19S0eCtvV,2,2
1osQI3NXEuBCFWK9iEmLwG,2,2
1oxyLBX9KmrtKajyVQkfAs,5,5
1p0WZg4NXoNVGj2AuoLJe7,2,2
1p0zhSeqMMEHcXt1R3dlLE,3,3
1p2izsxZ47iA4F5qSfT80n,2,2
1p3RZNCZRNeZVDCPfTlnEU,4,4
1p5CA3hRZ1B4GcbgTX4oPo,2,1
1p6WtbNY4bDjiFBmSZolJY,2,2
1p6rk9R8SCum97WnvGNt6O,2,2
1p7X6d0pxUclbrO6hg8uTS,2,2
1p8B91IjEd9fjOPOSsEN75,3,3
1p91OsZmF238uTCeZxuAi9,3,3
1p9aRm4n7oG5hvPhREVHfh,2,2
1pG5nd6gmfbMwUfT5shDQe,2,2
1pJGUidC2jhNw3FDEUTQDk,3,3
1pJwEPkqfgtmV68vYQ7RyD,3,3
1pLQZ6MwbYaLqzJT3imTBU,3,3
1pSrJ6CpaOtoDTNgubJ6Zx,2,2
1pV4cJaYl9ovK0GcSjH1hy,2,2
1pW5BQT2ltq0NPSlbkev0v,2,2
1pWnxqaHgd6Ql3zhcVATWd,3,3
1pZn8AX1WulW8IO338hE5D,2,2
1pctwlBtIcKIjQMzsVcGHB,2,2
1pean7zvZUqcWZaUucH63f,3,3
1peoY67DcWdCsNoOzF9ffU,4,4
1pgHsf1WqOR7aCiqL3XYO7,2,2
1phGE4kjvUS3lOnIqGP2C4,2,2
1poKSG0QzW5oIIkBdiCcAR,2,2
1pq2CUdMBkl5MX7aDm5Twj,2,2
1px3gwlDylHBi5JjjNErmU,2,2
1pxnrGFj1ZqwlNNm4aJkfb,2,2
1pzOQkOi72TdKITN8Swg1s,2,2
1q0PYXTbDsirp2l74ng6pn,4,4
1q1ydmAIFi5jmw5Kkb3sG9,2,2
1q32AhBbgDPdBr5VyCRHq6,2,2
1qAf32OMadEU2tBBKigIbB,2,2
1qC3qRlsg8SiG3jhUtApKm,2,2
1qHiDbTJI7GB62W3BBFigx,2,2
1qIYbbtlOkFHkQJsaYgJkd,2,2
1qJymPMEBleOFWGuFRkZoy,2,2
1qPFGkwdwplbztV3KEJ6Xh,2,2
1qRA5BS78u3gME0loMl9AA,4,4
1qRVG9nQ2VXxHj0xNPM2wQ,2,2
1qRgEKIeSrMcS62Ji4g8VT,2,2
1qUHD9oPIMFHKpR12NY2KC,3,3
1qWV2QMhVwWRDAbirrkkf1,2,2
1qcWuAqrckB7uoAxVnrBDm,5,5
1qdcYbBhlc9zmbAsKInyNl,3,3
1qdiryo9D6QgoZw9beV72q,5,5
1qi64DOjaB3BQDGZmNg3AG,3,3
1qkVJlyVaLZbwolRZmc17i,3,3
1qnCh4pnEt4Rd6DEePwS08,3,3
1qo8cmbRkIsyFNSPKJWdk9,2,2
1qtOncyVGwrltAsTWFuW6m,4,4
1qwUNvaIVCoiPQVQKPNyd8,2,2
1qwno7xb5mJe71xtMS6jl2,2,2
1qxWp3d99kXCi037AroSUr,2,2
1qyv5mmcjAhnlNE7sc5isG,2,2
1qz8RLkJJLeSBZoE1haOwH,2,2
1qzHqfvKrZWo6dVHM1dXrj,2,2
1r1fPuhj9H4VdXr7OK6FL5,3,3
1r3PWB1ZzxrPsIj2DNoa10,2,2
1r3UG3D8UP62eRzz5a5Oxt,2,2
1r5O1Q66t0THBMKChJLyOS,2,2
1r6jjBkaAjGp09h2R6heZp,2,2
1r6qzxz77Tvbrvqd1Q1MIN,2,2
1r6sFC5J0p9r3jcfIoSGDM,2,2
1r9XJGPLAs8P1jLpjYWwKa,2,2
1rBJb3j8zvMlwIxmozOE7d,2,2
1rDQ4oMwGJI7B4tovsBOxc,2,2
1rDQJd8kzwBRXeoTtojkQn,6,6
1rDjwexewf4hrdZT7SRNsH,4,4
1rFFWztyr2N5REyljmQjgb,2,2
1rIKgCH4H52lrvDcz50hS8,5,5
1rIxb5rv6BUWXT6xmLt91x,2,2
1rLm7lHcmM2MA4ab9bp546,2,2
1rMEccgwbKt3qmAXeBqOyZ,2,2
1rMc6JsBrfyLx2wgZGofcK,2,1
1rN9QoVxw5U7TJkyaUR8C1,4,4
1rP4gzPMHrM7NyI1LPCRmv,2,2
1rUoab7MTboFPwDwr3WrPZ,2,2
1rVDyh25v3jIQL7GqoNcLQ,2,2
1raiIrqaqRAqZmQWZlLuBd,2,2
1rbsgmmZ7M2aXkM6h0LK38,2,2
1re1CuvpyhIm5ryPzUQyXc,5,5
1rfPKTKzzDaz1lDjadZVqb,3,3
1rfofaqEpACxVEHIZBJe6W,2,2
1rgaSqxIKCgjResN9J4Crl,2,2
1rhSz40cKH9mzrlJKhg0E4,3,2
1rhf7nou1E6MvGqHFAomDR,2,2
1ri9ZUkBJVFUdgwzCnfcYs,2,2
1rj9l40X83Ju0I0hdCjOL1,2,2
1rjG7SQyLz8ih1PRKdhntE,3,3
1rnNJckSOjUlvoCw3gV5ob,2,2
1rnsFy41deoAFKeTTsNjNU,3,3
1rpF77jsLBMG2QjCuhe0Sr,2,2
1rpmm4A8eZ3dyXdGSbxwt8,2,2
1rrfsZx03roakIPZXS2lXl,3,3
1rtyfUUQeRDoiObPys8DMq,2,2
1rv0r12Wme7GOIZ0hwIO6r,2,2
1rw6CYYHLFBISRtZxYP8sh,2,2
1rxoyGj1QuPoVi8fOft1Kt,2,2
1rxu8cAylRlZ9OJBxwxnbL,2,2
1ryH3lEGX8dn6YhpJvp1YF,5,5
1s70cjkrdj9lpEeQQlmS9l,2,2
1s7ED8hhCPClqcnHCJakAs,4,4
1sD9vqr4ariNYWc4ifbpOi,2,2
1sIIlVrnPhrvmTrHtzM7tV,3,3
1sIycj2RfpZbI4Msmgzlt8,3,3
1sM0yZDxUhPQhkDh2CLd6l,3,3
1sMjYDNFpNoPjNH2ifBvuA,2,2
1sQ5WUWw3JrsSEhdiQlfRt,2,2
1sTIyJ58UqaMxjGllmkzx2,2,2
1sUTfgduT0WIQO8kXKXxLC,2,2
1sXdW94CrEIrYdbfON4Sxt,2,2
1sZyestTGfOxWKRxdVdKuA,4,4
1saDM1hv3pTHf9ulsxm5Iy,2,2
1saXUvvFlAQaefZUFVmhCn,2,2
1sbUdoRASGk8sOqCCCTlcB,2,2
1sbnEatovWaQfxQyeAgSCs,2,2
1sbtlxnooEBDFwBmPNeoWP,2,2
1sdz3nsrkX4Yo42KLPrmYV,2,2
1sgDyuLooyvEML4oHspNza,2,2
1sgn8wmK2kuJrF9ppsnH2F,3,3
1sjmKmR4u9xDeJHjDCn2bZ,2,2
1skAjOzYLNnhDRmHzu4GhP,2,2
1skGwRjc7wYY70PJCAkKMr,2,2
1slEC1v1jCteZtPpkXFj5j,2,2
1smXC6H0O8po3P4bS7MrgC,4,4
1snWlbcbgQpJfknoI30DWG,2,2
1sojpRoFJYHTiting2LP7Y,3,3
1spwauDAwyEaot3ZxKdRYa,3,3
1ssGOLuSdDAORxFOH8thDA,2,2
1sue5MiV1Uq7KInSM6UGTj,2,2
1suqXPrYygZ7BYiSfaVZE4,2,2
1svDKiz3n0VluHe1kxD0ay,2,2
1sx0XsWUusUoPstbvokZjP,2,2
1sxh0eqIb8ulYypPuq6ZRu,2,2
1t0nwk5GRdT3frkWp15qSl,2,2
1t10J4iBw22LChkLGh6qMV,3,3
1t2zYsS4UgIkkuBgSe0fZt,2,2
1t3pV6jPE5RdI4vU6EvzmA,2,2
1t4EDMSxXLQhOiutcMN6VQ,2,2
1t9HNvBOX5nhC9zakjRpyD,2,2
1tFF8EMjMwQ6FoXmFMIj2W,2,2
1tIjRNdq8Qzom0BGsKiVN4,2,2
1tIq1IvXMN4fPXNYQQenfn,2,2
1tJPPxQ18pJL0MnfS4nQZn,4,4
1tK29op2PjXpYyYdnWMqT5,2,2
1tNY18aDEcbKV8EmF50luE,2,2
1tPRFD05l5FktbHf3qCzGe,2,2
1tRpraJDpEUl0HjnkMosqx,5,5
1tTjmC6FSSFE04FkNpa3xJ,2,2
1tX0Z3tA7vsal85V1sw3QM,2,2
1tZC1ktebdhQSlhnFSetLk,2,2
1tZVF1bi4smKZ6hkD3rGeE,2,2
1ta0POvr2Sw7SQOJwAlGce,3,3
1taxgz2kFYnCOH5sXAPONb,2,2
1tdazGttmzXdBP3fj1kQr6,5,5
1tdltVUBkiBCW1C3yB4zyD,2,2
1tfAVU1HIrtlr79isORUW6,2,2
1tfVpMI8G6EakZU4rEja4w,2,2
1tfZtA15BfJHQTUy3dqTKC,3,3
1thR2sfJj6FasYaXHQ98e4,5,5
1tjOClAkdMxDfYPO0xvGbG,2,2
1tkS8yt5NwTZkqFvZMxM0F,2,2
1tljL0wMsgPrmDz3KqpuDT,2,1
1tn87Abu4ZTptxvpp6Zd8V,2,2
1tnZipedfyuRJlxkW8o5za,3,3
1tpTV7D5TwPBKgb2JaciMm,2,2
1tsk7uFjknRB3crWOHdfZQ,2,2
1u25V63Qw64EkVh90Jyrmh,2,2
1u2kXFKLaZu0VEpwBy3oQO,4,4
1u3RnLWhcmFDf59Yn2p0vJ,4,4
1u3SkEgGroT2Kcfnd4v4ON,2,2
1u4GsNYG4PPfV8cvxaxC4t,2,2
1u7MXGKrK4hBxkn67pyjJX,3,2
1u7g6VLbqwqDeOhCKvUxv2,3,3
1u9nZLT2BFdTgtWxmQq0Mg,2,2
1uCM2mchqMjPrjKhfgsUWa,3,3
1uDCw6LVMOmbZ6zRliNcNX,2,2
1uJ2czshFLqimctgvsxfv2,2,2
1uKYwIpXYEB1xw4JnAPP8w,2,2
1uKcGwRRnPUrCPOoNt4Od2,2,2
1uOe9m9bAiAY4kGnGDu1Ns,6,6
1uQo8gIQWJGrY6wZLReyUP,4,4
1uT2b9tByCtdjL4PN3xbRs,3,3
1uT4Haj9BYmbjxvoF2omRc,2,2
1uUoArGuNQ8kQanwAtkj8J,2,2
1uWxXVpl4ZXFT7d6CH7LBS,2,2
1uXUZfJykefWuwj9VtyxIq,3,3
1uYv1FXOsQXQ00thfiWNno,2,2
1ubVPccf8Vb9mL0XYpVpCV,2,2
1ucG7WvccotikvUESNba5n,2,2
1ucn3B55IQQcQ8PPHcFtDS,2,2
1udKn1oNKYQSQ9OmiIWCMu,2,2
1udS0lQ0dypXEoKjP1JHwa,2,2
1ufGqwim7RHxVsdaxuLmAY,2,2
1ugRmaf5TDDf1fO3hFSIs1,2,2
1ujxjsoNvh4XgS2fUNwkZ2,2,2
1uoA57FMhP9QjZxIJZVEWo,2,2
1up0F8kK6mgObzqWi9Myom,5,5
1uvBOCykry1KtIC3Rh7kMe,4,4
1uviKYHZuM4uINK33F7sCt,2,2
1uzX9tKVkVOxEsxYuvTWM8,2,2
1v0dx7eDwANUppPBLweInQ,4,4
1v1nsB6TCXuhdC4QNP4aB4,5,5
1v3rsZZAH13mnXEEz3AEL5,3,3
1v4wTGL3HAAUDcLjJXiQWG,3,2
1v8HKXubkw9fpYfOJdmAc7,6,6
1v8NfOckFEnck9gp7iyetm,2,2
1vCZDcHV3VaL14O01iUQVQ,3,3
1vFXPMj4pU5hSAlzYTDR0G,2,2
1vLte4KQlCPQsL88uLZ8FE,2,2
1vN2rZ4WoUe6QQJjc2NBjN,4,4
1vN6E2OWpN9Jg29ROgO9tk,2,2
1vNamT7fPcHPQdYCFMiXoI,2,1
1vNoA9F5ASnlBISFekDmg3,2,2
1vNqZdnSaRIMAoVW9oJR2d,2,2
1vQ92830bxiBcIhpUj4qrn,2,2
1vSXwYeKnzsVvekSpqVabx,2,2
1vScxuyEa7X1HSP1HXLqZb,2,2
1vXNHt7Vj7U75R0qV2YrOu,4,4
1vXVyN6C54in9oaNjL2Hz0,2,2
1vZDPEngmDv3qxXQpVzuN6,2,2
1vb2AwKBvNylZcKVSyAidh,2,2
1vcxF91pWs9uNwDROuiCPB,2,2
1vdYudatKL5iRIM7i6vkvG,2,2
1veNS1osFHTWf2G6q5AbuQ,3,3
1vhNd2F1bNKV7DN4Moa8z2,2,2
1vilS08qiLlRb8ndSYL4ux,2,2
1vkpmgiYKoej9sA5y70KZd,2,2
1vlzSY7AttAiAvSEe1JbVs,2,2
1vn1f7DF7e4dbnAmdxeg5m,2,2
1voNki3zm1VcvtLeAJtkGK,2,2
1voWvcJy8AfS70n8wIsr7h,4,4
1voq70uyXy4i3S1oJP48Hs,2,2
1vpSPUyWEzmX8doyYdJ2TH,2,2
1vt1yh4GnQhLAmjyaVPgeV,2,2
1vv7h64yOLrdfHuTzfv9gI,3,3
1vvNmPOiUuyCbgWmtc6yfm,3,3
1vwHjj8DQgfjE5o63ILgM6,2,2
1vynnNxF6B9HBkgmHZQDUO,2,2
1vzkloLLdR2LDXRwtMmq1c,2,2
1w0hboEMff54kez5XXyRNP,3,3
1w3eUC89GPspKpi62tPwjt,2,2
1w3exvIgbRFV2ijf6qyWm8,2,2
1w68dw4EgQy5aUgpBuZQVj,4,4
1w7eNekZsyrLw99oygfDs4,2,2
1w9L6dvttZalWd8XqFYvSa,2,2
1w9yRUuQjZSG5rONZjJE6z,2,2
1wDTIaOD00oYLgQn37E1SC,2,2
1wDyGzKYHVRVhNK3c9yD0y,2,2
1wEUHZPeGvW7sbF9miASsi,2,2
1wEeimFLh28tUKhOgWjIpo,2,2
1wIE2nfv5oF3ld71AriEDP,2,2
1wIQyXIK78ouFBP6LRxd6E,3,3
1wIfq9Zul77qAtokyLTlXr,2,2
1wKeFYYAR6aKsNIf6PrNxB,2,2
1wKvdhEdWatU04C5yM7trX,2,2
1wLp6kHSEGXGMHfONnUaxN,4,4
1wOpMjWFiYm9xuRvqATOiS,4,4
1wUCk6Nh4c8XLAG0NdNIU5,2,1
1wUiMzNBtO26PxSlv63KDT,2,2
1wVUMLb3gQ2GJWHlxecq4Y,2,2
1wcr8DjnN59Awev8nnKpQ4,2,2
1wePNALtWAeT4WAi1XSZmt,3,3
1wjQEAV31X26Za9KRAmqwz,2,2
1wk939p3TDEXQyvduYrDhg,4,4
1wlKw9NAWVWpx7OIAyg9EA,2,2
1wmOubz5LefeGM4KDAcsfz,4,4
1wmwhVbst9h3MgCP3ijMN7,2,2
1wn8wa2Vbsj5TZfKQN3rbM,2,2
1wnBOpVpT01ndkg4EzroAs,3,3
1wnozUBSe7OMpmZiTPJC5j,2,2
1wpbmqF1IFW1W1Zut5aquK,2,2
1wu6GllglOU3TgzUQCUbrD,2,2
1wuULYQgIl0JfgP2bAW7B8,2,2
1wvGRZA2RsGckubdScbnPf,2,2
1wxF7Ilffr7yRgoX7j2iSP,2,2
1wybXxUeY5yj4Zi7d6jAaW,2,2
1wyzGqooLn3uYe9ejz2VOi,4,4
1x0JkipO1X78OC1OOxpOoM,2,2
1x5sYLZiu9r5E43kMlt9f8,4,4
1x68RhGPTBbVSXR0ZM6NTE,2,2
1x7EmELLuP2FbMBWr7mJG1,2,2
1xCMazcgI1g5lyfaGrxnN8,3,3
1xCQa1dJC3jIXGHaTo7273,2,2
1xKQbqQtQWrtQS47fUJBtl,2,2
1xLs8Mu1QEVbGCpyHQ2r2U,2,2
1xN9kdNDIRmBLqujjYSbrZ,2,2
1xNcBAoUw8Hz6LqK2jt4Ff,2,2
1xU4U0HkoKrDAkKxbTbda6,2,2
1xUZ6CgfpXspcQuEIOhf2v,2,2
1xUuWDvTOwwhaj8CCLunhs,2,2
1xVviGd6Y0zujEmjiTzdiL,2,2
1xX6PCb6ZDyanJQuJOvGj0,2,2
1xZsXDIGuqUTFRVJ15B3bf,2,2
1xaTREM89RbIxkcjlpf4Uw,2,2
1xbQjD5QYizXsumqPJlqBG,3,3
1xbpqLQibJSDku2aug3xet,2,2
1xc9r9pgQ3CG7iViKPf0cQ,3,3
1xddmaN7Ivc2SQ940oBskZ,2,2
1xeJGNdKyEqqhWfkR31jM2,3,3
1xhNZa02TcBmtAThitATDo,2,2
1xj7USYBhbTPsZDiy8gVcb,3,3
1xjvIE3l0BACb24sF2TpPH,2,2
1xlXvK3CtEGFttrOPijgCS,2,2
1xnaPsmJeELhPNUkY3G1Qe,4,4
1xnsrpuHsb9cwGtMsfqzBc,2,1
1xqkbi0rZNNcbGv8r6kK8p,3,3
1xtkLqZcGPQZP9549WlmfH,4,4
1xvADDTyr4ZCu5NPPkOJzU,3,3
1xwny28AvZuFEgQfUN5ldD,2,2
1y0gnbaFQBZVlVNJ16cvbB,2,2
1y1eDjSCubcNWNVQE9Tj2w,2,2
1y1sChqjzdNWzwdHQADMrR,2,2
1y23Brum5gago2JELsY9M0,2,2
1y6KiCQ0ARDLUW3O9CkOIV,2,2
1y6dEjheBdnopNo0xDXJ9P,3,3
1y70WO9Cg5Hys3tj9ehvls,2,2
1y7FoHfVtbZV6mONGJgU7j,4,4
1y7agAufBsudgRXuq6Ekqb,3,3
1yCs1b8JQCzyVgpsQCY4Sj,3,3
1yEBMvOYbhJJTX7x3iW41O,2,2
1yFryDjhXXIIaJA1dKqrab,2,2
1yJWqYYDQge60nZKdLyiZU,2,2
1yKAqZoi8xWGLCf5vajroL,2,2
1yKah8BCP3Vgq2tPBOLKL0,2,2
1yNstWFOG0z4CFkJrusyzP,3,3
1yP1WCEQUucJFcvsYkQ8Iu,2,2
1yUV3xzgaFWG2Koe9Sfcwd,2,2
1yVAQpnMpHPslmQtq59o9f,2,2
1yWoLQD7RwwUgO7ZWJtHf6,2,2
1yXOiLikkgT70ND5Sj9Ov7,2,2
1yXt5zzy2Gcf9IhlepvfGh,2,2
1yYE8EyuIV0rrvQ1bA2Fyf,2,2
1yYFR3mLtGDzg6EAVBwndk,2,2
1yYM7dY6wSJFp5qmxPRLu1,2,2
1yYTULMZ5t1mxgbkGzkexi,2,2
1yZWmKmLfTrFCxHvhFsdoN,3,3
1yc53HK08sDab7PDFgnLWk,3,3
1ycNgydCKB8WJfRRuro8Jc,3,3
1ycasxRQuWKCs0LpIBNcw7,4,4
1ycq2btx7kf6bXdWILZhXa,6,6
1ydKLmtx7LYnDe1udTu96w,2,2
1ygKuPiMlPKKonNecBWlg0,2,2
1yj5peLptaD52rdZ7imRPJ,3,3
1yjY7rpaAQvKwpdUliHx0d,2,2
1yjoYVyZPEg4KFigY56ExT,2,2
1ynmMEK1fkyiZ6Z6F3ThEt,2,2
1yoMdigYCXY5UrhTbGNEJp,3,3
1yoMvmasuxZfqHEipJhRbp,3,3
1yphE6ezVglpIgEaeELyrd,2,2
1yqJ3Xi70OumcNDUgVAT5p,2,2
1yrjiJPL62jmU8Q9q9OlbG,2,2
1yt4wO7dKCwsfjch8SN9aU,3,3
1z3LsJRCvln5qO5TOLduQM,2,2
1z3iVmTuhTMSmSjgUzoFdm,2,2
1z4WUEk8yk3KyYg8vXzorT,6,6
1z5ySy1txdIkLaPq2YKaHM,3,3
1z7pHc4ujzaZn4QvLvOTu2,2,2
1z8D74TYKRh4gnRKxlPwmi,2,2
1zH0QDCF4QkN31jo98FBWy,2,2
1zHFdoHXlz26QfDd17nKm9,2,2
1zI8C6f7LURY0eD0gMuVVY,5,5
1zISYjtPLparshu5sOnF7z,2,2
1zJCjjA3FRdjPvf2Dex7u2,2,2
1zKsMKyoroSE4Pw41NJREK,2,2
1zN6E83l8cwgDlxNhxPAUz,2,1
1zNBVe8QG37iPLLQHlUS2u,2,2
1zNXF2svmdlNxfS5XeNUgr,2,2
1zOOl8f7qkjj0AmvlCfLyQ,2,2
1zS7wXUlPhxdOgGZ7RorQ2,2,2
1zSWY1IuSN1psRqug5DPTH,2,2
1zT20Rgscp6BAqMhMMFFtV,2,2
1zTb5yhsu2Zq4A4Q3ZvRwF,3,3
1zVNEyeeH2jboWGstEsGT6,2,2
1zVftgMLXJL3iSjHigYX9h,2,2
1zWpez2vkqpF99TajCkP1e,2,2
1zWsZqGND3kcUu8WgXVirO,2,2
1zX4Lq4tYy3FxaQnLD8SeI,2,2
1zZh6zTXcDgvN0C6S1G4gU,2,2
1zc3ejK8IsDDbUZnDU1hDD,2,2
1zc9mfxeNZ6HiSxRzY7JIA,2,2
1zhiY8SQbBksuS1O9WDfp2,2,2
1zmlYxENm8EkFbTnetcuEz,2,2
1zo8QWu2Sox7EataHgBpDS,2,2
1zoyteFQmeUUqyOl2Xznpy,2,2
1zsPaEkglFvxjAhrM8yhpr,4,4
1zsrSsPEhdLSUDujjmFhgD,2,2
1zx6GSqLYI2ynzAHnPRKBR,3,3
1zx6LRZhaBle13eBKZmh9V,2,2
1zzwcBhUh3TqB2sVJWH84i,3,3
2023lrR070OC4OuCfoPW5O,2,2
202qGOYPdqNbRXu5JSOJEH,2,2
204523f9MSgEfc0oDJycNS,2,1
20584cOW5iCFidIfC1Un8a,2,2
2060ICRU2Cwyvmlk9n0aRg,2,2
206gqT4spFnIoGwuCpwR79,2,2
208pNiAVE5sFwtUoQuKu5f,2,2
209lkexhDOdjGJMv9iw3rJ,2,2
20A2Xe76p9wxUFLbbzZjTM,4,4
20A3kygqTufoVmkgL6Xawr,2,2
20ElUw6wK2R29yY6WLeyC7,4,4
20G3uusQFoaVtrz22X0AP0,2,2
20HJlBRkHgsZEmCbbeq3OZ,2,2
20JTNRnNUJL75tSJmtg2ZY,3,2
20Mxqxf2u0Q6gNteDiViGm,2,2
20NUlNuGgxtGkl2utHGL5w,3,3
20QQAlDR9kFy2F8spu4Ns8,2,2
20WIExWA0CPJ92x9jm7hNR,2,2
20WVaMhJq7PZjp2goKgtPy,4,4
20ZP3Om9DvDazXrNUC7WM2,3,3
20efY3ckrqmshtlMlzKxla,2,2
20f06VeRkb2nqOwuV3eYik,2,2
20fM9A6ApsZ8mHU7lumq2T,2,2
20hpe9YNgbtggM66QipgWf,2,2
20iMJHbtjyvAbCial6GE12,2,2
20iSMXhfzfAWCv0xmDxjzj,2,2
20j7B6mL9gnNvG3ic6Vwh5,3,3
20oObdEfRtnT9PkZ6YqOP2,2,2
20pxoRoue8oz2dbOzR5ydc,2,2
20rwogC6aE369YsxFb5aRp,4,4
20uDfvpjbtEFz4AeC9O7AQ,5,5
20uFSAxK0ilztG3jr08XWf,4,4
20uRKbaqAVJRGyGE6mr6Oi,2,2
20vLGVDLfbzdh3vbSpSuj8,5,5
20vawhkM9Gee7JCUVYCqGf,3,3
20yIwdaPIYKT7ZK8dAJw9C,2,2
20zzr5ptoz7htV9Li3WEqo,3,3
2169IKAivSUUFGcedGASXc,2,2
21ACvBsQXpDd3bZCpOwnL8,3,3
21BUBt1FyRvQNWuXCrkZbM,2,2
21Ci0rT8NiAvCZKouM8O9G,2,2
21GXTV2KRrWSeKgDN8nlJh,2,2
21H0pUV2uPIPcFnFhgTBjo,2,2
21HfdERaOGBeHWf06igIzs,2,2
21J0nl589YArJoYUc2brCM,4,4
21KMRkNwCYBsigyFvBsZWk,2,2
21MyyiD4dBQuSzRzja2Uxf,2,2
21NhKlkXOJz3n8dSVL3ej5,2,2
21NimLGgXhfEbIXsIiPHXy,3,3
21OxPURFtFrTwWGq9aJCju,2,2
21Qd9l5qGW9AmXFYgVld5l,3,3
21Qsj3cMVCx2xF2EVVNbEu,4,4
21Rm35JATSSdA41rl7Qf8V,5,5
21RzyxY3EFaxVy6K4RqaU9,3,3
21T9lWigjSIMg9uD6ZfRnQ,2,2
21TKHZHZb4FWeJJjPYFqPb,2,2
21Y2IgF2u7IpXSjmOMYO90,2,2
21bTHStUUY46qPyHv2Mm7Y,2,2
21dEmra5kv0n1uPkPaazVg,2,2
21excOPd45gzWN8zCt8Vhw,3,3
21hXxI1sacFLlxiS1kuBi0,2,2
21hbZ0yllYOoXEbiFDYMSI,3,3
21hvIW7umCAu3dWab4MYR1,2,2
21i2PhBdDKSlJ5gJZl2M7V,3,3
21i5B2i5ZIcofVwjuo9LKG,3,3
21kVD9H40rRQkGmcMi01Fl,2,2
21nOSbeaQQbKDmqQWL9pZN,2,2
21tKhyz5X836v1Z33yLpTB,2,2
21tuvt3CXIsNquc32v8jpc,2,2
21uNIZpYLoHEoD39I38f98,2,2
21xzFXSL2XkZ2mIzDDAqTK,2,2
21y8r2HgwGa3DnWFBrPJj6,2,2
220KFUVjdcPP0Nw0pUpyeU,2,2
223dRxIidnjKOvmTG3T57n,2,2
224hSzD77teIxEspp7MNTt,2,2
2269gvVfETAflSDZIlvqN6,3,2
227o6yibgqhCnZ4i0w77CE,2,1
228BxWXUYQPJrJYHDLOHkj,4,4
228ZhwXbX1nzXDlRHwJoDk,2,2
229MM2St7SnW43nT8ADlG8,2,2
22AqIN0L6icW0MtPM16NwC,2,2
22CRtrWC6gNsTsZfDKERSk,2,2
22Ckl8uaVR71UMChg6NLRQ,2,2
22GEETI4LXhhePCO71PyEv,2,2
22GbAGb80ZZNgm2yrBMnpR,2,2
22I3h5AOENlH4CqXJsEbFR,2,2
22IGm6PYN1THrPe1jFT5u6,2,2
22If8nq6QHdvcT2meERlcl,2,2
22JcKwmlqonTmNJdXTYj7J,2,2
22K3jhzhPwH3TatxENt49A,2,2
22KbVMZekQbkrHGrubQTpQ,2,2
22LmMYd9Ydssz5Kzafko6q,2,2
22MstiHv8RQFPMKyG8Ke9f,4,4
22NvOEYcQRH4h4fN7d5E5B,2,2
22O2Zdfj3jnJZDSzlDMAJp,2,2
22P91O1SzSzDoDDb6ccy8H,3,3
22Q68uXoySffMDUAzYUyLR,2,2
22QdpwlY4mNXPhl2j9RfgD,3,3
22TH1OxsH8NRbC5wHBuV9H,2,2
22UgCquORz262duHcMTSfM,2,2
22V0rqyOn48nni9e9Ct5mR,4,4
22VpC56TcW8JL7oiCeEGJI,2,2
22WSNwrytkJZ9hnis9DbnY,2,2
22cAg9il6XcYPLffzJJkdr,2,2
22gy6K7sdAOqqYFMItp1Wl,2,2
22jbgc9BtV1uiV7hKYTyDx,3,3
22kRCQPyNXWZSQEcDvCmGD,2,2
22lPvFQRM48nDvv0ozgsMI,2,1
22mK3JHgM6ATUkfI7BHemg,2,1
22mek4IiqubGD9ctzxc69s,3,3
22mkOWtVEgGrRB7YCXRiF6,3,3
22qzLnVq7so9wQK0bxWc6v,3,3
22rR2p2vOL2OO9ZVu5jyKY,2,2
22rUY52RY8r6fi66gtEono,4,4
22sQUmLhT8umlEhQzDrzfJ,2,2
22sS7JkzeVeq4vOPCB6Fbj,2,2
22sTK2yvAQOwc5jzDmacHc,2,2
22szgJ9WufVHgefSgOD6Dv,3,3
22x1tZbYamgdjebrfCWb9I,3,3
22zahJ5S2aSRrQ10CXTB8I,2,2
2302lUwfZ4S4dVyPOCDFnQ,3,3
2306rS3JUCDgDoplIaKwQO,2,2
239SrBPZi0xs1OQZmedr6q,2,2
239yM7BAQ2CkNc61ogPGXo,2,2
23IJ5wLRhEZ9DOuia5mPiZ,4,4
23KVefoON2iEz1dh940quQ,3,3
23L5CiUhw2jV1OIMwthR3S,4,4
23LQimhaFmor64X8zlbNwL,2,2
23PvWFdi76vER4p1e2Xroj,4,4
23ScWxX03wsFf1oyi57ouP,2,2
23XWX09uupLjkbinjMyJ0H,2,2
23YaKmzWDeP2wagOfz2mUY,2,2
23bUtNc4PUyHNrYNolzMPq,4,4
23dkiG5UbLxVCvZX8zYiDA,2,2
23eLpLRI1NZejKSQfxHGfw,3,3
23gcQr3NRKzLXsP9H5jFQ1,2,2
23gk3dYysgp4FmWyZ2tOZF,2,2
23hnqo6i9gq4eU89jPjUti,2,2
23kJoeGdRmn1OG15XIlRRI,2,2
23oYG6HAbahMQEtjk0M7GK,2,2
23sbsUEakx3vdMQ4xA5OIy,2,2
23tKvchhAzfCJW8HkBlxf6,5,5
23vSivmGgbH4KpIzhUNCGl,2,2
23w5t0BtEc4N6PviWmAlAc,3,3
2408AlA7hlzZPrYWNV1lqE,2,2
245ffITIEtE54zv2y1WTNt,3,3
247cPctDZ6s7hoNT8iKUtN,2,2
249e2fS064cOwvWXm4JU28,4,4
249w6QiDEGJ4NqRpb02qoS,3,3
24BYTj1tb5ovZcnIbtdTYD,2,2
24Ccvo6GDMJZKqHtFs954n,2,2
24CeaRaJHiMKFAVZTCu8Y0,2,2
24Gm1mIhO28NmgT17S95JE,2,2
24Jh5ZcRVUQCFnWVO1j8DY,3,3
24JrqCPlzo18UYTT9MRRy5,2,2
24Kt3cqu1EAvgk6VQiQ2UB,2,2
24LQNvRzHvO1hVve07K2jj,2,2
24MXXeJEcB1ennbWoFAJMp,2,2
24SDeYAeTFda8OUzVI1VR6,2,2
24TRTp7M7B2eYgK9kof5je,3,3
24TdORdiwpuE1EH7fh1fNQ,2,2
24WyT7rIQvUUEZVyLMEEf6,2,2
24YfxS060aKze1c2LosTxG,2,2
24cUJMEiMkGfdhTgt2ZUgV,3,3
24eMGcmzxR64yf45pN4K8i,2,2
24ncWBgfsWHODJwzuc2p1l,2,1
24ot0ptpr1AmuYqUn2OqYR,2,2
24qot8Zn3CZ88z5ZS2EMds,2,2
24sxcPbgnYmyMQm9N6o1Bs,2,2
24upABZ8A0sAepfu91sEYr,3,3
24x5oInzj9hnzyronG3gdS,2,2
250PxV0N1B9t59bBrToZKZ,2,2
251PNRmJU9KcUnFQAB5t6I,2,2
251aCFbFK1f4Jkil96E5g1,4,4
252YuUdUaC5OojaBU0H1CP,2,2
254F8QSuBg0Rfi9V7pE955,4,4
257SoE95qEweGItCB9Q5rE,2,2
258OaHJGpeLZwvkaTNrrpE,2,2
258RIVFMuibgf38bu48HAW,3,3
25GC50HslaaruyrKjdu0lP,2,2
25GlfPUk2HGcaomdxFSktV,4,4
25IiJu0DjOqsnQXgNHWp5i,2,2
25Ikcee1aOWfeL0n100TaR,2,2
25JWyDp4DkZpRzChZKHiPw,5,5
25JmQ3qFQkhbLZMJpdftO9,2,2
25Mf35cnnFalpVNFp0g3hW,2,2
25R7pmPXYolhIjm72WtJjy,3,3
25RovVgognxOmIJg2RbXdK,2,2
25VBJM8MADuhjaHRnqFrvV,3,3
25WU3f3gv6ATdPtSG5cybu,5,5
25WhTAtgp3PDcDD6O1LDgz,4,4
25Yj66WWWgyXbPNJZNNXvS,2,2
25ZAibhr3bdlMCLmubZDVt,3,3
25gacl0dFF9HTclx7Ug7xC,3,3
25h6NHq2mLaiupkc0XDuBa,2,2
25jeD6Agt0sUDeNc9JhLmS,2,2
25jpyDVM8HFfNuos94WiE0,2,2
25naGBZ4ZdgPVa54RH3ZfP,2,2
25pWemriUQVrZ3yIiS2IBf,2,2
25q2VoLqjdkTRw5Abg8EJL,2,2
25qayTeSbpmP80ZcP00eW8,2,2
25tFLO2t30VhgAqLrjFMfs,2,2
25yQPHgC35WNnnOUqFhgVR,2,2
25ysC9uw0bpwgcxOhnrwjk,3,3
260V7huyJrXnyYe0dFv2Fa,2,2
262UJJPVKACybSSq9iRzK5,2,2
26AYR77170U49cMcXB7aRV,2,2
26Dme5GkC1yX4P2QU9V6Sk,2,1
26JbYgOa3DElPxT2vS41BW,2,2
26RJAPCk13MqhpFDD1L4KP,4,4
26VPU8yYHcZs2II1PD0G9g,2,2
26Z9su5cZTyfayv4F2ho5f,2,2
26ZzSLUJMmYp5u1hDELEWH,4,4
26aOnndLckt8uAsk6odL5n,2,2
26bdkzE7QpGy8qE6nveFUq,3,3
26bv58AJe8E62FJzFBMUIM,2,2
26cV1OvQgnLdM1HTVj8ZMs,4,4
26ekeYholcU9RYnWtpJfUQ,2,2
26fCISjZeO5BFvGUynB23y,2,2
26g90nfKw79y5ZcRRqHLCz,2,2
26kVXR9aQXzDiKggPGnUQR,3,3
26op06vMM21RB0hej3b0lG,2,2
26rzkGV7pXYOIr4hUg8Mbb,2,2
26u6HGjzExhRZD5ifgTBnG,2,2
26wc2F3aJGvc5SJgKt7Xt8,2,2
273uCXd7NPrInaiNqtkOrA,2,2
274YVxtYNbFJZJfwq4HWRg,2,2
274sq7UtbMqE8hoswJPagJ,2,2
278JqkBGkjDovOYAwE8TW7,3,3
279v3VcrRPLwfWQxncA7fa,3,3
27C9LOKwqrjYNHwZ5pu8zH,3,3
27Fq4XyOkogdGLcfsVdjFb,2,2
27Fz7aFTrEKeD9ymy3CK0j,2,2
27HnK724hIqv0Td5jT33T0,2,2
27L8sESb3KR79asDUBu8nW,2,2
27LtwN20Rvhi6LVmUaaucZ,5,5
27N6lqXxjDiylUqHa84fA6,2,2
27NcpbThIN3STNcodE5hkv,2,2
27Nkg5NHILTJUcCyBkvVHt,2,2
27NovPIUIRrOZoCHxABJwK,2,2
27ORgOLNmYSMUk8NXkhpe6,2,2
27SdWb2rFzO6GWiYDBTD9j,2,2
27XJv9grlenIhZEPpDdnIY,4,4
27YD36FUikKxbp3bKSiKGZ,4,4
27YQDARCxhQ9jOsVH6ICfX,2,2
27ZZdyTSQWI7Cug2d2PkqV,2,2
27d2EeB9ScXlOySDoqWmAv,2,2
27e73MxfZIXuWybL041U5O,2,2
27gHtbsHClwimHFtKgFop4,2,2
27hF5Hpy2p6RZmJh9x1W4G,2,2
27hhIs2fp6w06N5zx4Eaa5,2,2
27jKLapVKaNuoMQMHR988Z,5,5
27jkJPgvyy5TXhllhsFHZ6,2,2
27nGU2v3syK7aU3AVY2vUO,2,2
27nzJVsvXqXyeMIcVxvB54,2,2
27ooJRSmsdwshBQGoUZE3p,2,2
27oqpECc2wygxRAIBCgxHa,2,2
27p5NVI8VIEnQvtr3DUCiY,2,2
27pyhbC00sCtwKPhlQtOGe,2,2
27spr4gOJgvyiGia9WYeKV,2,2
27sqBDytiRE42WplwCLrj7,5,5
27sytaeEm6TDVMpdExyVfd,5,5
27tJ0tfHuPfPiyfeCeKQXN,2,2
27u7t9d7ZQoyjsCROHuZJ3,3,3
285HeuLxsngjFn4GGegGNm,3,3
285NGish4sNBfqgcUJOXmS,2,2
28ADYD9La9VGgxO0CYvEFO,2,2
28DfsE7LbIicNQY4DPJDk5,2,2
28DlaPydCnrs8NxYOnUPZ8,5,5
28GCbKgjlVD9eDmasGbe0T,2,2
28IEbk5a7twNTbUEvWslUb,2,2
28IxIUK089R7nH1MmxGtBe,2,2
28JEf21o3BuBBVtSeNTRGV,2,2
28KKvFNDjBSUFNSxsdlBzw,2,2
28NoqwleoFVIUOMYq3tff2,3,3
28Obqqr7EtnSNul1TJiQcX,2,2
28PuptP3GRGgIM1Faz1fzL,4,4
28U9Y3R6hJtPUdVK7FFrhN,2,2
28VC0P6rM7ue8V2QkPBCeW,2,2
28WmNsclKsrVmdv3tDmoYU,2,2
28X3oUkHJBD0H6Paal3rJX,2,2
28ZQZTC6RVfXEFzpR4YwXB,2,2
28b9AxJDN10waQFdU71ggu,3,3
28ewfZ6bTCVCNOFEZ1Q7q8,2,2
28iWca1I2wjlrkfiMMP0aL,2,2
28jj3KEdWz0yKpVsCGVydC,2,1
28kPohGGsDT7hbOZVhpB8j,2,2
28kat5VccKACzCXiQe25FK,3,3
28mo8mRalwfDoTL0iNvsBM,2,2
28odLhBa4Yh2yPoDWJMOPb,2,2
28pafyv8VWZmfuMc5B8XsD,3,3
28wxb45ffKzZ2eon1r5YnE,2,2
28xBhJANeXqB22ATSpTYiv,2,2
291AYngoMWCcxM2oh2hPzU,2,2
294JL3Xexu3sVRH9tpn60G,2,2
295eqBE9p0h3OKbxN1RiE6,2,2
298atiKYvG84VfbXNbZiX5,2,2
298v24B9yGbDw1Qyeik5oW,2,2
298zUartEzyZ4BuOA8psBX,2,2
29A4wZq3zu5SiliT3BbwIR,3,3
29CmkuEI5pZkeuxbC607Bc,2,2
29DqzX6ftTnRTaelDUF1rn,4,4
29HaKOpeLSYvqdFyEQSRdj,2,2
29JCWevsvdisCcX8U3m9Rr,4,4
29KHMaejJLd64hc2FBfdSo,2,2
29KRWp49DyHI8a6PwvZpxw,4,4
29OndNHNt4cyEm0CzpKRkG,4,4
29Ow3vHlsyZnCVIkDWu9sH,2,2
29P1YY1UII8UzO1AQu31Fq,2,2
29PfVio5gxsc0ymzSXZArT,2,2
29RKQaclcGpj1stafjGHAZ,2,2
29RiulWABWHcTRLkDqVCl1,5,5
29SjJS2DMr0uL3KjisLu37,2,2
29VVYrV5TVpGu0IfoTXlcw,3,3
29Wcsq14RbRqItlK0fmEDb,2,2
29YXX6TCgc7d5jz3BYF7Gc,4,4
29YkVAI2MgkBJMPjs6S58i,2,2
29ZrGQad8homm9iN5mZQlp,2,2
29aIb91sF6euJRNDGmSwRQ,3,3
29ahsglupCORIsj60qoqYa,2,2
29b2b96jozyD9GPCkOrVLs,2,2
29bXfCo3mQVzohwPJXohaU,2,2
29bZ3bs505KcwIVqWFOPBS,4,4
29d0nY7TzCoi22XBqDQkiP,5,5
29eo4Bc2tFUrS7VoApleeK,2,2
29gpzlEc0lZKoxLUSHDSkn,2,2
29m79w9xPMH4YCD6r8JSmV,2,2
29mZKwRwHXGlzOPdmFOiHe,2,2
29mtZPY0dBU9WJmwnOig3E,2,2
29q7PM3L44I9R6yhd234Oy,2,2
29wJiSQcze8HEmxkUQykyp,3,3
29yVwAhJ5G9lVwiAYzPOi3,2,2
2A5eNt3Iso3DUkXuLvS6iB,2,2
2A5wg4aSc7X1Ej2fnOBJ9n,2,2
2A99525pTSb1uWGOhS5iQY,2,2
2A9aigMxUTNlaaXRLRB9Td,3,3
2ABPD3Zs7YHFKVJMxf82PB,3,3
2AEdT2ZKd14kzOouzdNOUj,4,4
2AEjVbLUDn3knYqIyxbsjI,2,2
2AHKsVXN6BjBO8SEVX6cBC,2,2
2AHctrKhJekyp7wIykP83U,3,3
2AHlAZJS2tTnhDqqlIm6O3,3,3
2AMjuIoFxAYnQ5PWrRceOP,5,5
2AN3wNGUW0IgzfuurtVEDS,2,2
2APCEcZ3XkPzYQ8WhaRtri,2,2
2APvCb9QZJ8xZq1IDrXRKt,3,3
2AQCskFaJwiWx6KILDe3hX,2,2
2ARVjHnMtYgxds5zkuVXfZ,2,2
2AT8iROs4FQueDv2c8q2KE,3,3
2AX5E86cn9n2dgioZEjirI,3,3
2AY1UAimvTqjJC8vDJsOyy,2,2
2AZABydMAEODxHCQDEhdWh,2,2
2Adshg6ixiUmC5ljN4Anx5,4,4
2AgIq6Y9w7yvzH3zRyXjtA,2,2
2AjLI6h9DZrFw0XVtTYwdT,3,3
2AllsVsmrJkEwXPXwDBCQu,2,2
2AmRjWxvLxJK3DjCYNruLI,3,3
2Anpk7AihEt38POoMEDqRb,2,2
2At18rPHOuTEjGEppwGV0A,2,2
2AtBtTANT1RAWLyAMq6R2k,2,2
2AtCLtWvBG47sampT4i3G7,2,2
2AuCk65ltMN2JlleGQDVqB,2,2
2AuWgceaQyfMoI3EGavwGb,3,3
2AwFU2BnJRlEpjDtu04e6S,2,2
2AwTFpFcTm9TyOXqu2OZ8D,4,4
2AwbeqZqcTrZguAw6H2yrY,3,3
2AxCeJ6PSsBYiTckM0HLY7,4,4
2B1MmCSzH8MRj6kIImsgbq,2,2
2B2vTMJ6vcsHAsbkcSWJRR,2,2
2B4GHvToeLTOBB4QLzW3Ni,4,4
2B4Y9u4ERAFiMo13XPJyGP,2,2
2B7GMkCUExLpG5lM2ICbXF,2,2
2B7ztTw0XuywnZK6W3tTG7,2,1
2BBUgaDkXFmQS7xMEr9r5w,2,2
2BDC0Tgu6x812J4qq5ddR3,3,3
2BEcap3xJtmiPaHKyfQi4e,4,4
2BG97EQecLERHxQM53r2pL,2,2
2BHa53M6XzPMb3sBONBWG7,2,2
2BHwWqwuwcC5Zk6dpThXph,2,2
2BIzYGq1Pyv5SLWEQbgNM4,3,3
2BJdsyqP0IfOt0GR2a6zJl,2,2
2BMqay80iBzZTa608Y1eG1,2,2
2BPhDwy0B6J0NUfRQvpDME,2,2
2BVCjTA33G3ILpvx0J7ODw,3,3
2Bc4llhjJBW77I552RgA3L,2,2
2BdbIW7Vs7csJBZbKxkDAd,2,2
2Bdbwlnv6npGzYFS20DfF3,2,2
2BgEsaKNfHUdlh97KmvFyo,3,3
2Bhq7YTxIZgkdbmRC1tZSZ,4,4
2Bhqg1ONbtcFBTR96H7oQw,2,2
2BiRLDcLc3ACgVSD8aO2EI,2,2
2Bk6sJI1RkMrAQyUCtr1qx,2,2
2BmwXAUDtEzKw4RGtHJu5B,2,2
2Bn2JQAGZzxe09jFzm1SqJ,2,2
2BndJYJQ17UcEeUFJP5JmY,2,2
2BsvZqL8p66ZyU9oA1kIJz,2,2
2Bu8OV53cpcpVRgx1JRYte,2,2
2BxRxqP6gqHHO0dQzse8pe,2,2
2BypKvGfdhSf8mftbZPTjZ,2,2
2C0Bdvg3JgpMfKlmIdO8Fl,2,2
2C2TGgFzrTRIOdQS1vUN5h,3,3
2C6l8EGcbfcLXu0mWfAadB,2,2
2C7PtVuG50IBrcUlTZ13ZG,2,2
2C8aTCVZAiPad7Tb9CsVjD,2,2
2C9MNfyUehdQCxtuBJEnBI,2,2
2C9ZfqsCQ2bSI51q4uJHaU,2,1
2CAqzumDVPlw6oNM8G24ty,2,2
2CCJ1YRPIk7c2VtRL8JMhg,2,2
2CEoa8yJjrG3xK2XXBcR5g,2,2
2CEq42dvxfJucii63I36EY,2,2
2CFGJOKqK7pOdGN4Ujg0Ea,2,2
2CGhzWArXQZG86V1Ztv4Q2,4,4
2CHuu85IjdomB4wPkDwoZp,2,2
2CNSHg6E1xchwIuKuQLHtD,2,2
2CNYxrbpznawrX4k3FGy6X,3,3
2CPqh63wRVscbceKcPxwvv,4,4
2CTHn9Pb4MIMuzFnvSSeer,2,2
2CTxO5tp2dOzehMnYFsSMD,2,2
2CWcO0kduKYfsSHY8E3Iml,2,2
2CXF3c5KrBsXZygtyQJtq9,2,2
2Cd9iWfcOpGDHLz6tVA3G4,2,2
2CdTLdDjwZdVcm0bresVWx,3,3
2Cdvbe2G4hZsnhNMKyGrie,2,2
2CeKVsFFXG4QzA415QygGb,3,3
2CewvqbfMOcnvYE3yayAJV,2,2
2CfNnviw8KsMGGcJ5RtZ61,3,3
2CgD1AHCt23YSWNBQMgC3q,2,2
2CgOd0Lj5MuvOqzqdaAXtS,2,2
2CiemyCTNfoTqKHxzZIk0w,2,1
2CjmX9aRcnD1UKAkWPz0jf,3,3
2CkaHCJGoUlG0u3f69G84H,2,2
2Cml5xVHB01Y7PZ20smxhP,4,4
2Cn42wAQwgQ5qv61UUdKdR,2,2
2ConcMShn9TnYXpgeqs71S,2,2
2CtLKZmGeqKGpIZoY4afFP,2,2
2Cv9iOD22UTRwaDluwebKx,2,2
2Cz9jFYY3HLbO78gLXdD9L,2,2
2CzSTQKg7RNomVePzk2NN9,2,1
2D20D6gxMn8iJV4ij30DIV,2,2
2D3z17LBMJ2HEHeBFFjTLi,2,2
2D9BrlpeyjXF0vli2dYQ5V,2,2
2DAVD5mqfsRCI4mOg5md1R,4,4
2DBzFlduaVzw2EHdP1ZnbG,2,2
2DEQAi3HSie56MG0M5pGwJ,4,4
2DEZmgHKAvm41k4J3R2E9Y,2,2
2DFT4mdft2yUPs7rX6coSd,2,2
2DGa7iaidT5s0qnINlwMjJ,2,2
2DHDuADAHoUW6n0z80RLQF,2,2
2DIFiLjzVxSUc7YY2k7WDA,2,2
2DIWmmR9el57rtcTEYE7Eh,2,2
2DLrgv7HhJanCuD8L9uJLR,3,3
2DMFELtbHiWEwF0V906bKo,2,2
2DOdnZIgqRPq95tDc26Kgm,2,2
2DPtlExz5RsBadugc6KODG,2,2
2DQ1ITjI0YoLFzuADN1ZBW,2,2
2DRMuw0U0QbkVQxWxdJV3M,2,2
2DSKwJ3F6t6ekpooGQN7Vg,2,2
2DTJCl4QX9NZwF1dCLQkqr,3,3
2DUxQ0f2AR7QcG7iKOPNGL,2,2
2DXAv8MRfb1uoJTF827CK0,2,2
2DYzsMQpO7xOw7b3JwyIWP,3,3
2Db4RDun4YmjGcypDB8Av3,4,4
2DcRv49cdbnHGGWFIuHBkI,3,3
2DgaPZppYXSYGCaBceXfTw,2,2
2DiXeuEpop3BfGDGxW8iVz,4,4
2DjWsDGgL1xNbhnr7f6t5F,3,3
2DlHlPMa4M17kufBvI2lEN,2,2
2DnINK9YPAgEpT9hP5cWqc,2,2
2DooBdT3SX7YLLgBP8BHni,2,2
2DpCdPMg1BADE4HDnxt3Rd,4,4
2DpJ9T2RVRanZcYFHKOAfA,2,2
2DqhE7xzpGNsKYbptqblJg,2,2
2DrarKE3JnOXED3kbTuLtY,2,2
2DtPEKs3Pj7E06EoWW4vw8,3,3
2DtwGjmtPWlIfBvx1TBqhZ,2,2
2DuPBbS5mIldXnh7Wum8Cy,2,2
2DyVUB1hwY3DCnvteT9Tuj,5,5
2E0Lr1ecydv5MjTYYM0WhN,2,2
2E1sUwtH4AANynciTbL36h,2,2
2E2G88mTTJjbbmEpqTkbaV,2,2
2E4pGT15X6ElliPQIxSGaq,2,2
2E7X7gDK6L83R4dNDIBT7U,2,2
2E9kAui8OwLU50kCvLQtiE,3,3
2E9viCx0hJKNKNThd2MdGQ,2,2
2EBSkKiXh92JgovNJMYrT9,2,2
2ECjeYPCdRNeuCzO0W1UMW,2,2
2ECokGI5VuABjcNb90be3p,3,3
2EDbDWID5FkMjbbDDeiabO,3,3
2EIKAt7fp0Zog0nmfVWxNK,4,4
2EL6VBbIx8xmGQVRSnQYpY,3,3
2EMYPLB3S0kgfAMmA5Y4Pz,2,2
2EOmt9cfu8fjWNjS45w6cC,2,2
2EPDjGmxLyouIfSRRji5q5,2,2
2EPVEQ8ITYjNXmT8FEUoxH,2,2
2EPzkz5PWXywX20xUArbyx,2,2
2ERHYDQRKZSb5GHv21nnbc,2,2
2EaQrkCOe5Esv3NWSnk4sX,2,2
2EiVLz6irHr0sYvhiHubCh,2,2
2Ekzdvq7VEmWMDkxrYwKX7,3,3
2Eo5TuDu2fPROZ3ro7hvNd,2,2
2EoFxpBrtkJAWrtDQgGWh5,2,2
2EoOZnxNgtmZaD8uUmz2nD,5,5
2EqlS6tkEnglzr7tkKAAYD,2,2
2EtscG8xGvOITpTS3O9DuF,2,2
2Eu5IxBvLxCd1HFVR4JbR4,2,2
2Ey5iQDQY9RuTZHgYsaL5I,2,2
2Ey6v4Sekh3Z0RUSISRosD,8,8
2F0V2ZtysDji16KdnRYnno,2,2
2F5I3TlH6JPMrwmcqxkuvF,2,2
2F9vsy9OHerbj5OtSgtg2q,2,2
2FAdK0AbXRRwlNFb2l9nUi,2,2
2FBAM2dVhCex33z30YA7hV,2,2
2FCXQHugkoHE1K3tiDu8pu,3,3
2FFW3qrBH48brinAeemZGi,2,2
2FGBAvdswjz67iMGUXgBZD,4,4
2FGh2ref26EwA3Z5st5oHb,2,2
2FJkpN3sxwtlTbjfzKGZlX,2,2
2FML7gk7ac6quGFIjvkDb3,2,2
2FPxdkJbS7Ft0u6wg8gQUM,2,2
2FRnf9qhLbvw8fu4IBXx78,2,2
2FU1YUBRONE4XXTiffe2Bv,3,3
2FWyJIT0gL2G3xWVQ9Id5f,3,3
2Fb7yGahoIfkR2KpC0Tgs6,4,4
2FfgDLrH2ryEpQlHQsftlY,6,6
2FgBbPzQtH6WcimQuh6yOi,2,1
2Fi9ToRsQ3RmhPQbzCXHFa,3,3
2Fj8K3IROlXO1xp6Y6Vtu2,2,2
2Fjz5ZC5BvFdCqcnTZ3ilH,2,2
2FkbeqpCrjjDdVH1SZgDo6,3,3
2FlIG6qvcKd73lqqedlgEX,2,2
2FlJAJvMqU36pBmkcnvbo8,2,2
2Fn66Mos1yElxdJBadXgpO,2,2
2Foc5Q5nqNiosCNqttzHof,2,2
2Fpbt4UYV8mYYNOlq5Imor,3,3
2FpzO4dqbCUPtZUQDjcLL3,2,2
2FqkTu4FhwDWn9hzEaWWCE,3,3
2FqoR7diymD1Eh7cVb3DMg,3,3
2Fs5fnxRdf7XsvgmlUAOwQ,2,2
2FsDybzWgntIa8M3Y7AenT,2,2
2FsrKLHO91CaT8vvY85DD6,2,2
2Fv2injs4qAm8mJBGaxVKU,2,2
2FwKDwQyIKK1YgLAg9wjnV,2,2
2FyB6FVV2F35wh175H6IeZ,4,4
2G1NkbB4TJj6GlMd6CrwvZ,3,3
2G7zuAZ2acarhEapvtCaPq,2,2
2G8eyoZQjaBakG9DFk5NSw,2,2
2GFwwTIVLjnOrtP7m9luHC,2,2
2GHBe8pqsAp0CE3sPRhSO9,2,2
2GHQ6x1hPJqZZPIkNk7wgK,2,2
2GICtNjlmq5w1XIQ9s0D9y,2,2
2GIXniwgfIlLuVTB4rWWWv,4,4
2GIdXUqLQ2rbT5I5r3JvIw,2,2
2GJ1xx5ZoeIJYbQKLSpoZ3,3,3
2GKvSb11LvOsZWkuSqlhqe,3,3
2GMHqFwYnY3OGSvACE1pkE,3,3
2GNh9aQ0Q40TiQXo8CJppZ,3,3
2GOVk9VRBmLVEyHSdZYPEN,2,2
2GPCE96x9Go6acdDt8ex6p,3,3
2GSWR453Xv6240yHfQvLoZ,4,4
2GXXZFUxYg2LvG8SR0byOE,2,2
2Gaynwa8ZoYKdc9w3utD1h,3,3
2GbInmkrrUOSG0Q57gt2Na,2,2
2Gd7x92yhLBkK29XenAjjX,2,2
2GfARslWOjzRUtqCemkJmF,2,2
2GgxS8bUT5G25QJTsfSv0R,4,4
2GhwDDUHbfHF6YOwm9xilY,2,2
2Gi7g9L0XDJpMDfwuCYLO4,2,2
2GiUWH13wdIfvvR2vjemAH,3,3
2GjMaJ7DacMIkgoe8oMXGg,4,4
2Gl0FzuLxflY6nPifJp5Dr,2,2
2GmDKB7skBipPXBBkM0RBt,2,2
2GoUDI71TEHEirljYfoCYM,2,2
2GpBrAoCwt48fxjgjlzMd4,4,4
2Gpk1rtu5wVUCMQH86kErs,2,2
2GqmufsIytFAXE9sxz4m4S,4,4
2GtksLOwApBFKXsm4jsw8o,2,2
2GuIRSthEpYN5MO6PGD7Vx,2,2
2Guz1b911CbpG8L92cnglI,2,2
2GxASwsYYNS8WPKri3dFSD,3,3
2H22I5b5ZWbDEWACE9setp,3,3
2H3Ybag8WuTdoaGVMCDqRl,4,4
2H4l11D1fsfJ3WfyZ6XGe1,2,2
2H66zNHEqwFckqVfxeFxIa,3,3
2H87pSpxWMDqFeNtPslCWp,2,2
2HB0RLSCaKALpRHFw7PcOy,2,2
2HGblG20PjYgHuLuxfotLM,2,2
2HHAxkrJbuWZ7JWdxYbsWO,2,2
2HHF8es4MShLvMiDgOq3Z5,2,2
2HHnW1zEozzxU9spZVGO5I,2,2
2HRNRdM9n5CvcMYkvqPpI8,2,2
2HTIBbBf5DeKJxkq2EI5Kk,2,2
2HUZVffVPXvqnrml0gXggp,2,2
2HXP76Wr3Cj2MlUQVa80Zi,3,3
2HXWW3EM1SkQGMI2XvAZLW,2,2
2HXX7sAKE71YbJ5Wysju9e,2,2
2HXixVqzzm9rEUIMAWzshl,2,2
2HXk9m2RM9CwKiTlWl6z8R,2,2
2HZLXBOnaSRhXStMLrq9fD,3,3
2HegWuw33lBqopjopozt7N,4,4
2Hh6q4RUkddqIvhq9WSzKz,2,2
2HjcFrEc1qBZEhWKlEgbqd,2,2
2HlKoADvlaFopZPVPkrWZ1,2,2
2HmgOWnM9l9JXa46cjBlq9,2,2
2HoqbEOXgbDSLZ5XCePEXt,3,3
2HovXsvcdJur52BOcYGydz,2,2
2HwTNkYDzY4Jm3hDQ0q6ft,2,2
2HxvFyBQxHWZxHQTFFXQgC,2,2
2HyijvbsWtIgLt3nSxPYML,2,1
2Hz403eAzJ8BTGZX0PkgIP,2,2
2I0KaPpWmAcFQyMmk5P2Cz,3,3
2IBMvJqiBJBcbEddTlZZxI,2,2
2IHTPzWvCxfYdLzdWofJYp,2,1
2IO7yf562c1zLzpanal1DT,3,3
2IRl9JAuTVRrebcMN4Eroc,2,2
2ISSQPb9LHHiV6ng2NXosL,5,5
2IURcEXwXgzREzWkr2foxQ,4,4
2IUkw09LrFwfXNRwnecgmG,3,3
2IVsRhKrx8hlQBOWy4qebo,2,2
2IWtloZYQDcP8Ashwx8QEF,2,2
2IfE8FhnPPEBSS4rL1qhBb,2,2
2IgcJ36zkTppzy7rwOWwva,2,2
2IlivxoEfhgiVyuzNmEjfP,2,2
2IoSxedPj3lZVul8qUyWZF,3,3
2Iq6HhIquO7JKr0KfTNLzU,2,2
2Ir2S7YpHlTuDNtBFBW1kP,4,4
2ItcXDhy50UlwefhTADM2k,2,2
2IuMLcC6IIbnhNFooJWOCn,2,2
2IuRiIKFRFluDMJfzgzJ68,2,2
2IugoBCcRqIfBdqxwLlNrX,2,2
2Ivtk3iVMAfp2XaWhgDNAn,2,2
2Iyfw8YfKruAagJwGc4G07,3,3
2J2Z1SkXYghSajLibnQHOa,2,2
2J3JETBGdQdjCOzIRmoeWc,2,2
2JEvkGpibMvl7nAymPedyW,2,2
2JF6XTiPGGbYOXsLbAnTWx,3,3
2JIRtFAIUkd86PQD12Hm7r,2,2
2JJstgu72jt2qlB9Bw384J,2,2
2JO3HwMRPeya8bXbtbyPcf,2,2
2JPLbjOn0wPCngEot2STUS,3,3
2JR8NubWbZW1vj671mtWaV,3,3
2JSxHhnDHsz0d6v22amg7y,2,2
2JUo8iX8FC05xd9GEpw9BI,2,2
2JVkbbkS4KcOMDpOQbEp1p,2,2
2JWitcO95QYcP8tqIjsAOT,3,3
2JXYbTt5lVJ0fhaY87cxDy,2,2
2JaH53lfEHvrHRE8JWSjN3,2,2
2JabszmDYl2x7B7blqtp8l,2,2
2JefJre9prnzm9ffRYnMM4,2,2
2JhJOPGvtqMpj5RQC8cIYf,4,4
2JjAZwcKJjmuwDZSiw4PEj,3,3
2JjmTbiaj8Zin3ePd6hfdB,2,1
2Jl0A8XA5n8wXDTzdKYL9D,2,2
2JmbEZudT2eA3kUp5nXGZf,2,2
2JnZ5Q6YjESfLil5hg7WUT,2,2
2JrM5j2janjbbmTGRGIgFU,3,3
2JtIKFOdjw85nEgKqVK9Gn,2,2
2JuMBpiZmsz9NKeRdDxiCw,2,2
2JuasWPUodaUxf5nwNpciQ,4,4
2Jun5XTPvYxgMArwdDT4Vy,2,2
2Jysre3rcptlze7rb19rWo,2,2
2JzZzZUQj3Qff7wapcbKjc,3,3
2K0uZFmADV2hpSvJITvGoL,4,4
2K2M0TcglCRLLpFOzKeFZA,3,3
2K2NeVnP853rkR5ese8ZLP,2,2
2K3CIaXd0ksdPlBSN5EuE2,2,2
2K4I5sjjWuWNobvDVCmr7x,2,2
2K6ZdFYngMVzTFiNQhBzM4,2,2
2K6a1zQRxVh7lvvNf3gSCR,2,2
2K6jJQ1i2SVNWLEF06Ha4B,2,2
2K74neaENwzZEtudbyX4Lr,3,3
2K7xn816oNHJZ0aVqdQsha,3,3
2KA1Wkb8nVaPjQEOqAXTD7,2,2
2KDR0VRWbQ88LQ1cdi8T3z,3,3
2KDh8WCdnPKTQz2lvIL2bv,2,2
2KF57JKD8oQgBA904VRjQq,2,2
2KH9tWMNpKRIfEJlx8FJbk,3,3
2KKLuHN6zDxVnWtFKO8vo4,2,2
2KKsgm1YQKWC1fpPqz3dU4,2,2
2KLzvAk1wr5dOIc50tPFfr,3,3
2KM8qFw8vlV0m0HFBBoNxm,6,6
2KMJ5CoxY4ECG9TZyNWmpv,2,2
2KMQ4IjWHmiRf32UmJUK9E,2,2
2KN5wY5R4gXbka8wB2kXh8,2,2
2KP76NyUIH8XNvWa84lRPi,3,3
2KSKJUXSyidfa5iBxrYbvq,2,2
2KUDuFlF7fPPbiJh0oetMZ,3,3
2KWCHX9hCadTNbUhLWvDDq,3,3
2KYnSFIrSbaKUXWetW7Klt,2,2
2KeYak32m4woe19To44AFD,2,2
2KezizwgtM5kC8ZQxcBf0T,2,2
2KfeoUqgmA1aGDA79enC3B,2,2
2KqyN0BfxznJIeWxGxXHm5,3,2
2KsD4oe5Dj7EPPwkVfiaL3,2,1
2Kt1XplPBQBsDKQDa6TssB,2,2
2Kv4hr8k7d4zp7bALtKdAo,2,2
2KzOD92yQUW7kP0lgCYNgC,2,2
2L0wPdpLIZBSMmkS8RDFtw,2,2
2L1OXzqVPpVxotHfLglUcB,2,2
2L1S1Kal8d9azSsfckbNNy,2,2
2L1WVCWCuhbc8IEIiJbrGl,5,5
2L2rzhnx1Xr6LiGuaYMepY,3,3
2L44djRjs3foqu3J6GSHeg,5,5
2L4l7WGl0TueySn1vK2gHh,2,2
2L6NcYYiU1Ehy7aHPOPkiH,2,2
2L8SSEroY1WFbk2vyqafQP,2,2
2L95U6syP0bV3fkYYOzmiW,2,2
2LAbwhtxSdxvOjQRSNdVmF,2,2
2LBuXj5GUClLgOX7f86IMK,2,2
2LC523tbEPFpc1pnikbt5b,2,2
2LCvypYL9a21Hln4A4EdWU,2,2
2LDAWHRNm2W3DJOKuZqa2j,2,2
2LGdO5MtFdyphi2EihANZG,2,2
2LGj1sOH9OEN5y1fF3TPoL,3,3
2LMq1O0NiqGhPOlXo3McYQ,4,4
2LPwQCwT2o06dx2P1qDizN,2,2
2LVxKq3Tah8D32ToPcSKyG,2,2
2LY1AfUB3ReDeyUl7zIZmW,2,2
2LYH0aiSJRgO0kXwXmpcRZ,2,2
2LZ9iobmtiQa52mZMIebuH,2,2
2La21GqU4fKTQLcfLxTeoz,2,2
2LawezPeJhN4AWuSB0GtAU,2,2
2LcXJP95e4HKydTZ2mYfrx,2,2
2LhaQUFez282XCuTDSTDcV,2,2
2Lkn3Of9JHY6RSA8c3omKT,5,5
2LlnYFReI1nqBITIoN3LLL,2,2
2LnnCrqJl1p39bD7d491cu,2,2
2Lq8E3c2MPApoVUAyxuHAF,2,2
2LsHpAMrxdf2YdvjfeJGkn,2,2
2LsPArKkazeaqQzBrPh0iP,3,3
2Lvca9B2AQKTNx2yNxnWbr,2,1
2LvtkR0gz5SJ8Tz4hV6z35,2,2
2LvvNsJKCyB14ORqYcSUSF,2,2
2LxGrlboLTVvmegFyRtdP5,5,5
2LxPZqd0ksrNGYBKh3vrhV,2,2
2LxdNADWier3MKTei8FbOY,2,2
2M1EWNXyKRnWHuoU2hk7Rq,3,3
2M5WTwqnkyz7bW6P1CiD6q,3,3
2M5t4tdhZ9W3Eys2HDCjbY,2,2
2M8hNjSSsRP89aFs3ISIrS,2,2
2M95nL0Ud35yRuvbNKgxIx,2,2
2M9ro2krNb7nr7HSprkEgo,3,3
2MAShwvWnE9WfrnF4DWZLO,2,2
2MAVcVr2oylw2OZ3hojWYj,2,2
2MCUHzFEXf39cyzcNyKw7B,4,4
2MEH84HKs9zYHcA82mVzBy,5,5
2MFNZVJx375nOfIVoFTsf3,2,2
2MJGIie6rHtECQnhbFdnX7,3,3
2MJz8BxxMsERULatmBikDH,3,3
2MKJbTQepwHTMhKmbAk225,2,2
2MKLbFPQ3QDXpQ0KnS06Kl,2,2
2MLHyLy5z5l5YRp7momlgw,3,3
2MMFbghnnvVnIS6W7mchPd,2,2
2MZSXhq4XDJWu6coGoXX1V,2,2
2MambWcS8EoNCYgPEZqJZi,2,2
2MddqD0MryxIAKS03raHsz,4,4
2Me8g0TZBRiOOYvjexvYwe,2,2
2MeWztYHwBXgb6EcaZ5Uer,2,2
2Mes3Ubeld6px0kvYRAra3,3,3
2MfwT3SKUyF0na2LCa2fCp,2,2
2MhY90bXu49lH9T1uj7h0I,2,2
2MhZbxhjQf9WunW7Jc4kX4,3,2
2Mi2dFDnw7jpARNW0bAj4W,2,2
2MlMI8EvmLlWYXVcdfSAxs,3,3
2MlqP1HzhitHfFXPXKumdB,2,2
2MobJagQB0dGJoRqI8OT0m,3,3
2Mos9d5rH50MfweI0T9QZs,2,2
2MrqN6zWkvqKdGCTJEVm6S,2,2
2Ms30hRxAxBpoZmh6WZvoo,2,2
2MuWTIM3b0YEAskbeeFE1i,3,3
2Mw8xQJpIDAgrktDXEqxCs,2,2
2MwJYrmAqLPOxd3pSLNdYb,2,2
2Mx04yfVzvfBuUcqDMxmqX,2,2
2MzRL3WeWaESiJlfZYJJAK,2,2
2MzU5lu3pSa0WkDKT13NqX,2,2
2MzlgCHg6QlImyLeT38B5A,2,2
2MzqaH1uZ31LcBKSX6aI7F,3,3
2N2yrmodOnVF10mKvItC9P,2,2
2N3xyXrk3mgMB0p8aaKvQx,2,2
2N4YbJg96OG37pQZkviVFv,3,3
2N4lCwOeFRX7qrbMPRcZ7d,2,2
2N5EAwQN2LTGzkzre4IUga,2,2
2N6qMBL0E2G55pKKmkCDce,2,2
2N88n8i3WgXPzelcXpUhm1,4,4
2NBRmMAaBn4oJ5A5BG3UL5,4,4
2NBYiYtI4v1ujkhHZBq3xw,2,2
2NDDTipKDL1L09WV2GSN52,4,4
2NEhxLuoy6tKtLhm7D6Sp0,2,2
2NMcaHLVbeuMNzBvAaeXd9,2,2
2NMdjMrdycTgwwOV1HSg6y,2,2
2NMjggapJcXXM7WccGEBUO,2,2
2NOjS8RIoLZiZh9e8QCL53,2,2
2NPHU2WJaI3rrtCNNuQ8L1,2,2
2NTVtNcpC0i1R7LVGaCZCF,2,2
2NV0oNAYgjlN27SeNIo8bL,4,4
2NXYLpZdCZ6qaqZlaMpDMd,3,3
2NbyfxGIXCDq1J7YMayNzq,3,3
2NgPplXFmGoBHtFMQNpIHa,2,2
2Niyp1yifjn062AWqYtis3,3,3
2NjRIEb53CJWJqlHZ3xwH9,2,2
2Nmgl5ms85CE90Yu4lm8jL,4,4
2Npjui495Y4HPVyTi4wO7j,3,3
2NqfkA2lQHqAezTY5h2EZ1,3,3
2NrSTMKBB6X4cMk7AUmpLA,2,2
2Ns9vtFyKhGoI0vCFLHQOR,5,5
2NtS0rZ8MdnsJbLNRME6pg,2,2
2NyaaTM7BOAPQaFRIqdE4c,2,2
2O4O75liWpdFOt4B1jZSH7,3,3
2O4s92ElEr4wt4ek9fseBr,2,2
2O5PhBSNI3cN4VoVOYSfRt,2,2
2O5Pz5YdIf9Be12rE9fEWB,2,2
2O5QijC25ENqIc04YOsuw1,2,2
2O6CQNFDBvZ76uBbGs9NvG,2,2
2O9KgUsmuon6Gycdmagc6t,2,2
2O9O26335YYVckmRgPKY3s,2,2
2OCoH12t6olzx9bT1PEC8F,2,2
2OEanzXtJZRfilyKqixr2y,2,2
2OEmtRXH5FL5foKlwoIZYU,4,4
2OErSh4oVVAUll0vHxdr6p,2,2
2OHS3REstdGEdLxuWImyOT,2,2
2OImOyNxoQj3EhOjfGtkT4,2,2
2ORZY1UyCJkyQRFwyTtPbi,2,2
2OYM8AomneL1lq8LjsT3bv,3,3
2OYgoG7jqfMXsUaQfgROtw,2,2
2OZ9hl4dY5WmIEZmtroogz,2,2
2Obwg8XE4sWXLpJSDlxn1r,2,2
2Oc91MmNBv4bTvSBtN7iMQ,3,3
2Ocao0XJlBrKgIQm9ckhsH,2,2
2Od3Ysez43Zq6SgUijASW1,2,2
2Oe8rQW8EwvIO8DKTZNduS,4,4
2OfQvGrr83FGpdLA1nAR01,2,2
2Ok3RB6OuSkV140AgyCuqd,4,4
2OmZjKpXjbDWXEsw1JEy1x,2,2
2OnxKo0mQEOTn6EdCQfVGr,4,4
2OoS1aZFAFscH1cUiKlazH,2,2
2OrgdmsWkqPiC4MNDnPHx0,2,2
2OvghkMxxhszSnCszI0RvU,2,2
2OxysySr6uOToqnrf0tlAq,2,1
2OzWAnEIbId0igNs9yxZBb,2,2
2P3KTPSUnwEHNFMjq5PAs5,2,2
2P3XMNTNXPnlP0Uid5xYIu,2,2
2P4OICZRVAQcYAV2JReRfj,2,2
2P4yrq9QoKVT7nGlYchihs,2,2
2P5yIMu2DNeMXTyOANKS6k,2,2
2P6Opus7hGyXkC6Pd7k1Gk,2,2
2P6oFSRed6kyGIl7zuMY1V,2,2
2P91MQbaiQOfbiz9VqhqKQ,3,3
2P9jqjK69Yhc296w9WYXGr,3,3
2PAwhchKPd8F5FDYXQmZgL,3,3
2PCSrsG1MyOYyFbJ0m9mVN,4,4
2PCTrOWob0vs0io6pfGOYS,2,2
2PDVrk6EGNgpDu7pjO0p3R,2,2
2POnf7vLdXObV2vLDMk50f,3,3
2PPxw6YXIVWcIe79qedaIX,2,2
2PS1X5DzUCIFuX4ljfNAH0,3,3
2PVA13ykYYHeXKlIsx2Vjk,2,2
2PWIdXtLdUwtLN9tn3gzCI,2,2
2PWTZV5znjLtZC5T1EVJvL,2,2
2PWYFc8JR7O1KWOoGofltM,2,2
2PbMeWMDjNnhWuvIRKLAaV,2,2
2Pbb9tq2u1ayF8FHgdzrRX,2,2
2PcGqmKToUz0s65q1Acg7d,2,2
2Pe2uda2pqu1CyK3RqtOAW,3,3
2Pgc97g0nMT8zTtumxVrXv,2,1
2PhDSnvzHU4NKuKTtUD6Ea,3,3
2PhlrsYp7TSkK96ngbmL38,4,4
2PkBAXnfavpSySBRWaoxjf,3,3
2Pmz8aqad67TXz68XeJChp,2,2
2Pn03PIZpWIt34wML20qst,4,4
2PnQwNP5V4FYA04vR57Juk,2,2
2PqRGBqhO6QoIPyhvQSFCl,2,2
2PvaburAUlhNHxVhw5lvOq,2,2
2PxZSFOv7RebkeSEwQTjr7,2,2
2Q0vnDYHgq4M9Ax3pahjPz,2,2
2Q1GiIEXPL9AvuoRf82DwB,2,2
2Q1IoizHMaYROD9JrAsLDS,4,4
2Q3jcJsNmsbgwPjLAZccZz,2,2
2Q4MRMnSAMckugCtR5jgXT,3,3
2Q6itfdSzJjIZlzncN4StM,2,2
2QALFQsf6QAs6esLfRLNlt,2,2
2QC2PTvF3yONXlvih301aR,2,2
2QCwowUTpIgznUBCKW1CT6,2,2
2QD87WzfqnNWwiKNCEgJSq,2,2
2QFyOnJfJ49OnNgMvKXvTM,2,2
2QFzn5NXgtqssepxJjmJYP,3,3
2QGuFhaQDrGKqtkOgItDJS,4,4
2QHkMyf71kpkTiYYsp8qYO,2,2
2QIwuG4S7XCp5R0a8F8jvz,2,2
2QJmvhnhah2pOFvzJGg7Ro,2,1
2QKALbvieihPo40okeVa1v,4,4
2QLFTiSNgt6cT3aQdeGFhd,4,4
2QNskthot9ctTMoDWrCXcc,2,2
2QQ1VqwOviE1kuQj2enp1w,2,2
2QSOI7ful79gOzpNlwyVeh,3,3
2QczXDHtchuZSBVg8fliPn,5,5
2QeHiDlvMnHdL5GkydryQC,3,3
2QfiRTz5Yc8DdShCxG1tB2,4,4
2Qj1FilGsXITZbFVmVeoLy,2,2
2QjOHCTQ1Jl3zawyYOpxh6,4,4
2Qm7HUXiXKIKRlfGGyEHL5,2,2
2QmYNJ4Fg3co8cWr8k7023,2,2
2Qmv6bDN1yazfH5OrhSlI9,2,2
2Qo2hmuW1jZrkJAW1Zb9Zf,2,2
2Qu65QrO1DiWVJIteOD9ri,2,2
2Qw99dMoeI6bnxGqDInWDS,2,2
2R1n2QizkN1QygvkqyHhM5,2,2
2R3CJquLzefg8IYp0K0hnB,2,2
2R3LQndjqKf8CIuPTSiI8p,2,2
2R6UrJ8uWbSIiHWmvRQvN8,2,2
2R7qip8VANCHLVYsov9zbT,2,2
2RAEtFZQd4TZexKgblZNgA,6,6
2RBA0rwuSGe0277I6Ei0cq,4,4
2RD1r9eKDTRs6hiN9RR9UC,2,2
2RFt6ZWQbr9mPhsft9u9eX,3,3
2RH5xmKhHg8WiOYmItdMnR,2,2
2RIq8jJy01rwLYXTGuVILo,2,2
2ROJOb98GorxStuOuZWcGd,3,3
2RS04SWRKIpffQMPkNszil,2,2
2RSzPRq4NKwTqnqapywvCH,2,2
2RTePbeArmBjQ4ZBZh0U1U,2,2
2RU3BzX7PFSgV9iDv9Qroi,2,2
2RUHnJNX92657k8DsVgoLd,4,4
2RVWKbMCQwaIAJS5FXNanZ,4,4
2RWApboy1wKHMeLD6KlFI9,2,2
2RWCmhT0erG8A9S19EXWq0,3,3
2RWFncSWZEhSRRifqiDNVV,2,2
2RXv7fZNLSP3X7xWiJ8e5n,4,4
2RZtx21gOL0GwRxd23T3S6,2,2
2RaA6kIcvomt77qlIgGhCT,2,2
2RaEgEkEDjIRrkBcgcJiCg,4,4
2RaiBxsqe36vP0akK2BWHZ,2,2
2RgDiVVZrBDL81IV2AOxPe,2,2
2RhIaSWaloy5vprvJp5oAT,2,2
2RifT2PXli2cZk9Q19qKND,2,2
2RjWCcfCOMzKeRJzeoe4h6,2,2
2Rmw7J0krEU75ffhkaK93D,2,2
2RnPATK99oGOZygnD2GTO6,2,2
2Ro3j3SKjzRT7zB5JwHuPR,2,2
2RoTNWss4JqUwI1R19rhGW,2,2
2RotDMmg3PeoEFLiqsXUS7,3,3
2Roub2Oj45R0903dCNZ1eh,2,2
2RsAajgo0g7bMCHxwH3Sk0,4,4
2Rv1rl5lhTfj3ZydOKNb5I,2,2
2RvluPimiBzerjtXE87AdI,2,2
2Rzwiy6kWHIVKFKdh94tJR,2,2
2S0sTz1lrEu4R82mA572Cb,2,2
2S1IGjykXoLfYNVB9oruBr,2,2
2S1JV3N08V5poRs2RbIMOp,2,2
2S3G868WlDZNtfwZiDKPRx,4,4
2S6N9pbnkhQRyAx80HmF79,2,2
2S79bB4RoEFaisdjp08RlF,2,2
2S8xyNRJX1XQdo3qnTuovI,2,2
2S9yxu8MLsL0CXoSdGuues,6,6
2SFhJe79faMbb5fgEFJGg0,2,2
2SGBRV7ngFtz3Rb21qWcJO,2,2
2SGmVE90PzF7iSbRbToHnk,2,2
2SHnUyZq0zwmvRIl4WY77G,2,2
2SLLm0Dt3JHr0IEREeH0kj,2,2
2SNcSWDurvPuyfRveaJ9Qv,2,2
2SU8oUjV8T8BEKqJYbVFou,4,3
2SW0q2M7fYw27ZZmxGGToo,2,2
2SZWtoroRuSM60jzsXqVc9,3,3
2ScU6iEvgb0TIuKiyem9rg,4,4
2SgPrP39liz9qtXK7Zq3sf,3,3
2SgbR6ttzoNlCRGQOKjrop,3,3
2SkJKMfjpYsNv0KWOxiegX,2,2
2Sl6hMperaZs5PWPrpJboD,2,2
2SmDsqV1mfn1dQ658EHpa3,2,2
2SmmevhFsgczaqU8pUDgaN,2,2
2SqxDWhszEKu61yiok4pf6,2,2
2SrVGpjv0mqCR6j9EZPSm2,2,2
2SsneDqgO7ZSi6Ktw5RbrV,2,2
2SvP6VWIoq4CQ2IbdZEmcU,2,2
2SwoHOkk5X3GJUP6KeuB1d,2,2
2SzL7InS9YW8zxjfPslrmb,2,2
2SzambF00WN62Gz99DlQxt,2,2
2T1SNgLERipx3n6iVTeHZA,5,4
2T2vudIHfVMA5ychWTU3KA,2,2
2T3jgoAMbBXiMMD8pSc6QL,2,2
2T4QfRdhGf1BxKNyLBkE6N,4,4
2T6rMXWYc934IWMudx1H1X,2,2
2TCLmwZhE8SYHiLvIacdqI,2,2
2TCxRKDLjTJpi3OJOnr9VF,2,2
2TDtt2AF6IR5iTmVrCM1u8,5,5
2TE4xW3ImvpltVU0cPcKUn,2,2
2TEBHyVt04EBTGFyDEusGa,2,2
2TH65lNHgvLxCKXM3apjxI,2,2
2TI0STKG1kgevz10OxF3Pm,3,3
2TIw5PyvZZ9N3EzDveEoTi,3,3
2TPCINjlzZ9Hbp0tCRQC2b,2,2
2TWFcqzZ6KEUAYie7wEF1f,3,3
2TXG8WRqYDtN4YI4XW1RCs,2,2
2TXNt030U3LfqFqbNjdk9T,2,2
2TXNzTUp1KMUMD7pYMWkCY,2,2
2TXO54YCXHrP131SwQ3azF,2,2
2TZ3ofX1PWwlpcyfd75CDg,2,2
2TbVvu7CINraLQd3LAbP8y,2,2
2Tc9VznHtQUmfOgE3L1RdN,2,2
2TgTGJyiWf1ptW5g3QG938,2,2
2ThKcMBfuQilrlCkGlCdgM,3,3
2ThuiiI0d0TybcQDYDSgpS,2,2
2TjNLyK7wvb3gr5c1vXcUS,2,2
2TjnCxxQRYn56Ye8gkUKiW,3,3
2TknnfKpiA3dnkOtNDbDZy,2,2
2TlQN2FxABjvDZnDjSivgq,2,2
2TocLZMOpI8t0fwIYiXRU5,2,1
2Tpvup5jZBzdJBvVK5hpu4,2,2
2TtezxgSqQUpkTuomfiJDM,3,3
2Tv4NhYavSni05V7IIT17w,2,2
2TwM6FmWDMSBDdKYOsWKdy,4,4
2TzjPxQFukz0habQRkxhU7,2,2
2U3O6FoCkZtY1cbOZEuRP3,2,2
2U4MHuPfEpodUXGECdrR9N,3,3
2U5EyfU0Z5FTZKpeuCpTwP,2,2
2U7k19rKiQDBkB5zy632n4,2,2
2U8jF9oSHrBm0r3TSnQs3r,2,2
2UCFUK8rCxcx7WLvwU2Y0e,2,2
2UCoAOZGk6a4BHUBzlvfAO,3,3
2UDumaw7osnyjH7RZ2DLpB,2,2
2UFAjlh6NmjWX9IyMTMcxD,3,3
2UHoZE4P1shj40Z3aQLi3I,2,2
2UIoxw6hFDMKN6Ueboxijb,3,3
2UJ7e55bObCYCqpBkehnsr,2,2
2UJy2HHo4afrQbI5FizxLM,2,2
2UKK9UEbKlykbmLVP1zWIQ,2,2
2UKvxuMTM7JwprZrnpxgY1,2,2
2UREu1Y8CO4jXkbvqAtP7g,4,4
2USfvfEEmJwxKzMilhqh5n,2,2
2USlegnFJLrVLpoVfPimKB,3,3
2UWgnHDwD8Uw5hU1akDWDl,3,3
2UbIZiTmozBrmceDdjqqOY,2,2
2UbVnbE5FH6008mAm6Mmgw,2,2
2UfWdCjM4AdD0tFWvbaQCi,3,3
2UkHuOfxBPLliEKCVep30k,3,3
2UkthNtMWV49Ay5dWKj8iA,2,2
2UuecWcpFpSngpTvm00eQj,3,3
2Uyda5UuQnxkdYkECw3F8C,2,2
2UzNyk6tBmMaXf1dphGUo0,4,4
2UzTljfQR9QLGgpVWBunko,5,5
2UzdMpV9R6H1Aex1yXExli,2,2
2UzzLexdZFJeFK16PqgmV9,2,2
2V1BrpHiHIJTtzBBvjWSTH,2,2
2V1UjIW8DUV9jzpcOffRXk,2,2
2V26vjCy384SOkQgl0dpsA,2,2
2V65y3PX4DkRhy1djlxd9p,4,4
2V9jfUh3nLM7JZINiWNw25,5,5
2VAGD3r6wODe61kJq0ZY3C,2,2
2VFWQZPcKZeyd30TcoXJvb,2,2
2VGQ342iuqj6aSaYbyBQVJ,2,2
2VJLjzAtXuIU1ppOULery6,2,2
2VLyYc2ytsYVOkP963joVX,2,2
2VPK0BMgwyRtx9QlyBpdb0,2,2
2VRR3vc9jMYcCEBM2A3ZV9,2,2
2VRlBQCorJfk9QNWVyCMpy,2,2
2VSN91ig6Mw7YvZyd9zda9,2,2
2VSbEXqs6NbNiZSTcHlIDR,3,3
2VSdj9iXoaPojkSMKp2gXI,2,2
2VTgVKaabe96ezuyDW5ugq,4,4
2VTtxoSgxXQS7NPKSpDzIC,2,2
2VZtXhjdZE6etfcXIKt7FB,2,2
2Vag8ExVU4vAFj1FVvw0yC,5,5
2VfvfFSVD1Ki0PH0Xd0jcv,3,3
2VhDQRvapFA5av8jhv2c9v,2,2
2Vim06YsRb4uJRpbeq6NR6,2,2
2VjgDMPac8RDAaz2JH3UBs,2,2
2VkBQoC1hWOECFN9goNHk6,2,2
2VklnFamAoZ1b9a5Ljn6Br,2,2
2Vm4Uy2fsUcyRjViraNRPH,2,2
2VmB1rF9FtfKUmFHDVnq8Q,2,2
2VmyG10PAR0ZyTUtgOp5Wf,2,2
2VnlJCQMphFJUyYR5p7da2,2,2
2VsX1BoWSGiuVXGiFSUr6h,2,2
2VvTMIXG760UiG9OSiFt9j,3,3
2VvmryAbIRod1FwZHtwqC5,2,2
2W0U2k7mG3pjeavi6FK27N,2,1
2W0otyOuO6PixES66V4SgR,2,2
2W1EsT0BlEnFaPe44Q71N5,2,2
2W1S2nH5PiycBBDRjUhHQd,2,2
2W2FdBJVibxUT86HT7Dx5E,5,5
2W3Pabwcki4u8XZhxWLkEw,2,2
2W3QTyPSI5Zg1a4Cm3UMvd,2,2
2W6SMk3QfcG4ZkwgOFdRuu,2,2
2W779g2UrRZtVdf3FcEOO1,4,4
2WAZgWQpoeHJwazZzbs2rH,4,4
2WCy38oM4VCRZ8AFH68fhx,2,2
2WEVh0TBS8P38BvjBh8Wem,2,2
2WGoZV4Rc2TKT0CY8LAdtW,3,3
2WKBEpRgLDXonyicWfyzdh,2,2
2WN1VZFo82UlpuyYzpTp3n,2,2
2WO5nzB7QtKn9ZRc9Jkalt,2,2
2WOuLxGqZmLH0lcx2a0czd,2,2
2WQRPsMOrbeqms7JgmmVv3,2,2
2WRFD9WczJ975X2K1Y9YVs,2,2
2WZyfujzMweFLnozyUJBkW,2,2
2WaA5bVXcIqqpz9j0gd7qK,2,2
2WapKcY8pMF3peBzZKw90S,2,2
2WdqL8OHTKV7NA9zfeTsFq,2,2
2WfaOiMkCvy7F5fcp2zZ8L,2,2
2WhE8PQuHjKU68aKJFqMXp,2,2
2WlAxiLHUOYSlB9FkqblDk,2,2
2WmbbiWfFEKsSZe6E5GeVe,2,2
2WncD1WUkjOeZz3FcbpP8b,2,2
2Wp8cVfQ9g9Fl1e6MDxXSG,2,2
2Wq0tckaShVrpW1faaFJCF,2,2
2WvKORgp0fzCJAAvG8cN3K,2,1
2WyKvnMEF9H8CKHvmAXSm3,2,2
2Wzl4bZLjqFUOeZaGrTaVJ,3,3
2X0eUvX06w5DC1ecN2g4Bo,2,2
2X28xPiVe5ffUuRISeDdty,2,2
2X7jfQnEMQYYmvkhr6mzS9,2,2
2X9H5BokS1u5O46YpNYNsZ,2,2
2X9fXsyuVwXxKANW3Bmlj4,4,4
2XAQw5pC8vsJbz8Hc619RX,2,2
2XB7HlnIbMafSQuRRq7lm4,2,2
2XDJzMW1MUWeAIQoMOJeUj,2,2
2XEZ7vNowkcxPDbehugy3Q,2,2
2XEtdVgbgltXfzVQppAkbi,2,2
2XFrRuy9Gpu4GuYHTNeHiC,2,2
2XI5yPRHlAg2a2xZtlTbpI,2,2
2XIc1pqjXV3Cr2BQUGNBck,3,3
2XKW8CH8nRZH9cF2DNjBHN,2,2
2XLjGMZHV31QJGwbALFj95,2,2
2XMTqoHHSH0lvuXrvIEdco,3,3
2XQSgmtEY2titXhfY414dy,2,2
2XRTwDgMQajOFOO7dH5pvP,2,2
2XTBQyBapzuWbx3ZByfOrn,2,2
2XViKl7h7ykYuQrqnEOI4o,3,3
2XWUx6XUxQ8wssuwKzISgN,2,1
2XWjPtKdi5sucFYtVav07d,5,5
2Xb6wJYGi0QXwURw5WWvI5,3,3
2XdGsYBDQYXjgdixMdn7w2,2,2
2XiqR6g3EbBfdPvcqjct7w,5,5
2XpV9sHBexcNrz0Gyf3l18,2,2
2XtsxK4mneUrhNHTRs1ZVQ,3,3
2Xy1UIVfOlukyye6Fd0wrI,3,3
2XzRnzuIgpZGqco2rMTQbS,2,2
2XzfX9mvl3eg8UM5VhYAJX,2,2
2Xzwy48kdZBWGo2lTc8fVn,2,2
2XzziOT8OUGrDnnveRpxwI,6,6
2Y0iGXY6m6immVb2ktbseM,4,4
2Y2GcNox0vZ6YOERe0s2fy,2,1
2Y4ol1FiPdSPMwaEMJgXMN,2,2
2Y4tS3lXcPL0iMtIviTKgf,3,3
2YCAMpAGIYxn1PyNLtb7aY,2,2
2YCx4I27GMSixz9IEwGqGP,2,2
2YDI2Irzquyw8H8ztLC2ql,3,3
2YDOjCfkGciEXxSutB6LJR,4,4
2YF4qV9DzrcrSyddCkpTxV,2,1
2YG0kV3M9JNde63YtelgUt,2,2
2YIm6Yfa0C3IxkRHDQdk1d,4,4
2YIpus6UhA3TOKmxNtfQrb,2,2
2YJ7Y1oJO1O9w4qnxoJWmK,2,2
2YJgM8lj4u5YEZRSHSfL60,3,3
2YLjYH5J0QileuzCKISVdq,2,2
2YMlGrhVHdbXeDejv0R77R,2,2
2YNgcIiD73XsXFNM3UuxlM,2,2
2YOZHcypOnfbG5cfsSpW4N,2,2
2YPTVl6YYkjN3iE4WLvx3t,2,2
2YRx8jviX9HnvxD0uDIOma,2,2
2YTi16ZqsKc9WQnSziACjQ,2,2
2YVn2wkwLYSVkSV6qgKIPg,4,4
2YYVPeCDpnCKo7mMnY4T4m,2,2
2Yjv7MOdst5y6fFsq4cKOL,2,2
2YsmKB2d5gJcFXuWIa3SJh,2,2
2YtHqwpcdoDzYE3eAxFECG,2,2
2YujY0AUbWO6f6gyyf6pXI,2,2
2Z08G19fXo6aBpLPGr51xW,2,2
2Z2vcMJMq1SFmteHzxJoey,4,4
2Z3mCkdgvmcOeyj2rwVEB2,2,2
2Z6XU2SwKr00LGpNXOyHxc,2,2
2Z7jgbfY2gggLzTiwzGVUy,2,2
2ZFx4terxlW3FNY25kpy71,2,2
2ZH9LPIKLzTvgZi2AKmKQi,3,3
2ZICF8SFI5tHttaLJKMY1X,2,2
2ZJSwAg4q1EvxdbTwyzkhW,3,3
2ZLe81mFJfD39BqIy3zkWb,2,2
2ZMW1mtSrdiaDe8lI9YLnZ,3,3
2ZRo7axmMPeSVUvDbGkJah,2,2
2ZTuf3VIwB1EKuzwzFdJTT,3,3
2ZUEopklc3lUm4OXUPB6WS,2,2
2ZUyxzeqj11CBJwZbnYgb8,4,4
2ZVN8uzgXLzwuCvOzMdn5W,2,2
2ZVWUbzdQ2ImZrREws8ZpK,2,2
2ZVWZ43K5wRHNcMhqTthAz,2,2
2ZWg239gHVNGV8t2h0ci29,2,2
2ZYRiFEv1F363SSoQRVlwN,3,3
2ZYzHk9xJsGuj7BVtmnyrG,2,2
2ZgzcSD8lWLOwWoNYFX219,2,2
2Zi27tBhXnDQTz3porgaiw,3,3
2Zj30DnM86JYR91PAlHyRW,2,2
2ZjJ8Vs3EvpNwLvIzroB4U,2,2
2Zjg31wnbhRzGsnOrnEY0r,2,2
2ZkQDs0kJlNJzdnVgi2j52,2,2
2ZkVZXxtvykazsebpgTUtG,2,2
2ZkoIuZaRbU14w3LSDAyNB,3,3
2Zky7hzsr351Pk4KHHnd4P,2,2
2Zl7BFy5LjDaW5tFG3Bv0D,2,2
2Zlqc4m6Gv0tSsgDS87LJQ,4,4
2ZnAe2Af6C6s8B25gtWbCU,3,3
2ZrBZRHoQ1oRCPBdMq2tjn,2,2
2ZwIO3ufWLFYxtEoam9ydu,2,2
2ZwjgC6JSTllAAY2lJFXQg,2,1
2a05MFdR1vtm8QVKFs1SGn,2,2
2a1dpnaLw3CmTu9ofgwLE3,2,2
2a1iMaoWQ5MnvLFBDv4qkf,2,2
2a8V54o2V6QdgofUotLu9f,2,2
2aE2TDB0qfLJSY5wS8SGhU,4,4
2aEeghgUcnu75tzcolFMfs,2,2
2aEuA8PSqLa17Y4hKPj5rr,2,2
2aGaBLYxakwHTqcOk4iD4p,3,3
2aHvfapu1RPMlEhzeEQIdS,2,2
2aHz87L2Z4a0ZEQ7vMlH8z,2,2
2aIB1CdRRG7YLBu9hNw9nR,2,2
2aIQkhpMTfXyv1jAAIC05K,2,2
2aJDlirz6v2a4HREki98cP,2,2
2aJaWfw3gG31BM6GaBfSer,2,2
2aRWAz05qiQ9j5HgX7xNHC,2,2
2aV8nAkyt5nsWdQTruzgmJ,2,2
2aWtTHMBKdd6NfKT2GMfiK,2,2
2aX1zws7bVjTLbS1cYZK2W,4,4
2aXC0fD6qziwlOZZqhCqTd,2,2
2aaClnypAakdAmLw74JXxB,7,7
2abeQBWSIzjO8J1KrPFZHy,3,1
2aewgnU4FvXgiML6qKLkJW,3,3
2agBDIr9MYDUducQPC1sFU,3,3
2ah5gOCogw00A62XBoepmc,2,2
2aibwv5hGXSgw7Yru8IYTO,6,5
2ajUl8lBLAXOXNpG4NEPMz,2,2
2am9i1Rq2n0LiJmyX5nqXO,2,2
2anDnmAKIauJ4of6K1BoGx,4,4
2anaZDYYe3O3sEJjXYDVFb,2,2
2aoQCeaJupisBnB6ik8pnH,2,2
2aoo2jlRnM3A0NyLQqMN2f,4,4
2arir9Fflyqh00LWlOxaym,2,2
2asip1Ar5XMeBenh8sJlhx,2,2
2auGZBF35U0Hx18EzGSVOX,2,2
2avKuMN2QXkaG9vvHa2JLt,3,3
2awk2br4XeJn2L6Dl9stuj,5,5
2axUpfRiluw1Ou3FLZ1psA,2,2
2ayyzfxamdoNRDI0au3wva,2,2
2azALCaOh8XVnlk4eVCmbx,3,3
2b2HutIDmoeBnnKRWDLAtV,2,2
2b75Q3C7hQcJ4XOA6Sb81N,2,2
2bCjaF7cRm53Wdq9RtkYJu,4,4
2bDENJyfbxj0neGiXUFvIX,3,3
2bEj47sDxuBKf1aFPeqsT7,4,4
2bGCXKKxk0FyTwYeJooaJH,4,4
2bGfiXJK08TgjT3wMasCfV,2,2
2bIllkzKKCotWs0AuCsIoh,4,3
2bK6Z4eleadgkBcw4X7cZy,2,2
2bNeq7dW6z9umgGfHGLdcL,2,1
2bPGTMB5sFfFYQ2YvSmup0,4,4
2bPWLtJe3v33z1j40sWB8a,2,2
2bQhVQbV7VBzSOPo8mbkUR,3,3
2bVvjh7n3w1TGTHNHZ6aNE,3,3
2bXKTR6ZGmRL73GW7DMAYC,2,2
2baEFuU0gQon0hgVRioI1o,2,2
2bcXqcKUWe1cjU5yzs6yu6,2,2
2bcznSEhUXz4xbbILPBlLC,2,2
2bdh8ALxBeuvpnuoh37BDn,2,2
2bli33fs7ikTg3lxlQV8pA,2,2
2bpAc1gfwkDc8BYTbblAaf,2,2
2bpZXHIBksZowrsrEExapt,2,2
2btAqXXb9XWPx1otiZtJbd,2,2
2btQA3e7DN5KrBFqP0clI5,2,2
2byj1f7sfew1edzk5NrHoe,2,2
2bzOiMxPh7D8KAiWR9e41a,3,3
2c2Deqrg1oQyaW9ycS4SMN,2,2
2c2MyN7J63YIjsmw1a2xPu,2,2
2c8gg7h8uHxx08A441IDYi,2,2
2cCmvbLleZaXRUinMmRaoY,2,2
2cDcYOhmL0nsZuLSXq2eUU,5,5
2cE5PbW9PhPmnyETXqH3VE,3,3
2cEOeF7kmKInfVrk2A3yQU,2,2
2cFbDTppIxkKRfDltzKGnx,2,2
2cFjQQ33h8NiQAKqpJGhgd,4,3
2cGxRwrMyEAp8dEbuZaVv6,2,2
2cJDsHTLgDQvf5G73RCNX5,2,2
2cSKGtyDddIwiSe5EhWAtW,4,4
2cSy0PF9D9NNxzBGVFCLyH,2,2
2cTcIpDu8R1tez6yyvjWMb,2,2
2cVGCUx6xnmcdIz2Ns9OLw,2,2
2cWpSFmaEO4N03Vhb12P0J,2,2
2cXeLEN1eguDzERP5csBUs,2,2
2cYPLvbcmvy5UL0Wg4leXw,4,4
2calJdlU1JseiOf7c5jXwP,3,3
2cc8Sw1OnCuA5bV8nqWqpE,3,3
2ccCaAC8svYq42eUY6uZuv,3,3
2ccERNgupCOr0XjIikHDKJ,2,2
2ccUQnjjNWT0rsNnsBpsCA,2,2
2cfUY5ppstJHmqdUcFgZ5O,3,3
2cgCsP1m4K4tilrfRw9nM3,2,2
2chqxbeA3IiRlhe9firf8a,2,2
2ciyvQ4LNxlquE8ch5Nnd5,2,2
2cj94YDAtsh8A0rPGJgCvT,2,2
2cmrWW2lEdV9Cg3kJK0V4h,3,3
2cmyKUsMTBi9j2t3uByzfB,2,2
2cnMg4R1oPiZ9eQ6q8keTI,2,2
2cppGOIz0cuDnKoGzrDsJQ,2,2
2cs4ppEftLQDyxbtjPAYyG,2,2
2cuxKp2kNIpSdGMSBgCAWH,2,2
2cwOhw3d0uIsR4krTsrLwF,4,4
2cx1tIGxn0EHZPN3pDkWsH,4,4
2cynkyn1tRlilsW1yUWv6P,2,2
2d21akUnz6DXYVbkvuJy0r,4,4
2d3DoAIDeUC58X3mzDRmDs,2,2
2d4OxzOWcVWtACFsILP7Zj,2,2
2d5A0pXGLvKHoQtidmezwM,2,2
2d6m2F4I7wCuAKtSsdhh83,2,2
2d8BqbuiPrQhx0lyhDGXpg,2,2
2d8D7uk3tbAThjRkdfrx9c,2,2
2d8JP84HNLKhmd6IYOoupQ,2,2
2d9EgBM9F09IkEG8t9T6L8,3,3
2dBjh7rBHfTtKVIDY89g5G,2,2
2dBud3AlOI7HI9Es8oBa8i,2,2
2dCmGcEOQrMQhMMS8Vj7Ca,3,3
2dEfpsiyIttecwUxkGH2yD,2,2
2dHFbe42W3zlzLRbjvvbp3,4,4
2dHckwsT6KYp6qZ3KJ4Ad8,2,2
2dIpzVC9RzJIYca6fGcPTT,3,3
2dRASJxcSCsaT9WiOC4tnu,2,2
2dRcMFPtMbxollJm33uL0h,2,2
2dTeSx3Ve6tIum4T7haUWO,2,2
2dUKRZoxswaN2NXfvczc8Z,2,2
2dWNKXTs5z7Iu1g0kYh4Xe,2,2
2dXsILW8gzkosqleHAvl0v,2,2
2dZGjt9vTScmQVAWTzvoJl,3,3
2dZHD66ameYxyZkJtR6bYG,2,2
2dbA4sPwu3iK72c0mA6907,3,3
2ddwKpw2SS5tEbREk2UrVt,2,2
2dfFBUgCvGzjwzVAFh3cKi,3,3
2dl5K2ScW7jYhAhuem06cm,3,3
2dpaYNEQHiRxtZbfNsse99,6,6
2dqqDKp2LRm1MsyqxWeRIO,3,3
2drouoeVvVzz5cRfe9VK8W,4,4
2dtxhbW7r08fF0oWrhDBpq,2,2
2dwnD6tMYqp8zQmfg1XvNQ,2,2
2dxdzWwLl3nP0SZImUK2A0,4,4
2dyDSWM5tzbssqqN4LyGCV,2,2
2dykyGTXNyZA3zN6zX2g12,2,2
2e12bQuWL4uSX77jHct0Pb,3,3
2e3JPNqIsGJHeTFGD1OoVE,2,2
2e6LSOjyAy2LetfStcKVRS,4,4
2e8nVei4B3HyfE3sDEvfLN,2,2
2e9GdZASfQ1PE5qgqdJxty,2,2
2eB7JqIY4hTTSz31h6bjwR,3,3
2eEpacct3ss21cgswjMEdw,2,2
2eF2x1BkgilhaZ2AipRY8j,2,2
2eFjKl5cyPPYElDByCh6Tb,4,4
2eI1OQTaBJFwmQEEYfy9OU,3,3
2eQUzzwm9FKMtx98qsWsFf,2,2
2eS6pqoic3puCKVWmwZxD3,3,3
2eSj0HHwB9aHJQ7zFOu90G,2,2
2eTkxblLeqdTSsb2ivafDX,2,2
2eVDxPgGKdLf3qSIvhCmJB,2,2
2eXCP4kLEm5b11TH2MVas6,3,3
2eXSPTZmhkXRGob1hsFdVd,3,3
2eXoWAL6kC9sdlpdOGvSCw,4,4
2eYea2CszELfp3KK5w7bqO,2,2
2ebiTufOHJ3fZZTI43NwKX,2,2
2eemPFHIpC4Leycb1wLCbM,2,2
2eeqdn2XNYJ6beAoHFa4xY,5,5
2ef63hE4nNmmQKs8lTYDQd,2,2
2ehMCF9GMSJdzXkJE8j94E,2,2
2eib87FpOijGfDL2jqPlo6,2,2
2einB00Doep8LZImPipb9r,4,4
2ej1A2Ze6P2EOW7KfIosZR,2,2
2ek1DpNX6BrSNKTygg9U7C,2,2
2ek8eVDHsdmzPHIhyVNJJe,2,2
2enPRFda84VE2wtI8c86Uf,2,2
2enk2whIgJyoe0O9HRQZJV,3,3
2eo3SFdWW5c0jadbj79MJR,3,3
2eoOnhdyLKhPaSW3PhfRSv,2,2
2etqMd6kibMrZoPCPd2fMi,3,3
2exeLldmRfwD9P0gSBYB9T,3,3
2f0pn9DkEJwAzXApnFh5cr,3,3
2f14KQkkTTPbqjkBySHhwA,4,4
2f1h3fmqowAf8koXhMHfuQ,2,2
2f2hbFjim051DVx0o8o4rU,2,2
2f89mnDIEGKgEwh3l94W7n,2,1
2fAMFVfSiadA8FUlQTx1bW,2,2
2fB4EWHpiADO2Bv2Dzenmi,3,3
2fGcRXnPv8I9qy2JdpwCGR,2,2
2fHFLyzAQYlguX5q0DfKlD,2,2
2fK7vE5xZRvBAjKOOqkrSe,2,2
2fL6P9bUWozes5xaHLddVT,2,2
2fP2NoqPvzIVyAgSa1gIqJ,2,2
2fPb58e6f8KxejYDCaARwS,2,2
2fQTPDsu5UNpj04tD6xIMZ,2,2
2fSTtvFRYcjF250vQfphEm,2,2
2fSYadDsbWMtIVqX7flKIc,2,2
2fU4JsAoRiOam2azK907yb,3,3
2fVHrSxsQbJUuj9MW9zG1e,4,4
2fZeFBqhR1miYusitKjQls,3,3
2fa6Yb3QTKnvF2P0zRi6JT,2,2
2fbHtVGsYXL95MRdGkEL5R,2,2
2fcgSnUoEvzDVxrQZMx0bu,2,2
2fed1yXI1clOEddfGyKyH2,2,2
2ff0sgVBZ1DYnfdXkW5tkS,5,5
2fjnkB5q2NfphBknvUH25d,2,2
2fsPrE2NYiHOHPMuWbjvTj,2,2
2fvs7Zl9br75zVo5nStv7b,2,2
2fvv4tLHhTfIRuahGrlohs,3,3
2fwC1bsAd5GrTwvGBRep0p,2,2
2fy97tZ7heQTsLfHZVpHJG,2,2
2fywBLXK9GQi8YR8C8d3c4,2,2
2g6yWyKWJQDbRdWvu6hXVq,2,2
2gAEgo5pCqgEEiaV1wwy9i,4,4
2gBQ35qqBE75t00kV221Xy,2,2
2gEBJ6WqblmOMqeInAolHw,2,2
2gFWRRNYsEe4h1zOEiVWrv,2,2
2gG1YLJfNnuPW8AYNUsaM4,3,3
2gG7E5OZi5D5QLRIctv63z,2,2
2gKszD1ri5gGONhTuwil9A,2,2
2gLUbowsRFFwhmlAS3hZ5i,2,2
2gNMXJDKRmKWuevBGjN8wo,2,2
2gOhhHSjm3iw4NFY43carm,5,5
2gSUtqdBM4k39be9FzQjOH,2,2
2gT72HL4Y84K2Mle3miAMJ,2,2
2gVEP5chQzs7pHEemZpMBO,2,2
2gVN8sXB7FxbdBvSHaZYHM,2,2
2gVaoi7sYWUWNpuQGysjdQ,3,3
2gVot4EEd2oo2cA0bYJ4wW,2,2
2gXQCERWkCRRYX22l0YxZ9,2,2
2gaVsa8Ifi2w2csnRqNN2F,2,2
2gauzJG2UlNCWiBP5ppcNc,2,2
2gdBsRfuWGwJwe3X5XwZuI,2,2
2ggqqUQ5j358PFmvfBVswn,2,2
2gmGtBi6DOdEGgd3G9XHhm,2,2
2gmcMzk52PzGn6Of8SBQEU,2,2
2go4N239uPaY9BuXjqBaN7,3,3
2gqJzouphFuJoTfTsGLSsj,2,2
2grJEu2P4KD1YDq2ZaaLoL,2,2
2grjqo0Frpf2okIBiifQKs,4,4
2gtWTDbAq2i2oqs0ldX7bn,2,2
2h1d6XPdBms5i7YwyfOO7q,2,2
2h3wkxedVtAkQ8a6rl5N8t,4,4
2h9ILYXG8eEJK9caVZYQgA,2,2
2hCoTGXZCtkMwOQTvEgv4T,2,2
2hDMBVN3P47GEhH5VtmA6m,2,2
2hDe0Ls5mVqs1XJqv7sbcM,2,2
2hEf65oCXX1w77dSrFu410,3,3
2hEwjc5DZVPcC4cVVBuMr5,2,2
2hIsd0F6ZGfHCC1xa7vSad,3,3
2hJRfyYiJ8umxp1WdbeyLj,2,2
2hMTR8zK8Db849VttJXMSV,4,4
2hQMQgsTvJx7GykYm7FQOy,4,4
2hQykQxAGtmbMBvAN7T4Z0,2,2
2hRNxkgCScd5yxbTsrGQR4,4,4
2hReXQtxmJVC1e68rvpAFY,2,2
2hTn8oS49IQULxAWs7hEBz,2,2
2hUSKfJpP9twYacueqlzGl,3,3
2hUuLfZEqlAGqlp5aWmcaU,2,2
2hUvo9TxVWCbszNphTtNlJ,2,2
2ha6TmK7Q3mejlvZNQuEBu,2,2
2hcV6XZZvIltyvgjo0Xd6U,2,2
2hebQblF1Y1HAkXEP1cnTA,2,2
2hfSl7voC9bRNv5oKmhUOI,4,4
2hh6RGmBNTGB7fi62fYgUL,2,2
2hitsKa8SthKhRJBXUHbIv,2,2
2hkWK4RzM1rgQUSTCSqJy9,2,2
2hl92ACiOqUBNdnEZzO0NE,2,2
2hmvQvru8BNa9ORSJZfchd,3,3
2hnMS47jN0etwvFPzYk11f,2,2
2hok5u09EI3Pl3PGf7j8nk,2,2
2hqkibBr8jnh0SJgBSb6rE,2,2
2hrUO4drrO63i7FYbCLBl2,4,4
2hw1sBTzjB9zghnlLpqeAj,2,2
2hwcYq85TVuj6GhBBTuWdg,2,2
2hxDGU9k4CTikQm1hOG5vc,2,2
2i0AUcEnsDm3dsqLrFWUCq,2,2
2i0hWBMyrOXnGv3jWji0Lw,5,5
2i2OcA6VgW9EyyFD5X5PcV,2,2
2i4rLDS0cR77blmqqPybve,5,5
2i6Zgt3uFaupWIcpvRORMn,4,4
2i6vQrYVULLekBceqmCNwT,2,2
2i9XfzVIaSxV855mu3iEmM,2,2
2iA4neLS2rg1dlciGgmt4X,5,5
2iHsdUnmKGIuc9oRE3DfgJ,2,2
2iIv6fmSZy9FlnfjbixopJ,2,2
2iL0W5qi0ivZ9WRXbZ74cS,3,3
2iNLQA0yVkF3aA1Y4vZ4Oc,3,3
2iNqdCchlUZEgjJbQyZf8T,4,4
2iOz9TpTJgR3ZBIQ0Pas2g,3,3
2iSRdZZpV8NhJOLaLdaoSD,2,2
2iUmqdfGZcHIhS3b9E9EWq,4,4
2iVQMhKnFZqomOhcGv340f,2,2
2iXcvnD3d1gfLBum0cE5Eg,2,2
2iYOGj0lCH9yWOlVNmh4Xu,2,2
2iZH4DDQr3vpfCLHqbxClj,5,5
2iatXu415rxIRAQJ9dXWi5,2,2
2ib8fuTavdc48X6MjhE4Ft,4,4
2ibTzucqBTofzEOp2sALeG,2,2
2id9lzEoSBjJYxmX0YJto4,2,2
2ijef6ni2amuunRoKTlgww,2,2
2imsVy3dcfibqYBdtKhCFa,2,2
2io3D9sedGYZj1qZ1835XC,4,4
2iptAVf9jZerlywLwiGhak,2,2
2iqA5Na5vlo0bnZUf8KT1N,2,2
2irfIx2VfpK4VpdPDeUaKP,2,2
2isunnayB7fJUBhTLnbGYi,2,2
2iuSTOV8u7zpct436D8zyb,2,2
2iv6WW9vINyoRV8UTemp0n,3,3
2ivnsOi3RcEbskFvTS9zt3,2,2
2iwZNz30F5QFzQszFTFPYx,2,2
2iwsJcPB5HIVTuHHwdTNO4,3,3
2ixsaeFioXJmMgkkbd4uj1,3,3
2j0s9NaRfGRpcPoiGbWogZ,2,2
2j0xMbhqTwks1L3PeOhywh,2,2
2j2CRl98OHSlRwL4KCYudv,2,2
2j2IPZrRQXlytzuSCnp5uc,2,2
2j2u2a3oGURxcVZpMHxTLy,2,2
2j7KVMviah3jDLrmtt7sx5,2,2
2j8bXaOBeEeyoY4ZpCcFIW,2,2
2j8bhTAfGOGP4TJGbO7hR0,2,2
2jBGtK7ChvwIX75iyLcdJ2,2,2
2jIH65qxOq2b959uTjLADJ,2,2
2jJIxT6WAIVWzDo3Ou53Q0,2,2
2jLb85FBel6Z1weO31KOHb,2,2
2jQQTuzwJWEtwayffAADIe,2,2
2jQbiFdf25wYRHcq0JiWRR,2,1
2jR9xbXmW7L5W2qMLQprBy,2,2
2jRISGsO4RTm9CQVb1Jusn,2,2
2jRLhJSvJQn0NqHshENHt1,6,6
2jRNrnZDkyv08HNkygEj2W,2,2
2jXvdJ0tDtbksFOK85Vie0,2,2
2jcDDdBy1foaBC8X9owMrZ,2,2
2jcdviEbZPIpwM10JBQNYc,2,2
2jdAk8ATWIL3dwT47XpRfu,2,2
2jfLNlyUpxhFkoo1lJjiL3,4,4
2jfk3m8nq5IvB35s2xIs1O,2,2
2jhl4HxYbNC5OPvqxiodUG,3,3
2ji53kdnw4UtV6PIt94MLq,3,3
2jihadt1H0tk4LvvGgmS9H,2,2
2jlPMNMojBNtGZTnSuXItA,3,3
2jmZTz7ZvG9BzkgdB2bpZb,2,2
2jpRE3SGuYVP8MVsFxoRLS,2,2
2jqBkZ3VhBeuTLwXZtfSGe,2,1
2jrc5wSJd4NYsewjDsoNEa,2,2
2jrtlEsTbL8g4aGbOnCyMb,2,2
2jt9VV6QGn0tbwkrr26OO6,2,2
2jtUGFsqanQ82zqDlhiKIp,2,2
2jz3CiLG3MLOqZ9gOv6z1A,2,2
2jz9uL1m8Ke92TU8qV2PKU,2,2
2k07yELPvHZEqwdRzROUpc,2,1
2k08TgL2Sl0LvSjA4fFicn,3,3
2k40QBxYjAf1aadR3tG33L,2,2
2k4jfU1virCuwgf89qSzQK,2,2
2k7lStJS8TJvMNxbdClLMD,3,3
2k96T62rRwtvgFk7Uatx2G,2,2
2kAz0WYicCnx9yEuhT0MhL,4,4
2kBOGaM59jx9qnnwgJJ58i,3,3
2kDH08boXJyhKMl5hnZbrE,2,2
2kDe0QRaCBKIh8QY64GDvK,2,2
2kDuAIr3uJKloU1cnNO6KT,2,2
2kFHjWko1il6O9L3eK9IzG,2,2
2kHrlDvECzPyjcbmSQNusl,3,3
2kIawdmEzVhR9F0Z8EsOns,2,2
2kLFzLJgHtreNbNlbVzQy4,2,2
2kMAKtrAu16HVWxBnOwuhd,2,2
2kMjk14RmYyYhhSbipoa9U,2,2
2kMrCPZ0o5gErBPLCRgoli,3,3
2kMvM1l45ZjpOv73qPefxA,2,2
2kOF946ACR2MPDsuhTtsuA,2,2
2kOH2QZB7F7I1iVXqwKuBF,3,3
2kPMnIuUd8ICqi8ZT431WR,4,4
2kTFI5CLvUTC6Dp7ea5UpS,2,2
2kUzt5LsTUR0ggquP7O3eN,2,2
2kVQpubE6URKKj9L7Upk2l,2,2
2kWVK6MIMVsjmmcnqYMHTk,2,2
2kXqT66AyeHpXXbEVimolb,2,2
2kZf795HRKht0kpkoQcgSi,2,2
2kbTb1Unb8QdXAoajQLHOp,3,3
2kbj0XbyQglNjnkfdQ4GG9,3,3
2kcuxvwKb1EP6y15xOF0dP,2,2
2kj5f1eRhUFhW6K0qUwoD8,2,2
2kkvB3RNRzwjFdGhaUA0tz,8,8
2kpXW7CpO9yRgCOeqG5PuQ,2,2
2kq2ScpL7OelKExwi5ZEUC,2,2
2krNOqdPZApb8To7F22h8t,4,4
2ksOAxtIxY8yElEWw8RhgK,3,3
2kuQ0m1wUrHi796hIlpCb8,2,2
2kyWypdfTsVe4L7cB6AAtF,2,2
2l4w5ctthghnZXpekYyBn4,2,2
2lAC83w4MoLCgzq8G5RFPF,2,2
2lBN9Qv3viRylBqEXMLip1,4,4
2lCsTpkit36cAJ0pSEpzr4,2,2
2lFFiNm0XtgJ6wkdncTB4k,2,2
2lFlveK1y13WWp3vnQtrr3,2,2
2lJ4d8MCT6ZlDRHKJ1br14,2,2
2lMXpIwaI9peCsCeYSbx4i,2,2
2lMiPTcmvli4i8NfHIB4UO,3,3
2lN6zxaP5KYQHKSAh7nWBs,2,2
2lNFWUrxuNaQsf5I1pDTPr,2,2
2lSmevORB6fPlPP7vGwic1,2,2
2lTWvfqX8itVpHvQ8EMhS6,2,1
2lXGLbSXrSACMa2oelt4TE,2,2
2lXbxgwCKdw8wfwjJkeknL,2,2
2lXu7SNGIKHJ8EV2EetYFa,2,2
2laJdkltxYwwCJanm7yBnn,5,5
2lbDzgkMN0Q1c6nnmRY2bn,2,2
2ldAdghnrO34HPcZ0IWfTu,2,2
2ldVpRwLjfUWCDqrjNQYWt,6,5
2lfEMPAs5tEMHJITKZydib,2,2
2lgyZWQSJWmswrLJyM27kB,2,2
2ll71nYac90SKJbb9h0zGB,3,3
2ln8TMs7T1zEctVoifIXjj,3,3
2lntQGHk2ZQkyyrnpcu5sJ,2,2
2lwi35A2ym3FAmSlvOGnQp,2,2
2lxBZVbkiCXC1soks2RXwV,2,2
2lxPxoNHyjE5cpdxuj9VuK,3,3
2lxoIZS8tpFwbiJyrDYguI,2,2
2lzFbwCJmKbDgwTSEJyEob,3,3
2m03BtMMefvQspKp35yLwk,2,2
2m1hi0nfMR9vdGC8UcrnwU,2,2
2m2GJpBjQNNphaCgBeoj7R,3,3
2m2QV4YsDoVNQ9Y6THdSg4,3,3
2m6Ko3CY1qXNNja8AlugNc,2,2
2m8dDOhC8fIaCFQ53c1l5z,2,2
2m9u9utG8EItr05vCBKbYy,2,2
2mBTuHj5xrXHF3BeXD9ebN,5,5
2mEHyRXGIPArlWSDkIqujW,4,4
2mIla23uhGqqkdNtzqIg3r,5,5
2mLYjGJ1Fl4qNept7opf7Y,3,3
2mLtn7zqcqalNZSfQZ62ko,2,2
2mNw979gQkL6Z6mCxgCect,3,3
2mQMVfhQFNACyM24qbrXl5,3,3
2mQY7w0RchaNxqlxbhI3NU,2,2
2mQqFbBtedRwpccD2b8Y7F,2,2
2mUCD9Bx2IOFFrVtEH3tyg,3,3
2mVpLqace3DfHdyb7sQ1Ej,2,2
2mXxHFmB2uNStVGD6J60iU,2,2
2mZEu8RtvC35q1Lwjg1zMd,2,2
2mb4QtEcpgOsc4pSG4ScyD,2,2
2mhD6IAZ7oGdRT8bzFI5tF,2,2
2miDOaZ3uuYy0mmNK91MoB,2,2
2mnFku84mu2NGKaxJUxrbI,3,3
2mo5GxlIf33o4yOpQbAmdF,3,3
2mvffzYUJ9Ld9xhsF5DUjU,2,2
2mxByJWOajjiVsLWjNXvDJ,2,2
2n1jBz26dVBtSbMvJNjGsu,2,2
2n2PrSqZeDQB19NSgO01YP,2,2
2n48BjaFSczfeIG3HaIaPv,3,3
2n6qz4opcJlHsEpI8030YM,2,2
2nAKXs0tQPOXSnK9mFmqy5,3,3
2nAXdlfl5k2Y390mIdwNtU,2,2
2nAeK63zz8YGcufGW16Y58,2,1
2nEMZAY2Hoa4eZwmvvt8vP,2,2
2nEntnpNpsJNhw1wLY8O96,5,5
2nF4CJQfTfwft6TYVYLKiI,4,4
2nGFzvICaeEWjIrBrL2RAx,3,3
2nJDePK69THatYkjkjQFE8,2,2
2nJw7Vz6VTGuxrtYWGChbZ,2,2
2nLgWMdYPO35GGpwX2xo23,2,2
2nLtzopw4rPReszdYBJU6h,3,3
2nSTgkvfDLV7Brzi1cYEf5,3,3
2nSvBHxMZz5buzG93DM2xr,2,2
2nVL8B8ad5rJZGBRuVIKtR,2,1
2nVUEKKPv9DDilSZwCcMfu,3,3
2nYrRZDwNr6PozbY68pTF8,2,1
2naBVHNHinneXOYmczG7xE,2,2
2nblCSS2DxTZ0DwQXzx2G2,2,2
2nef44o0sjJDKB1ta4S0ub,3,3
2nekCvC9XRXQckWNnkIp2l,2,2
2nfLyJIa0B1Lf5K87Xewzc,2,2
2nh3U9fkXRXj8mEywrzZxE,2,2
2nl7FV62VnaIV80DCca2gk,4,4
2no1DZkhMXgtV9h6cDE2v8,2,2
2noRPwBUD3h98s09YuxHf9,2,2
2nrqCvsHTendQmjtTB1SxS,3,3
2ntnl4PoH1elW5ulW9XhHO,2,2
2nuV7cBiwVt2tU4sDkwj4I,2,2
2o3x3qG1XgKutD5IZPTPgA,5,5
2o4AknH1hXnleCRW2rH45w,2,2
2o5GJ6ODpzswofGKNI2ZYv,2,2
2o6d0rAC9BAyPmgXnbXx1h,3,3
2o7xb3qaBMnGicq3T4XEWv,2,2
2oC9Ah7npALCCPW5DC1gob,2,2
2oL0HIuo0cxIycDtJWbpuN,2,2
2oNMhDpqWkI3oIjOGmqV0z,2,2
2oNYsdCasRRlz1shXFAz7D,3,3
2oPv5XfZvGsPD8m7oBl5aJ,6,6
2oUSxhTzXlYyM7D31ohQok,2,2
2oXn3MJihO2BtAIrLogXjT,2,2
2oZsDq0pwp9yLgHGoI2Y5F,3,3
2oa53bhiNPCz2CGh26AYxi,2,2
2oaK4JLVnmRGIO9ytBE1bt,4,4
2oe1Sdca8nXPNzyTGqX7L3,2,2
2oejEp50ZzPuQTQ6v54Evp,4,4
2ohKWVkLGG9R5FXsg9v3cf,2,2
2ohZvIuVR5CWwewvxXMmjZ,2,2
2oiffhYxrg5NHiPDZubyqa,5,5
2okIewG8AcK9Ec3DavV50n,2,2
2okJwvZaFNtnicAkgB6GFW,3,3
2okeBh2MAMVdL1GS8jhxCX,3,3
2okeBtFNVJ4n33NEV1RxBm,2,2
2ol1ST9LqK6gR7QOp03exs,2,2
2ool4lj9DOLJpvdHMFMj4x,2,2
2opfAkFHhQCmSZA8bsLy5f,2,2
2oqki4Oi98GZx9bFNaRdp7,2,2
2or5pBpnPtcjthlNt06w1P,2,2
2ov8L95QD25TLpZAZPYWXL,2,2
2oxkdzlJjiFWj8lfsZkaCg,3,3
2ozFNiP2FJHdL8Mh45yfAN,2,2
2p2S8TcwaKkzOwZpRUnYhS,2,2
2p2T6RVGmOQC4VNgbTik7i,2,2
2p3hIfkLDE8AN2fvR3woq4,2,2
2p5THyuNwpJ9c7ex3TN383,2,2
2p6LQRALG9o3qKq8gOWX9f,2,2
2p8ji4NXTvYvAIRnK2d1kH,2,2
2p9P80g69GvL8fcIaBC7nu,3,3
2pFdf2vRg9p49amXUL3ZVm,2,2
2pHU8MnJRkDOLqQBgoyOE5,3,3
2pKK1A009lhzhRPeTDderF,2,2
2pLGsPKNR52B42vkKEC9tB,4,4
2pOaeeEj3eSRMMLlftPNHX,2,2
2pPO9YecZimmuVQfIzfV6U,3,3
2pVDYk6eG9iqB88BvkBFGz,2,2
2pXg8l1JGZ3hCyFqxirV13,4,4
2pYaGdqXBrl8MdvuwgtBb7,2,2
2pYcCxTKRBJldhObRPyNQd,2,2
2pYvd6cHcAIMAM6xMD6nok,2,2
2pZsQqXFgcY03vRyZxSQhU,3,3
2pahOrjr32LVOBfrpZIeoY,3,3
2panoBuJZ4gZWvMwycOoRO,3,3
2pcwmk8c1pTYwX0COSVX52,3,3
2pd1Lm8Jsslf2VdWQv0Je8,2,2
2pfvK4mEji3KYxoJqEwzDV,5,5
2ph6BRhGcUzc2W9wIulG5k,2,2
2pkHL5CQzguxHbomLhziwH,2,2
2pkaCaIs2ZiKTSzPfcOI5B,2,1
2pkszGajFAOt6vJQGwRFOi,3,3
2pmkQDRNQhwqjy5zEiffjU,3,3
2poIygCWkfNxPaINmpFGPw,2,2
2pr6us08iPNzIex5q6fMvI,2,2
2psZoO64a0RDL0iRYVTq1D,2,2
2puCdLnS6sKRdbEabw4bjP,2,2
2pwqDEfwoAo0b7qNTRc87D,3,3
2q0V50aNlI1RQXJyE5HDgD,2,2
2q2atJsGhvwWiMeeDAyztu,4,4
2q2cdTPrbgWSxLFFXjjaoO,3,3
2q3LzfknBzye3xXjgiJBjS,2,2
2q4PnncxGIm1oVQzu6hS2d,2,2
2q7BDmwqMWM6XmQdY5eDIa,3,3
2q9STTSwMoEVLyvlNZyOdA,4,4
2q9biTikX9PkTbzDCZfEn7,2,2
2qBmtZnPSQouvADmqaHKxk,2,2
2qCombkjuqWREOT8xvSflG,2,2
2qESE1ZeWly7I3YjyTXmXh,2,2
2qG81jL9UIP54uS8gYyP4k,2,2
2qGihe72sYAOwt2w5EjtNp,2,2
2qGomArw2xs9koA5A4FmDu,2,2
2qHiyBpxyOXnRGG3t2iE96,2,2
2qI0dxrLFzm5oCgjiYc265,3,3
2qIV6BuKqYLJWzBBqHZrVG,2,2
2qJkesdHu9sMMVFgkRkqhQ,2,2
2qKeUd9ZpfczM8WSWBVT9i,2,2
2qNxBfC3m5uV2rsG8LwzPP,2,2
2qPy1ML7EBpJIFnntx52OU,2,2
2qS7S9ramy7bLIiM71eXVX,2,2
2qSnqsLv7b9GbWFhyZJwMM,4,3
2qT90tvGNB79FeVdzRTT3Q,2,2
2qZBjaOuBM8M883Bj5mk4R,4,4
2qeeVh2igor03G1Sf2JPlB,2,2
2qgXrzJsry4KgYoJCpuaul,7,7
2qhASBzpbFhPRtrnZ5lLnz,3,3
2qlnxV0z8Fg40ZuUghVjOE,5,5
2qoKPCtY8GuiSIVO1t5XWB,4,4
2qrBzOokp9UlLY712vglIy,2,2
2qtqIinDwJQzsUofMtkH0D,2,2
2qxmye6gAegTMjLKEBoR3d,2,2
2qy2OOLaDp9gUHXeKozBxn,2,2
2r0hewZwn4LqbWhqmNl0fV,2,2
2r1H8jrtqXRIVDrQb9vSaO,2,2
2r32XiAWtZbT3eLUvf4pag,2,2
2r5HFOAuvPhyo0qvY32Dlo,2,2
2r6CFJkVCM9IlclxES9tI2,4,4
2r6Jay01kQTR0ztlXQbxf3,2,1
2r79Mo4a2XG5kU4kgiXsns,3,3
2r94LHyx7wZyvB6mUDgvZI,2,2
2rAH5DmorvybHnY6wqFaIA,2,2
2rJ6KeE4v3T4AapiYewwWL,2,2
2rMpjMvi9zOuyEIqw1BF0N,3,3
2rRR9o5zjuSUwrspfyXKPr,2,2
2rU33n6Fhd6G1MzYhUj6C5,2,2
2rUsJXt4NeeDiIU6sBvrxo,2,2
2rUzh19do9xKVsfWCa92x7,4,4
2rWNdkro3KLaWdbAtBLJOL,2,2
2rXVSfTJoADBUg7cG7ZQj0,2,2
2rY4NvZAyYJi8Gvcp0pSI6,2,2
2rZ113Rwo5iwIA2orRpDKI,2,2
2rZ96iBHXE82GIeXOwblNe,2,2
2raUfi0wM6gDa3RDKNQySD,2,2
2rg5wrJAvnqqrYs501kWmw,2,2
2rggQ3hWhqF27FaxGLPnth,2,2
2riJzw9rShSNaC2GAUn9cY,2,2
2rizK3oastlZwyoYwrcLgC,2,2
2rizacJSyD9S1IQUxUxnsK,4,4
2rj7p4vIcBZhSOPZyE0a7c,2,2
2rjCLFdX8n9xLoMZgdMMxt,4,4
2rkksdiuFUyjSuW5quDJdv,2,2
2rlpzC6hz1VW9Quaz3ihHI,2,2
2rv9vjsnacgOKvZd2jBD66,2,1
2rvQ8M4T6rbpc2c63pwNMu,2,2
2rvdw3KfRX2ePmOH3XEIfM,2,2
2rvpwtwztUzn1OagZOYbAT,2,2
2rycaXOcr0v5CoJiEuPAFZ,2,2
2rywMGsAUqyYC5mqCSG46N,3,3
2s0QwtFt0lBDGPCnJeDvJz,2,2
2s2EA8SVJDiYsxRXKiu06I,2,2
2s2fORtcrwKwsmC4jNc8mJ,3,3
2s3Hr38fRfDRj9JWVP494L,2,2
2s4AbiaTKGrKldnICBxaWW,2,2
2s6gzgAjQIqv8dhFZbyiRU,4,4
2sCZPAARC8MU3wZZwnIW2N,2,2
2sEeRKHVONJGERCwKCW2ix,3,3
2sEp03fW8xsi3G6mln9GJo,2,2
2sFBiCSUNc3ptKrCR8JABx,6,6
2sHYMLUd4nVLxHPKY05Ein,2,2
2sHcAZQ1PxE5AqCzdrvQxu,2,2
2sLvYnCS3S8klPvZGXGic2,2,2
2sNMcxZh7AwImXtrv8UV3S,3,3
2sQnKUZwOewRLq9y2vLLCC,2,2
2sTOL1uzMEkB5iFNXe6ehJ,2,2
2sVcG5mresyV79qpYr3M1C,2,2
2sW8fmnISifQTRgnRrQTYW,2,2
2sWCKLm6qrQ4Hu6Lkrh2Xb,2,1
2sWP5BvD2gcT32MpMAhkRU,2,2
2sY2djYywKHbvT44vI2D57,2,2
2sYA4fkDw3QxWq6a7m5FTV,2,2
2sZ0uw5ZgibFVCRWmpWBRK,2,2
2sZMAPtp2A8KTz46crglF7,3,3
2sZzEKY3DxpY8V87SuYoU2,4,4
2septrlQ7pS72np0xVPeHD,2,2
2sf8YvuA9NCJJdCDtn4FS1,3,3
2shdj27ClUe4ETiBQXGLdQ,2,2
2shiTxgdnUwSxvIPil0BZA,2,2
2sjwKudWZUa5Dyf7Fo842f,2,2
2sl0hX1iAOPeExrPVyOXVa,4,4
2sl3IH88HXKZtimRoW4oVb,3,3
2slqPwgNcvx17V7RZN8u3f,3,3
2sm2f0mbOnfCi1MOLIegdV,2,2
2snbAel9GoxA6i6iH0Wvw9,4,4
2soQW3y7DwZIPH4fS5av1W,2,2
2sscCAOTZOYW5N8MlNKbyQ,2,2
2stkLJ0JNcXkIRDNF3ld6c,3,3
2suYa6nliwLWFZAIeB0kde,2,2
2svSyGhwHbF4CDTMM2HgtU,5,5
2sxdC5eX9f5VmtDsb857Sg,2,2
2syQ0f4SAQdzvlAewPl1DJ,2,2
2t0wwvR15fc3K1ey8OiOaN,3,3
2t16D9V5FmmRAJjsSpwvZf,2,2
2t1G0rDxUY9zjML3f5mObb,2,2
2t6Or7XqDKtBv6xqKxNjiJ,2,2
2t7CRo3p7wm4UHnLrPyDPS,3,3
2tAeN2TKlQLOoSPXtARzBV,2,2
2tB9EXMGGzvRdxxwyzIJCC,2,2
2tD9wE7JCxSCQEoxFsR5nG,2,2
2tE7RudE4JHwDP2TMU0jtS,2,2
2tF07mtTCrO5bmw1xv2vzG,2,1
2tF7MJUcoQV1QCMQhSQagY,2,2
2tFwfmceQa1Y6nRPhYbEtC,2,2
2tIEMvF9ppqUKauyGjXeRO,2,2
2tKIsOrwDCeL9LgpBvlZst,2,2
2tLDIzkhdp0M0MyUDchiLk,3,3
2tNcvY9PZlEKrUJRx9OiGr,2,2
2tPzQueGEjxjmBvJrYe02u,2,2
2tUChcOi3ktjFzMYu2w5QL,2,2
2tVrcIcrfvezPgPBBC2RAu,2,2
2tYheXpWuvarJVOTyXRuqF,3,3
2tYujK3aoSsRTp8uCvzVFE,4,4
2tZUOYK2y7WNhArsa3oxUn,3,3
2tgC51q7KZKdYEmrLDJJrA,4,4
2tgdXFSkV6RxLTaW6dA5s5,2,2
2tghg1SLNm8FZTUljfs49l,2,2
2tjWCe2W7sgvS3C8NHcdtI,2,2
2tjkrsxIGGJzJAnaUHYjtQ,2,2
2tkuLIkwcEBPr6PICqAaf8,5,5
2tlUC0uTsVmx5c1Fuu5MNT,2,2
2tld2PLZXQvA7Toq38txGT,3,3
2tnVG71enUj33Ic2nFN6kZ,3,3
2touKO7fkbp6oPfchA2Nft,2,2
2tpWsVSb9UEmDRxAl1zhX1,3,3
2tqfqPGsrngNCqdTPpyCmT,2,2
2tsIWi4o3Nkbq4yF9OPNg9,2,2
2tssIKIApNh8tGdYfaRa52,2,2
2tzcfQVPDTKag67JRzct87,3,3
2tznHmp70DxMyr2XhWLOW0,4,4
2tzxyUrihN6rOy3YHIHM3m,2,2
2u0CelO5c81XS7z3dGpHbS,3,3
2u1B87jh7hcE0ImLMfHNji,2,2
2u1NjJFN4emN0o6AJHogGU,3,3
2u1QM3Ur8TlwXSadFIo5sJ,2,2
2u1SB650JRnVqOvJzqnW35,2,2
2u2TfVpkHF0TPlWs4PVrdS,2,2
2u3IDp5f0iVe0tHoXMZQqJ,2,2
2u3aQ9fMrUaC5vcxRb853x,2,2
2u5Jh4U0GNJWDuafMQQygq,3,3
2u65iUSn9AerEa26a4HBPD,4,4
2u7KsKOzSyzHHsLWf1PKnc,2,2
2u7SEVuzWTvoxsIbNJrcvx,2,2
2u9FerEIRu8IbfHUbPjERP,2,2
2uAl7AJJsYCCo2pqcSQI7Y,2,2
2uDyv5rw4333xY5obTeByt,2,2
2uGos1lTJU2Qd6UpPyRJSP,3,3
2uLtcnTKpk0FFdNbqhT7tH,2,2
2uLx3Gka9TGCz9Zgu7Uwav,2,2
2uMNMcjjUz8oNIxjIu20qE,2,2
2uPRU195hcrnLK4P2HOlDl,2,2
2uS2q42YqnsS3DUi4WuujW,2,2
2uTPHrN8zqYnHUb6Wuz1FC,2,2
2uU4tNepmkbE5lyQ9d0zFZ,2,2
2uUeFEF4hmM0rjFfvA4nxF,2,2
2uXkW8uJcOIhlbUatEPLPs,2,2
2uXsKwL314wMze7QHoSYgK,2,2
2ud8O14TRakNKlOSuDJVq0,2,2
2ueWCiQRtVdj5pSs87CDla,2,2
2uflssWlCaJ6CbTMOsUpNI,2,2
2ufmtcIFdFpuUYBPXK5f67,3,3
2uhEKg8kIzpdvz4gyy6x8W,2,2
2umqe74ItZBWCdChsHtXjQ,2,2
2unXkmDQMJnlTh1nKisybA,2,2
2uoWHninMACac1KBFn8rXQ,2,2
2uqUDXhP1CQ8BfKcuk8AV6,3,3
2uqXfUERVBLa1heEoUTBlO,2,2
2usrT8QIbIk9y0NEtQwS4j,2,2
2uuGON8qD3gKvEMMQb1PVC,3,3
2uvhnyOva91fFtQD4oXmhs,2,2
2uwP4d0aVAo90aet6UnaRK,2,2
2uzlv8PjqsVvF1DhEahyhy,2,2
2v5Us4Zi4EbZ2taztKbl1i,2,2
2vBiZ7nBe0OqTZKWGP0s4K,2,2
2vDPSojrX4aL7aiCPD7kja,3,3
2vDSWh8Tq5MqFZXZchxAXU,2,2
2vFhoWx77rbzZsyKmi5k6r,2,2
2vGDTOtslhkco6LVFfdEI2,5,5
2vGfjY0JLLiBiEFq7zgQjB,4,4
2vOAHp8PBBFYqvQUWSoITY,3,3
2vOxTlFJnVmv5BBWwRAgkP,3,3
2vR23BjIzpLMtzsyKrM6Mb,5,5
2vSBlBRp6VmZp7paHFqqUR,2,2
2vSxjnyrWrtxyfzO47EX6q,2,2
2vTVfHkVRjxahWBUTrXl26,3,3
2vU6bm5hVF2idVknGzqyPL,7,7
2vVVKj5p0Lb3Kc3Grs37Ls,2,2
2vWBUC9djv6BtiGlmKiQaH,2,2
2vWMm0M5s7fXbVd7v1eEwM,2,2
2vWscHr7yNiNXny2UR8pqd,2,2
2vXKRlJBXyOcvZYTdNeckS,2,2
2vYGlPIhtLGM23rXY8hfgX,2,2
2vZkRvnwxCLsmzf8oGGBKK,2,1
2vbJUtO8SZ0nZn5qwRAo3v,2,2
2vfPsGhqMbqmhjMGQ52dYf,2,2
2vfSCFvMbpf4hwxt22Wx7b,2,2
2vfZqjFC0QsRMewYWAiY9Y,3,3
2vk8PCaUuAZ63dsi1lqkn0,3,3
2vl9yXYJmoKbv72pUIxoue,3,3
2vnvUaaCUC0FzXBrRMVzjh,2,2
2vpMzSdFyQNq4gbVGLzdul,2,2
2vtwuaAGoDPlsLujnfTYEu,4,4
2vvWv4e4PfXCUzsL9CuGzi,2,2
2vw1qPBCAOfY19gZ06PVvj,2,2
2vzKE1T2CdCs3yb6LjuJIE,2,2
2vzMWO0T008m86yDnXwkII,2,2
2vzWylXWogTG11HR0frews,2,2
2w1JSr3I1BXnTRyGskbJ45,3,3
2w2MXZEONSMh1HzOUpuqIx,2,2
2w6M3ukTNm1U8JVHjLSJVI,3,3
2w7LbnZdWCG9Ux7gzVbQFC,3,3
2w8OZpyOHhT0ykCqLfejQB,3,3
2w9nvs1ByWUGkED4M0ug34,2,2
2wBVQEElJpTgXi0Op2yt1P,2,1
2wBybutNwHICv22FLTjyhh,2,2
2wFuVocQqiPRwVAQ7nYQFY,2,2
2wG7MgpfXMCzQcTPCt78Tb,2,2
2wGd1xVvI38RqbzhlzswFC,3,3
2wIQ0efKJofukrz6xgfYFy,2,2
2wJJNgD6GrKoQ435VxTRv6,4,4
2wKnd1pYGtZlBaZvpLwIDn,2,2
2wLkOJ9pwMu0kfV5tlPDUp,2,2
2wQ411UQL2MRsdAgPRUstT,4,4
2wQBzAZdsaqDBbtwBk5MhA,3,3
2wQriMWlY1LiuAAw64Td3y,2,2
2wSAWEYUHkt92X4SBAPqZE,2,2
2wSEG8f9WIqyrdlXjdxzGu,2,2
2wSZhX2Yvslh1oZFFjj45p,2,2
2wVWGFVkL5I3JGsoWBx2AZ,2,2
2wXioTynVwrEWYRv6R6vEj,2,2
2wZxzBlwt89epiawMTmDfM,3,3
2wbF4sb7IpBMQ7T6Lem10j,2,2
2wfHc3wJjCeaaB78MlIJ2i,3,3
2wjkeM2gmbIa2sBkbnWLb0,2,2
2wm6DCnWcWwfsIl0LvWYZ8,2,2
2wmQki14Gwt1gZUQdrWI1W,2,2
2wmofaCfAaF9hdjEXmdfTO,4,4
2wopaZn4bijSHJHOi8eICq,4,4
2wp7OUgPvFipU9fHGjNEcr,3,3
2wrthwkXNBuyKWd3chV33u,2,2
2wt831VAOLWoAbIcQwxWsF,3,3
2wuVLKBAcmvYUOhjCQDQNl,3,3
2wvMF4tLWrNRA9cM5fUuN0,2,2
2wwSQbfTJUqNqDch31XUpW,2,2
2wxs5sF8JzScf1CV8u9tNU,2,2
2wyxViTsig3hK2hIMSdKxi,4,4
2x4OoxAp0Ai9ydRxQqhvM1,2,2
2x8BetKgW0IRTnlbKxwTiZ,2,2
2x8evxqUlF0eRabbW2JBJd,3,3
2x8gjYPcomasunXlQ4gA2i,5,5
2x9cVSh5pr4bjU5PZgXoTs,3,3
2xABkRsg3JYfM7JCNg0Mao,4,4
2xADGxc3wNQk9YBSWIROyx,2,2
2xCGBWfzTe8l2kvHpgvB6M,2,2
2xD97n8xCT3uAQ2Y9O7fcN,2,1
2xIKC7clGKKhCwFnAuPtM6,3,3
2xJLyTiJMW1XzSdCj4KtNQ,2,2
2xKmP9tHPW0qgqDTjvIFnU,2,2
2xLMifQCjDGFmkHkpNLD9h,2,2
2xM5sYHiXYo2baYbC3tiC2,3,3
2xOcbu4PTkikUk7Z8widN1,3,3
2xOxJOUCQRc4nMIwwHAKI7,2,2
2xPucpHodgAmFEwQjhJbq7,2,2
2xRdvPX2IrKELYj9WvshTp,2,1
2xRjpf9nBbKNV4VtjSHfER,2,2
2xSNVNnrUvvSOWuy0tFqRC,2,2
2xUsXYIiK18wSnv2SXFGtj,4,4
2xXAcD0zzapYgSl5z1A847,5,5
2xXNLutYAOELYVObYb1C1S,2,2
2xZEp5wiB3fdZYGE9wCDOh,3,3
2xar08Fq5xra2KKZs5Bw9j,2,2
2xc6H7lIlHV4vjGtxBV3do,2,2
2xcHJ5YpRL7wgSfsBnIktB,2,2
2xdIHrH1a0IuThQTbwpzmc,2,2
2xdQyyhUESOeww5ZsY434R,2,2
2xeXLuW9d7i0QSdr7GDuQn,2,2
2xkrujtSjZz7EKAYGbIIzH,3,3
2xlV2CuWgpPyE9e0GquKDN,3,3
2xnlCGTDKbnnVe9sf85RXy,2,2
2xpgd9TuWqcvQIYSbRatjF,2,2
2xpkJFCKCevn863vXJli7S,5,5
2xql0pid3EUwW38AsywxhV,3,3
2xt2piJx6jlFkjS77YiqpL,2,2
2xtpPQsZ2hHBC0OJWs4NZQ,2,2
2xuaIdm0HsPaZPxQoNeplK,2,2
2xvivj9s3YulAYkhFPc7pz,3,3
2xwp3DfpcINuUpbnQM86X1,2,2
2xy57NLEmzuQQeBRORdaOq,2,2
2y1NlQ3jhmmvtybRBLQGXm,2,2
2y2ePmhzeawxdgzODNvpCD,2,2
2y7f8qkrgIqY5KsfPNcuix,3,3
2y9ZH3fIZoiH01RlhlmmCA,2,2
2yB0vv1uJONVlnMOO8x8EV,2,2
2yEHX6MqAXPyD7bm47A2Br,3,3
2yEi49EFQdtO8EkPkJ0G5U,5,5
2yI8GVtducONY2HERTqRFL,2,2
2yK8AHppPlBQCjbDk0WmUo,2,2
2yLypKwqWWKUJ23QmZhbdi,3,3
2yMKMPK4B51730EaBIO2KD,2,2
2yNGARwYc253fKGIy0CoyO,3,3
2yNKDG4FgwzQuL0JUEOunR,2,2
2yQJT5fopKSAdJB2aaLgwr,2,2
2yR3f7t0N1pp48mChKq9Kt,2,2
2yUTr48mqvWN8IfDECd2Lf,2,2
2yXRunfzz6u8wxKoZRRJP7,2,2
2yYQoWq7leuRmrsP7EjOWS,2,2
2ydUT1pFhuLDnouelIv4WH,2,2
2yf1ibNuXk2VwKyGCIIpmA,2,2
2yg53XBaQDtIk6hYT2VFSD,2,2
2yjsLhI8323uXRgVU6d1j8,2,2
2ylCrFiBu98SC0vFfaCent,2,2
2yofTR4pRFEqrYK3YSXhf4,2,2
2ypmJzv6tqEy1ZQBwvK52N,4,4
2yruHlh8qTlfVWPeN7HLfz,3,3
2yss0n7KmvmSr4EHvjfFpn,2,2
2yxYdqsRrt9759P5pZXLp6,2,2
2z2JKNU24UEngb4joR9p8f,3,3
2z2a6v6pqtB3rI2oKbNWkD,2,2
2z3qJXTXRes9cqkPRKqN4g,2,2
2z6qXWrC6LjyFimHkHBV2U,4,4
2z71jdeVcC782NgsYZ6N8q,2,2
2z7FZQBroe6m4GcJl7Q7eU,2,2
2z7k8UytNaiMIJQNc1XZcZ,2,2
2z7uvzZBXIW5vy1KWIcf7H,2,2
2z9YkcLojiOE7Eu2p9lPZR,3,3
2z9qzLuCkfRdGNI1u08EyO,2,2
2zAonF9EvsfVBwEkAizQEd,2,2
2zDCZ8jY4kjuUZbVROHaZj,2,2
2zGN2Pjf8FRZb3xYM0PkF3,2,2
2zHc7NcuFFuT6lobLAUzgp,3,3
2zI4py4xY6v4vIrAlR6GtP,2,2
2zKTvTDOQNjV9HSCHLKSOo,2,2
2zME1tNgLyHCJ29E2uSeJM,2,2
2zQE8TE5BQDJA11ggnope9,2,2
2zQt5C0AIv27RhfJCRZdZ4,3,3
2zRL8YGh3v6VmYgFhcRmj9,2,2
2zSTvC7IA8EiD4cvo4VdVr,3,3
2zTCZsRZA7KYbyaj333IHU,2,2
2zTXd81kS4LdLU97AnBnMo,3,3
2zYzyRzz6pRmhPzyfMEC8s,2,2
2zcbGaEOHtFHYlT7cgdcDU,2,2
2zg3iJW4fK7KZgHOvJU67z,2,1
2zg6o6EaLEAG7mLklXl6Ip,2,2
2zh01m4PiHaZz4BAm0NRxs,2,2
2zhL0n71GK0lhgDc83VT9A,2,1
2zhPy8zbBf53XgTtkEbnbO,2,2
2ziXC5o41KXiw3LoG8p82t,3,3
2zlpPaYrmjkJavxPBIFmJq,2,2
2zpIU1OroZ3mUzrnYqoLBa,2,2
2zqTyUvQndFS1HpMd51pn0,2,2
2zsBzaQiHi7oaOCVpYBUxN,2,2
2zufTlIQKq6bqOsb8mhRAY,3,3
300HJHC8ZR1r8quEn5OqwZ,2,2
3053O8x3s4imnZURts5t0W,4,4
305WCRhhS10XUcH6AEwZk6,2,2
308mpl3G2FseXxGEjtyLIW,2,2
308wYeQLiKZVmVX8NztruN,2,2
309VjyrEiYNIa30wxtNuaW,2,2
309lWVv2Cj83O0MDqthRSM,2,2
30Blk5ivxogelO1rsp5tBg,3,3
30CDYWqqitNHUa0DGaUeIE,2,2
30CenAPBR2VmH91r4Um32b,2,2
30DndvseLl8zjo78OBwbpl,2,2
30Ek6vDZ77PWTQS9HiV3xB,2,2
30Hm5tUVPVoJzGIEBchOT3,2,1
30JbQlyoAUUud1FjAq4KPn,3,3
30KPG6tcT4DAYsYdTEBoXh,5,5
30Lcy59RiXJKMVVkwhfdle,2,2
30MdAjBfVTvBCS3vID38At,3,3
30NeE5qu2FrSkXQMra1WED,3,3
30Odg1UqjMypNvWuVVk2nB,2,2
30PysXbn5cVodLBPGV2FWb,2,2
30QD4VRP9yEneOh0eGTrtJ,2,2
30QU4RJntz98HlLOlkRgew,2,2
30SeRoO5sxqYCvrznYhjVU,2,2
30SxaBvjxjuIzl6nnDJObx,2,2
30UecYdBvtbBusYnHqXtEJ,2,2
30VJ9FGjnXBgLNtWnS9N4g,2,2
30WNOfFRiqgebO4eRkCii8,2,2
30WZViwU19Gq6aKQ1QBpeB,4,4
30cYWLpVdBZVLb1cYdmcTT,2,2
30fs492ovSWQYydT1Ap2bM,2,2
30hKEQLgr25oI91btWLvCi,2,2
30iLwLvJkbP0czkZ640DAh,2,2
30iQzZHaIhA6ZWtFaQXYNw,2,2
30ildQSiiB2W4CeiZ23oul,2,2
30k0wGukDZlauyrRU4hTc2,2,2
30q3JG3LlFpk8XypDDq6DR,2,2
30vw5cYMk3fBMB4bwcgUMS,3,3
30wOsGGJ89E6LJkvVJKpSm,2,2
30xWVpvct6LewWIHFEWHdn,2,2
311Aew4xQ5ApPO1HUIJYwz,2,2
315FrAki9HoxEdG8CQuZhD,4,4
317KO2y39CAzDjpP8djR0k,2,2
318FBEEoqRRfNhdmzPmjWw,2,2
318jLr9oY0UrxYqyUHCfBA,2,2
318wNtLpuTW12tfiwo4yGN,3,3
3198LMj0bpnXj8Mb1GLo3u,2,2
31A3fFQivbhGo9aJQQCdtP,3,3
31AOj9sFz2gM0O3hMARRBx,4,4
31B167urAhDwzI4IVmeUcL,2,2
31BHt76G3xMjwvdIpCFKre,2,2
31DvtPtr9azpLID1Kc8cEO,2,2
31EjsvYbdnPtvzSKr5TXqo,2,2
31Ep5JVlhdyLe5aj06alAp,2,2
31H6au3jhblhr6MMJiXnCq,5,5
31HFDml54UrGjTa4UeKhyv,2,2
31IHYkeWBXpiVe5ihGyzje,2,2
31IfnfvSlw299vYoAicWGw,2,2
31MZVljIC0y0wUpgafrw8Z,2,2
31RNX9vTwybIGVhteTpfT3,2,2
31V8fcY1mQGjqDIrFSNy2w,2,1
31Z75ehoSqIwC1bsRESbKM,3,3
31aF4GXwVcAzN5KO7gWgF9,2,2
31bNrGIFzje8Xj6g8NgpJF,2,2
31cWLSWcitDSeOBKhcjhMG,3,3
31i56LZnwE6uSu3exoHjtB,3,3
31iTzChKyBFJc7gzoQx8yz,2,2
31j38rRemGuqA4z83EQduw,2,2
31jdflvTFQhJ4zmMJNTgl7,3,3
31kKBUeeCGuMt9fPxDybde,2,2
31l0uEAqkZ8RQGE43l61GT,3,3
31mSJLJ2UptaxPj2uCi88A,2,2
31nuKr86hSeDz0ERpoN6Zh,2,2
31p1i3XDY9W8ORcDXmA17Q,2,2
31srFysD4RsK9Br1ZenkZE,2,2
31tqdc6hO91Byv18aRLhNE,2,2
31uiFApsv5BVunx9bypX6u,4,4
31w9qcZRUBlKcY7l6y8xAB,2,2
31weWETfEZxvFORVi9o25F,3,3
31zKRrUAcbCY1XtRZoJsw0,2,2
322TxW77VZdX9gHynK5Xue,6,6
323uxL7lyIOJhkpzZMW5iD,4,3
324Vv8APc2bHig0lm6wiYC,2,2
324Y55zUTRSMdtFwc91csa,2,2
325VVodN2bVcByGxLyybTK,3,3
326CApbERCzytu8gmUC3Hb,3,3
328YpBBbWMxttLVhumwWet,2,2
32AV76N8GhpnJ74VoYfDGk,2,2
32BEasyNQgqXQJKoVa0fUw,2,2
32By63ejJIcJka9uDcO0A9,2,1
32CwLhZJBa6C5Q0bJe0Q47,2,2
32DCSsnAxX8jpmu9w6C8DW,2,2
32FVH23yFXr8Z0sfjRw4It,2,2
32Gf5A7Hr8RdgggXG0Fdks,2,2
32J2hO5MU8pmA1l9UbIV0u,2,2
32KpVkEKmO5g0t68o1gq23,2,2
32RMUk7XdhMBDsq8khSYdC,2,2
32SckiFOYb8bwYewY51WA7,2,2
32TkZ0EXNV01d6i3FquAiC,2,2
32TvsJTuBVTGcvx059g0hJ,2,2
32U1XMh3DKlm45uvpofhvY,2,2
32XyUNQGL33AqoRBNlW4OS,2,2
32YHCNItnCdiYaPbw0uTo8,2,2
32YibHelVr8zJgie61Xh0T,2,2
32b1k1AKy89SsqjDRf1jPL,2,2
32f2uFt0uqdrdtZC3jGejk,2,2
32fEW4jygJjjnZh2iBa5IR,2,2
32il27dOrLpIru8Evp4Pu7,4,4
32kyGOJpEOTFKR9wvPSsxJ,2,2
32kz93hA4ac01juOqcSItF,2,2
32nw9Qc5rYjsPWGLy14Yh5,2,2
32puFzyAEnxuSQNL9H8E4i,2,2
32uaxZxz27r7ZMetPy9Og4,2,2
331CFIHeefOVTC4F8cmYTL,2,2
3322ArxAq7wCSZI4fF77Q0,3,3
33ChkGU26Kcs4M16oAJLTB,2,2
33HXbggKvIitg7y3UBhNfn,4,4
33JFCwEvVejNIxGwHMakbk,2,2
33KJ2xFYONOlIYDBg6wPx8,2,2
33LQdszht4rDfgmOSth8W0,2,2
33MBrjaSlb2VXNlpCQiHn7,2,2
33MnSYLvtOrbj5zwfioEiH,2,2
33OY3KMWt0DbXJoP7r8MaA,3,3
33TWAPap4cy15dCq3PgreN,2,2
33Y1jukFR76pj7TXFTHQBJ,3,3
33YTaLQXA6q4Vc7eba2mWu,2,2
33Yl7zo5qhJXgvO4VsAQTs,3,3
33aeZWojqJO1F38aN3hnOo,2,2
33cTJJ8gkyqX4YDy6jYpzK,2,2
33jt3kYWjQzqn3xyYQ5ZEh,2,2
33kvjc4Mwb8Bw4spshLlE9,2,2
33srqXBatK601PnuQQi5sp,2,2
33w7LgNJIuhs5dhSYZ0do1,3,3
33wiWULOgZ7ZW6ewOrxbWv,3,3
33xvLHLR4T6FdGZ2Nvonww,3,3
340UVheS8z3ncW9TTUhAbc,2,2
341Tb27KBs8zzlRqaC9GvR,2,2
342pJxy678kgQrZXCL9RG7,2,2
3439OLNIeD3y68kVuoZUO5,2,2
349eMAQNz3QBhlrdoXMO0C,2,2
34B1pP9VnHpD2U6JtDag9E,2,2
34Bo1NPm9TdCsSUMfCxCTD,2,2
34DFDdLAZRM18ARHGHYCt2,2,2
34EbXKNnIAkgJEuWAcEQ8O,3,3
34FAeDcJSzkMVaPmSKqw8u,2,2
34FlGAOQi36sh65cl3UzPF,2,2
34HzaozRuzF3BSjsMrBqIs,2,2
34JS7SWgCH3282btYwsPWQ,2,2
34L980Ez8bi6da2zlj7j92,2,2
34LcvhvuO7RIX0JzSw8FNe,2,2
34MW1U9wuBRheRZ28ZlX94,2,2
34Nc86qo5wreXTDX496TRB,2,2
34U3O5S4N77R7dTEh9TGfD,3,3
34Y6o5Ugl8umgo0315i6q7,2,2
34a89MbC7QXsUsLkljLgXX,4,4
34bTBINpWPa360R72PDJj1,2,2
34cmEDq5SNUTBwELbIiDeh,3,3
34da5Qqshstk7LI1wNe0LV,3,3
34eIa3zQ23bCWreWLilUS7,2,2
34evGV6SaoRLHTcXXUVOpb,2,2
34fAFal5MCnRHnEZoV9OJa,2,2
34fyjViTs96VuHTC7CBfOI,2,2
34ghr6pFdDXD4VXsjRHMs9,3,3
34iOH7LY3vme5rQxsVILZ4,2,2
34ieem3brfX3EJApCl440A,2,2
34isqXjbTstbYwl2MfdzDq,2,2
34kHexFdmug6nYZzkz3hc0,6,6
34ldTowcv56E2DqtSaYBjP,4,4
34p4d1RRVLvfg1xKEJfPvW,3,3
34qxi6dCXAb90enc88oYfY,2,2
34vriSr2Ra24TqcWQp17HB,2,2
34y1d4i8uru6aQSWd8ewPT,2,2
34zHNfI9XDe9esgbzA6PjP,2,2
3507Teuh1vj1L5eMAJj80O,2,2
3532jwjYi6tiOpTRHjpr8j,2,2
354j6LPNLlWsKvQJQuye0X,3,3
356bcy3BLWuyUwOi56pb87,2,2
356h9UEHsIQlgC86mCpL73,2,2
356quoF2TOeYPEd31QYaSb,2,2
356ry72djzWnoIjOCrLS7h,6,6
3576G2Yxt4aDhlRBjamrOE,3,3
357pRaRB0tID9c98Eg2TDn,2,2
359PHdNHrEdBeFXzLC7TJJ,3,2
35AUC7D2Pr8JkR7bB8z4jG,3,3
35BubUYbG7gQfwnVkg58zW,4,4
35EHiyGqAffU5VUyrsuq3v,5,5
35EpJBwkHu4uVBiQKokIPr,2,2
35IcAVSMsU9qzHfpPbvC8A,2,2
35Krmwgrk5mTqD0mptXlU5,2,2
35LY1yxjSvjQ3lbwNvQgJh,2,2
35MNHqBGewFxlJZtjHOxvj,2,2
35P2Xal9x3GAdOHytyEUFe,2,2
35PKfoynRpVFoAUE3D5Kc6,2,2
35Qf9mP6LoopjOVwgPAKoY,2,2
35Rj63ivoluSehxgo9Nf6M,2,2
35RrDnREM1xxx4YBxDHikm,2,2
35RtQbgQUW1GsE4ro9dSqo,2,2
35TStN96CwcjFedErjW8Wq,2,2
35UUpTmrcFXNIVIN26ujXl,3,3
35ZmCVnfYRdK1iLGCxNhMa,3,3
35bUCSCnEQRek7xXNG0XIM,2,2
35cGkoZHj3mcUYa1kVjFOh,3,3
35d2qt9etHFDi5FkDwV6h3,2,2
35dSvZeoNxzvIQ6D5UC4Lo,3,3
35et0G7aJVzE52TzK50Jg7,3,3
35fXLEkCzyQJg0DET8wvhh,2,1
35hcTbiin6rMydWixorzN5,2,2
35i6b4n58J2WS7fgu4jlpK,3,3
35je53nGcUJwuA0sF5lr9u,2,2
35kEnfVW2j1OERw8W3Fxtl,3,3
35lxFAny9XDBkvE6r9j4uG,2,2
35mvY5S1H3J2QZyna3TFe0,2,2
35q8YicLrwGBD0jmKq7Mfu,2,2
35sDhALYnyK031XISbu7dd,2,2
35sVDinWrh5nYjpzPXe4qz,2,2
35seOt4wMvu7gWzYFwqNGh,3,3
35tQEYgNXQlBvccwCl53s0,2,2
35w3g0LOtCMTOlzFYBtI52,2,2
360gCLBRm4Caa50Vlbluhy,2,2
3634aKisKlGdUfD9V3MOY5,2,2
364Am4PI1b6FQc0wUUH7AS,3,3
364JzOajs76bJymjHm3sVY,2,2
3672DNEisN5yExyR4KUPww,5,5
367ziQUc9DfcL0HU6M3YQU,2,2
36FtJCuOoIsZ3QkF7uJLtv,2,2
36Isi5VTLqJljafmBjbwdr,2,2
36KJECppZif5yIwfwk1V0U,2,2
36NQtTNiBpURnyDasqNsCf,3,3
36NwMJRaCy7x77xYGJiG2M,7,7
36S1oN1QYAD564hsE1Xkyi,2,2
36T5ZSPKoAREX7q9olfhMp,2,2
36YlzbkAZLnOke9yib6Yin,3,3
36YmakOxI0KQmbB063IKYz,2,2
36cqlmc53NqlEUqPJdgUOx,2,2
36foZ6OSZvUPgR3uNbuHiI,2,2
36hDetMjnk0bXojLfjExR9,2,2
36hTKOgo5Ra03y0GlpJPd3,3,3
36jYuqoGDDlfZBst0p4JGy,4,4
36kCSJg8ZBwiSCUECFKGUy,2,2
36lkJSDyMEZoWTqtRj8Q8q,3,3
36orMWv2PgvnzXsd5CJ0yL,3,3
36seMHoyXmLUNxcwzwjdF7,2,2
36tSNnMctCGaxQp0JVGBLC,2,2
36xBFaVGjqm7le8CTHytUj,2,2
36zXp2vEis00HRdX3pYEMr,2,2
370hCOf2GfxzW3jK32k4Su,3,3
37107dPB28NderX4Tpbirg,2,2
3715OFFs0TnnHNRcrfQNs4,5,5
371Tb0eNfpjpSqggjcLv8c,2,2
373tx0f1dUm6FPzgKJBPap,2,2
378c4bnvmnfAoMTSIOveDX,2,2
379HUTMiphNA5RO5VVjEV4,2,2
37EQsOkuUxhqV1yJcPC1TY,2,2
37GYyTGRnPcP01Ff7ziOoi,2,2
37IFFBgI7qnLKqGP15mmIu,2,2
37J7nUcoAr5arJXzjbZHbN,2,2
37KYM3zuGyozpEwDuO2OVw,2,2
37LDjdOlEu8rDJPxIluvTG,2,2
37NRNwqKLqtzMpVfBuhl0n,2,2
37OBhWRMPAvFdxGaNrDg16,2,2
37OfppLybeXKwC377AchUI,2,2
37OjMlwuUVWWmVKrV8CiUQ,2,2
37SgiDGQSiUTQXZo2Ml888,2,2
37Unx14mB8QnCx0bDjtCM8,2,2
37Vpwl1B9rV95igWTpDiUp,4,4
37Z0JtMr9BBTpD1TPClCY3,2,2
37ZJ0p5Jm13JPevGcx4SkF,2,2
37aaue7yg8OvizXw10pjlG,2,2
37beEt2KaKB21Kv76dDk48,2,2
37dpyJsBy1bIGJNrztzr6S,2,2
37i2AqYonqyW5MoGXCY0pG,2,2
37i4ehp6JPOenvQQEcoYv7,4,4
37mbkaqlU4nIVQpibsJV6v,2,2
37o1JVuF7NnYWKYzLCe32r,4,4
37ssERQrizS7e8zQEX0tfC,2,2
3802mS7Nir3TleHudYecvN,2,2
3829oHimRwuUHePcD2Jj7S,2,2
382oL7ul0X7UKEsyRXpvAB,4,4
384txiSqJA9XFLWWLRBhO7,2,2
3851T2MrkvNYavq1jnkq02,2,2
387MQzCz2bbzc6PeM79MmK,2,2
3898C4AbdbptwYet6547e5,2,2
389GFtpjhmv2HxiEyWH3FE,4,4
389QX9Q1eUOEZ19vtzzI9O,2,2
38DE0yn1UzRWgaLsh0GJGZ,5,5
38NG9wfK9fRbKkaiZwZWFB,2,2
38NpbYn9qyO0x69OvtxDTl,2,2
38Qvhp5yjj5uizSxVdcucY,3,3
38Rb6IvrT8IuxTptjjA5rP,2,2
38UDPaDM2jZMRv4aEXhdi3,2,2
38UeyH7xex1X88F1hoWme3,2,2
38Uq4auvCzFYWtYjLeB5xz,2,2
38Vb1J5W5LOs0i7SAF76pa,2,2
38WfhMbryO14J00gi97rfP,2,2
38XmF28XW6a7g44JhZdsDT,2,2
38cCzX3jpZhctBx6CHA9PG,5,4
38dIniBkVzA7vdrLRY0cEZ,4,4
38dVRTsxBhJl2yTbSAyuya,2,2
38diQzePeoCBEi93SVYiBf,2,2
38ffZsovm7LjAtdvXjp0BP,2,2
38hFp6SVQX1Wgo4c29qQXL,2,2
38i3hKzRfWSzjhTOMtnzCG,3,3
38kcwx5znepLWCIBID0Bwm,4,4
38n573eM07fb2FZdWUtjbD,2,2
38o5lj4mbLK34vQkJUlMrg,2,2
38p8YDx5gepOiK4SnEfoB4,2,2
38sTf2CdJCM42GdrrTnnKJ,2,2
38xsb628AajcMiMOXr3MR6,2,2
38znqxzVreO8WnoEkBIAJI,2,1
38zwkK6TtTjIW9tpYBfZ3D,3,3
391TUcoPonqYykPkSZ5Z9U,2,2
391sYYvLJu1ewPZoAiVDFf,2,2
396CmbadrWVdBLr6pba78x,2,2
396SEUYrf8EGBUbMUvpaAU,2,1
397W12CqjA788iknS81yMB,3,3
399J96pvyrrDAHDXBY1qnf,2,1
399aZ7EyH9ARcg1nBkVKFK,2,2
39Apu2gqWThmLWtuV0Xxl6,2,2
39BYcHLXEyVRZ3WBlaUa6E,3,3
39BjmE63Oum0jR2QpHYSJv,2,2
39CGIEtrFLVo9wypDB5ABX,4,4
39CJN5XXMaWOSn5LDtzzpM,2,2
39CWhngoWrX3oxZM8Y15H0,2,2
39EapDoz0JHCTSDXqMgy1M,2,2
39GDAALzQGHczuR31oDjxy,2,2
39HrUxcvKF3jtLz7fUDWXc,2,2
39J33DJuRt96XzCjGclZOU,2,2
39K1B9yIdTCgwm25z4GYId,2,2
39LJCSHy7nB1akjmhMQ7Y7,2,2
39LLxExYz6ewLAcYrzQQyP,2,2
39LyUQIy7idLxPdsjyZsxe,3,3
39N0x2bHHkTqTUiI4iYOBl,2,2
39N6Q3T7zbEJMKgaoxIGc0,2,2
39N7mQeMmInerrWiw8dd4D,2,2
39PmNHf8HzUmhxrql2J6Rf,2,2
39VZ3VOFNFUeM7YiL7ecyl,2,2
39VxarnBZV8POFPXvnAD2U,2,2
39ZVkOVxjG8ypNdUSVNkxU,2,2
39bxZQn6wJ4TmO6ZoY9AhJ,2,2
39cXmGCpwPk5nzPQQRRX6I,2,2
39eL80vvxZ36RXKfOZgrPb,2,2
39fRhvrD5Hy1SYg7OJIk98,2,2
39glqzRVRAy4vq3PqeTGb8,4,4
39hqQ6Tko2I2PkQcCAhGoB,2,2
39jBzZcMJMxhAhPg8SYvnj,2,2
39lOHITmszIVH9WF4Jpbum,6,6
39lnzOIUCSNaQmgBHoz7rt,2,2
39m87lOMd5ccENPVvAT7gH,2,2
39okqfxYTldSJNcrVgzm8B,2,2
39pr6XfDMdAFh3VdZQD7Ju,2,2
39qyQ1YSz6pyABCSqjLVfr,3,3
39rHGt9qI4FGdLqtSksPZm,2,2
39shmbIHICJ2Wxnk1fPSdz,2,2
39tI78Hw9SxwaHh32EZW5o,2,2
39uLYYZytVUwcjgeYLI409,2,2
39ujbBjTwwqUFySaCYDMMT,2,2
39wGAAxg1ymlJ1r6acT6Wb,2,2
39xU2D7t9LWs9EueUtC48K,4,4
39zODpVtRvghMyfNjZ3BVK,2,2
3A04b0nJb2nAzGUw2rqDsI,2,2
3A0t8Bg8kFoVuCZFiKhY9k,2,2
3A33sno00r6ooYuPjV8txe,2,2
3A47sbm8jQSMNyAtLHk9Em,3,3
3A4FRzgve9BjfKbvVXRIFO,5,5
3A5GWLRz25wpL8yx4vf0sq,2,2
3A5zeEH2eLW3uMYXoBj9Tq,2,2
3A6iJKSDmkfHkj3ukvBKM5,3,3
3A7Etq2wGE9cYqLIma97Tt,2,2
3A9x6yHdlP1H5BY5Pz3l7P,2,2
3ADl2kvyEaYmL2jMrHgIot,2,2
3AEZUABDXNtecAOSC1qTfo,2,2
3AEmB7kpytRpwNDiq4gCqv,2,2
3AQWkYhZm0okGpW5yTGxiA,2,2
3AQg8DR76bH9Ko3mZXuSWK,2,2
3AQozzNsKUnxw2GSn0IlRq,2,2
3AVpTpnfKlzxeDKZHUauUq,2,2
3AVyKOmMgvRjsC576xWw78,2,2
3AXWBC3J6CiYXohrN2dRiZ,2,2
3AYXFn1hxbOl5l52J9Afjb,2,2
3AZ5XoHdiFpiKMky6M1Gt9,2,2
3AZ9y0djGcK0kcOkCxuUOU,2,2
3AZLDgqvdILajILwA5jPIo,2,2
3AaGCSpUFAmtB1XGxz5IWk,2,2
3AayefDdUFxivRs79bX7kV,3,3
3AcPAEsILGtsyht7FYxlyj,3,3
3AcYk1ZF0Xgzr7hvZDsMfq,4,4
3AedlLCGKNhQdhtLzObIbR,5,5
3AhXZa8sUQht0UEdBJgpGc,4,4
3AjZqmRivJhEVqbliY3yJa,4,4
3Allgqu3MaHE8QFvzoP90S,2,2
3Am0IbOxmvlSXro7N5iSfZ,2,2
3ArvrXVP9QRUmKWRqzNYjO,2,2
3AsfuEnwyMTHS7mbzcRUdV,2,2
3AvQO9AjUzXv8Lhe92uV6b,2,2
3Awmd7T3mCRL1RqIihWqf1,2,2
3AyUAvAQGKyMzC9jGQeIlX,2,2
3Ayrd8prgnUYU4ErMgflBV,2,2
3AyuigFWbuirWHvidbMz8O,2,2
3B1Je3rlEac3p4ikYW13zw,2,2
3B4etxytImrRKQgV3XHjnR,2,2
3B8vWrQFz67fYB0olCe20u,2,2
3BBslCw87ODOwkfu7QMUug,2,2
3BCvKuuw1GCKGlwjgfrOoH,2,2
3BGxXQJWeLAEcwNKRFUxYA,3,3
3BH94h2gsVDD807EARW6Hi,2,2
3BHR1mJOqn2UZyq98YKPgd,2,2
3BI1nr32dmrPTTMmywXZZp,2,2
3BIDLsbt2mhciopVG1tuBw,2,2
3BIc6CjDJxm6P1qCls2nKa,3,3
3BIzHNxAQbRTY4LCp1oMR1,2,2
3BK7JmX1P4GSGx5mdG3aiL,5,5
3BMpJkaH1nSLqlw7Vr2THM,2,2
3BPPvEIfF8ZoyzQQrQzhAN,2,2
3BQHpFgAp4l80e1XslIjNI,3,3
3BSjclxC2Idsc5d8LsCJwj,2,2
3BSmrqekQNnSWjS9iaJ1Hn,2,2
3BXYxSllo4ZsW2yeeSi8pQ,2,2
3BZG1oLulq3rMZT7XsLKdU,2,2
3BbD2sqk7P7Rc9V0KF9o4s,2,2
3Bbbz0IGORWZSLf9UqsAL4,2,2
3BbzQ0VuM1QTMOiqva7VYe,4,4
3BcoBRPyr5UqYdeoF9clb7,2,2
3BdYUl5j3y0vE6RGmD2f3c,2,2
3BenEWAgg15dTCiLpETlSO,2,2
3BfLcQOyP6ovmQFTYfhIx4,2,2
3Bh8VEMG1ugQgDHsuxJkat,2,2
3BhrxwpnwVXG7N8NN813Rw,2,2
3Biy5PM3x0sTJ4t43iJcRv,2,2
3Bl9pbEgCoSnm50nG93bvL,2,2
3BmO2DS8Rw3M1ibMXvV5JQ,2,2
3BnBKNItMng824sLx0pUfy,2,2
3BnIiO2HsaJaflkX8BNBIf,2,2
3BomnHfqKZCdPJC9bkGBjE,2,2
3BrthwY8fzvCmX7VesDzOH,2,2
3BuUE97Z9XW1qoJ0Qxa7ER,2,2
3C0nOe05EIt1390bVABLyN,2,2
3C1ITH31MUi73j4yJFK6l2,2,2
3C1LcToezDDgKE0MYtBTaz,2,2
3C542UknrX76XSRXTyQ1Qg,3,3
3C5piNghVn2W537rCH1eUj,2,2
3C6ST7yv6lmAH0sJEoGmJC,3,3
3C6pSIVeBKIbSpCFtaw1r8,2,2
3C7nmDDHszTddjFpdPlBvw,3,3
3C8crz63UpoyBdGXGUEH6q,3,3
3CAX47TnPqTujLIQTw8nwI,4,4
3CEntclq2oGD3AkwWsoTgJ,2,2
3CExJpkcpoKeu1ETWlgT8B,2,2
3CIOopLwvyMvXk97ZEksKO,2,2
3CJZhC38mzhcJKli018fil,2,2
3CKJz2XmcRBskVxbN3pit2,2,2
3CM4DrVkkIUMSry3MgfhOv,2,2
3CMA6bdFwobZpvStfR2jls,5,5
3COSRKvFPnpnnorNF4oaMf,2,2
3CPFHaVEHkkH26hAEPgMMp,2,2
3CPWVEyZoMmxPdfwrlIbv0,3,3
3CXPFlvvhG4LAUbbpythUe,2,2
3CYa33hVJKEwHC0HmgMQA8,2,2
3CeKc83EsgRPItgvlDHo5B,2,2
3CeodjvVasr0yFSBufbKsG,2,2
3CeuBr3AaQm0Ke4t1W536Q,2,2
3Cg9Ds1CWQUGuQoQ9QvjDl,2,2
3CjDcS506vLoyV4qKKeTGW,2,2
3Ck5oM2Tt3iZYLW1kY54KF,3,3
3CkjLJYnnyOtGk4Jx4iYS4,2,2
3CmUas41TD2t8EGNZ85J9f,3,3
3Co9QY7WBNKoS44Nsk93r6,2,2
3CqV5uSdPvj5Ux3E8Idusc,2,2
3CrLoLfSwNqZGbSDupVUdu,2,2
3CrsuTJomWZmeXIvKhV45l,2,2
3Ct8NiRoh0OqFhTTsrwkEc,2,2
3CvfYeaJX8JAT1tF5IzVlG,3,3
3D04V5vUxtcanSIwVEIMW8,2,2
3D2mx2IEFfojOEIJ7cmVtX,2,2
3D37T7euWvVJ45evRmriIh,2,2
3D3B4x1xSCyZkFwxuTvCSr,4,3
3D3Nqn1lOvwYfhPKeORMSs,2,2
3D7XEL8aWSlX7ShBiZSe25,2,2
3D8dwH690MXQRhtIZTSS9c,4,4
3DF1ix5ynSLWQesZNZvUEV,3,3
3DINd29wTWdZEiH7JS0G0W,2,2
3DKI4ZKPLQb1Pk2uTR1zR0,2,1
3DKKyZu7Vu1L4p0qSSdBlr,4,4
3DLPg2D9Q6XZ4RlUU9B00r,3,3
3DNRdudZ2SstnDCVKFdXxG,2,2
3DTHLA4DaMpgHrK1fRP2bF,2,2
3DVJZyBhU69sLM2LZxXAjh,2,2
3DWH2ElS137GfWMzGcXVp2,2,2
3DWkYRm35UkcM1V0icj6lo,4,4
3DamFFqW32WihKkTVlwTYQ,3,3
3DdZImFHeAEhvWCTgnfOyC,2,2
3DeJRsFwGGsX0TC6k4aEWm,4,4
3DfO1b2g7RSiizwFQfCg1A,2,2
3DjGqlbBIzrZdVtVfAwRDh,2,2
3Dm6aXLhzureDjBZIqFYhK,2,2
3DmHaJ9zYKj5Snos05lkVF,2,2
3DmW6y7wTEYHJZlLo1r6XJ,4,4
3Dnr5MmVE22xUyZXqMPbQf,2,2
3DoVpWmuP2Xh8WfLl6wqYW,2,2
3DwDpL9QpO5gqPFuHZXUx9,4,4
3DwkoCj5vhaKzgdbEpoDIu,2,2
3Dz8VohgvbYkf6OS99H0vT,3,3
3E0D36S3MKA9e3f8yCOFR3,2,2
3E0gVkirGK2ouGHPuOO9cN,2,2
3E3RZ7QIzKBmbTsy1c3lha,3,3
3E3SMSm6FMRA9gkpaFRFrC,2,2
3E5HwkuvaaW60z6lLHj5D4,2,2
3E6iea9uEmB7gRru4lyP6h,2,2
3E7heceGl4ojbkWXyBiLSL,3,3
3EAdkWngM7RifOu9kSH4cu,3,3
3EDMs0fBGlsk9fpfJlnmAE,2,2
3EEJ63VT1FN3sQod8vd4e8,2,2
3EEzQDCP8jRl2pEt9eDKMO,2,2
3EGI5qmVmGlfgy9BmNb1R8,2,2
3ENHpbTuY72FukZbwGP6bc,2,2
3ENn9ahP78mdUTHXDhnyFu,2,1
3EPxiSj3RsjMMdKCM7pthV,2,2
3EPyTBUgWMA2Ib2vT6XHIt,2,2
3EQV1ZHtHvq9OnVRYIdbg3,2,2
3ES5cayNFARmE8AkATTE0V,2,2
3ESEyZbUG6PGUqSrHcUVyd,2,2
3ESSGgWzRf1xvP7G5hHMhB,2,2
3ETUBLVvEzgm07QoU4PioV,2,2
3ETvFeEtfs7d3nvmIikPoN,2,2
3Ea08ZAiu9QOepEYDIc4cl,2,2
3Ea1CNsTqBY4RtAESrBeNI,2,2
3EgDukSjCRfvnLzN9EfFih,2,2
3EhlNAbbkqbNdzXWJUaKbT,3,3
3EiMkTZe2cDb1Mr0OdmYB4,2,2
3EkctURiV4YfneWa7hLIeN,2,2
3EmmCZoqpWOTY1g2GBwJoR,3,3
3Eo7rOfvXRzGq68b9PVfZE,6,6
3EqfkwoSbO6qnn6Agw085M,2,2
3EqjPdZYU6KzOyF2mo8T6u,2,2
3Et4LKZLnXygPYfNdeB3D3,2,2
3EtXo9cEurLpblcdWHuBjT,2,2
3EuiNP8xVAEoYUGwYSQdbC,2,2
3ExKJt4K8duUfEG49QWzPi,2,2
3EzO5J4BLoEElQzuAt0jyh,2,2
3F10yGruAGAJhxvyd3NDgW,2,2
3F3uRFEXzCby4QCWoVmIA5,3,3
3F4M4WsRWSIaHL2Nio1S8E,2,2
3F5DccNp39Waj4QjZBUPGO,2,2
3F8dSAI8l3euloq5a8EenB,5,5
3FAclTFfvUuQYnEsptbK8w,2,2
3FAuzzj7jM94XjxHmNq8Yr,2,2
3FHl1QYu76zguwjqhqcglX,2,2
3FJAek4sGsxgDzrK9FA1b5,2,2
3FLJR1N1dxOYEpZCsTX8p6,2,2
3FMqJuy9ZgGuUlxbUUgtNo,2,2
3FQCJI2t5LTbsRPfYVBSVB,3,3
3FRKJyEazxmrH3Ez8FFUIx,2,2
3FRLxtpSk9BxxnxdS6I4jq,2,2
3FRxdyG2RoR0PY1i8pnu2J,2,2
3FTP9QPfczWZr5dTAUSEi0,2,2
3FTRSa9mWB3kKx2jkhUAN3,6,6
3FX9rMHZqWTpv5ZTR7TkpB,2,2
3Fc9ucJTAFZ9NdrAZB5tF0,2,2
3FcmE4tu4IbyDWQ1LkHBxD,2,2
3FkeNbs9Zeiqkr3WkbOiGp,2,2
3FkzSXO9uZbQ4sgRgR8O0m,5,4
3FlyGsMdfPz50sWYpkPpQx,2,2
3Frn3MJRQFvjCIbTbBUZCS,3,3
3FtYbEfBqAlGO46NUDQSAt,2,2
3FvAIrl7mosCrq0oR0t2CH,2,2
3FvxsyTGbLZ88JiLGRMwd0,2,2
3G1o1dkJIyY38yfiVDkwNP,3,3
3G7Y6YBp2OjIe8hez3HCoq,3,3
3G7tRC24Uh09Hmp1KZ7LQ2,3,3
3G88cMph4GBZ0p1Nfls0g2,2,2
3G8gF1ClzlQBV66fz6S6JB,2,2
3G8zJFJ29WNAktaMbKW1hX,2,2
3G9Ngx2uvZkBNrGClRxX6f,2,2
3G9l0CsH7HCkr0SqDE1juj,2,2
3GALgomp19w4K1KlwoM07T,2,2
3GAekGYLRRWGx0fSNhjZEU,2,2
3GFQEHBTtwNF30ROf0SwoD,5,5
3GHDhZVRhSIrlWdgxch7uA,2,2
3GIhgMadHu26VHLEeXviGD,2,2
3GKa3RctO1YHniUDerjAij,3,3
3GL5VxEIqjPf4BfQb3NV2C,2,2
3GLh1BAax9IkK1TchDyJHq,3,3
3GNCq0cqUr7kQ4lGaa0TVx,2,2
3GOkkTrUcv0ICSznFW2B8J,3,3
3GQ38rNsi6pPAAXiKUP1QT,2,2
3GVkPk8mqxz0itaAriG1L7,2,2
3GXGACK2mI72JpsgD6SrAm,2,2
3GXfmj8VI55reLE5aLl1sK,3,3
3Ga6eKrUFf12ouh9Yw3v2D,2,2
3Gb6tD5PbkbKcwK6XY3zCh,2,2
3Gbyl3XZVeEcnFPiiPR09n,2,2
3Gc4zbfvgZSBEfpd0aWEFb,4,4
3Gdi12wIjkRZgQH47sD2e9,4,4
3GitsRPchZRDyXlE4Aiyml,5,5
3GjRgDNLC7yHdUvcIkptwt,3,3
3GlniCHKF0yjuQBMuYPfrG,2,2
3GmVvoNGooqTx3fV2H1rjU,2,2
3Goq1S2nVTYg1B42CE8Dd6,2,2
3GqUXx8Zp9g0E6oHgV81Oz,2,2
3GqdU7BqLVpP7hBtlncv3n,4,4
3GrodqQ3llu5Yh84wySm9G,2,2
3GsnjW91IJGJlMxzNPNXAY,2,2
3H0ZT9YkGlYH9rNIcB4ysg,4,4
3H1Er6tmf4akNcWW0iIRaj,2,2
3H2XRBhgSShmlFL7xYTIkC,3,3
3H2cHIeqH79jmFsdiPKRv7,3,3
3H36x7buZdQD4687VmFrwY,2,2
3H3x4NhR3wJh6IvRHmPvkd,2,2
3H5r6FYXFJ47M2QHqOK3n2,2,2
3H6D0q6pvzaLyqaMLWGR69,2,2
3H7ihDc1dqLriiWXwsc2po,4,4
3HBifoZvJ5ThoUuYdHpKpr,2,2
3HCzXf0lNpekSqsGBcGrCd,2,2
3HE50TVRquwXe9yv2HFoNL,2,2
3HFjh7QljnUCBLsoTwMuTj,2,2
3HGfHFy44HnhYtJIlQtDqD,2,2
3HHNr1SGtwGG6XKHkvHVJb,3,3
3HHOfa5QV20fxF12JPgLsj,2,2
3HKcA3RHjWhKOKG37thGZZ,4,4
3HKiR4t12GW18bnPUVhx5l,2,2
3HPPcZ9oK7yGmy5vn7OMLC,3,3
3HSWaauCSlQ8TSdvEZYjVh,4,4
3HSt1ZgyKd8MONJ722o8PT,2,2
3HTxEfqYewjSrhtRtuUMuz,2,2
3HdJWzA5iMRweXuY98Dyzb,4,4
3HeZam86SuxGp1wZ3XMIjE,2,2
3HiobOOpSpMsi95WBKPBYk,2,2
3HjmdK69N8hal2kZLIx6GS,3,3
3HltbvkfjVeyjESx3JbuLD,2,2
3Hn3LfhrQOaKihdCibJsTs,2,2
3Hopo6mHo25WpHShkfUQ4y,2,2
3Hops68rNGkSb6cu6WIjFp,3,3
3HqYXUR82n2uenMkhkmIYF,3,3
3HsFSrIsbO54TFDfG66pZm,2,2
3HvgGChFNkR9sTdBSgNbba,2,2
3Hvhm0NXjx5mI0OOkPk06E,2,2
3Hx6jNZYXP4da4Pz7Wa5IQ,3,3
3HyDpKAuR3e4l6QB7hSB2l,2,2
3HybwTm4C1n07gqg85f8qt,2,2
3HywI2jpMgC8CO2bfjluN2,2,2
3I72hk46KJ6MFDtNBjJ99P,2,2
3IAfUEeaXRX9s9UdKOJrFI,2,2
3ICwwENlpH3YPGIqjO9MWH,2,2
3IDF7N86lrcWaJEt9C1gbS,4,4
3IEG65Fi7Zm8cQEEG3uJ4H,3,3
3IEl5LLYsvTEQmnxMaxBQa,2,2
3IExS9dCfDAVCRY0Tq4qw7,5,5
3IGrdj1sjV19PjVU1S3bmq,2,2
3IKUuAJghlmAkjBKbXaGjS,3,3
3ILWwi1JNj3NGuuf6DzYxN,2,2
3ILmwMefYZoQh5Cf5jeuUQ,5,5
3IMEE1Goc1XeMlWUlVMqWA,2,1
3IPpVTudk50Hj4VThfdzBP,2,1
3IQF4xCQUPicbA4hWfTxPo,2,2
3IQUJpq6mibIBNqADClb9C,2,2
3ITKjAINIrsm72X8YUHDGH,3,3
3IUpuyEMIgt4GvEZ2TqERF,4,4
3IV4swNduIRunHREK80owz,2,2
3IW6WWv5CeCgSyNwL9UmJr,4,4
3IWc2l9A8RyPfJpDmtRwtu,2,2
3IWkjBkiR4pHOkaHV52OMl,2,2
3IWztt3qxGNnfwjZFe58rB,2,2
3IYRbqSeqF793DY12sPvm5,2,2
3IcKMQszCEB2xxcip1tSqP,2,2
3IeXqCUNquwfnUQrEXSDnu,3,3
3IgHYw4c6PJ5ZZscM1158w,3,3
3IgXAJImaSIZ8pBF1z1Ucv,2,2
3Iibb3umopLK5z2lZNwKM7,2,2
3IjrDeaVRFEi3GgHI5xyjX,2,2
3InPpeohu4RjhY3VP7EWGA,2,2
3InRkuJj81zjC5MWlFR6rN,2,2
3IoDodkm15b3Gp9v5JOGEO,2,2
3IpEJ86hrMfUcoXCk9U4h3,2,2
3IsAdsoecXwzR4bqOdQvCE,2,2
3IsElc2ardSjI3qVPHsFwB,2,2
3Iu7Mw7EOijC2WgNx6UExq,2,2
3IznIgmXtrUaoPWpQTy5jB,2,2
3J34JtfZNylVXSKN4TDf12,2,2
3J4hiQsMvNGbgx9TndlQcU,2,1
3J5Nfej0N8j9h8n1uKCsBb,2,2
3J9NEWkd9Cx1MwSSvDySkL,2,2
3JCaq3KDSROg3TXhdiDa9n,2,2
3JCcBtwNldEBd3O4hqYDWI,2,2
3JEkQgYKYog4ssYRzsCTZd,2,2
3JRi5bymnIQ2fhIetoOm3r,4,4
3JSltrBE2Pe4lSDOtH5rwO,2,1
3JTIbs8AwBIeyxB6fCzcZ6,4,4
3JXsIGWUG94RE2lMhu2OlE,2,2
3JfHYZKy5JmE5Fv4gDTCiz,2,2
3JiRG3zjef1biea1lH8MJ3,3,2
3JiaA3hvuKu4Fjf6AWwVMX,2,2
3JibLpqNHuIMfOy3maUWse,2,2
3JiyUyibMs31de0hmoeSK9,2,2
3JkVYvxNoGf2HCWJo61462,2,2
3JnXLE2aYxWDPk1OoFHieV,2,2
3Jnxngdff0lVu2rza1GVx6,2,2
3Jslv9Zm593bZHzoYYOzCP,3,3
3JsmrruMp8AWcbEZ4342JY,2,2
3Jv8iVcBGnDqBZY9BERHw4,2,2
3JvKfv6T31zO0ini8iNItO,2,2
3JwyTIApOhgizktLQaVvFF,4,4
3JycZFWWQGXkTTJQ6CoNFy,2,2
3Jzv8kj8UoP9ntmEBDab65,5,5
3K0pvRLfYumuUTFFTVmcTT,2,2
3K2js6iGwWiAoMpCkuJG7M,2,2
3K4HG9evC7dg3N0R9cYqk4,3,3
3KAzDoRRG9BFI5DJ5JA6T1,2,2
3KB4tWuxILPrBCnyV9H9WW,2,2
3KDZ70hGCblHi2XO6DYLUV,4,4
3KDutI0zWNCsVDqxcymKNU,2,2
3KFF8fgf5RLmpSXBrxfbtj,2,2
3KHJcWcCoITtaP8q6XJkdY,2,2
3KJombE6eRPrdrhNJza7T8,3,3
3KKk48f33mlB56F5L5nbJk,2,1
3KKmCToTNy7Mnvkd9k0vVR,3,3
3KN8XPsoTfqgBROxNW6Gce,2,1
3KPwt1LBpt1jVSHz8GXERo,2,2
3KThRpXIa6uyM9AMBpfBjM,3,3
3KVOgVqm8Vom1J2SvgP9wP,3,3
3KXW97hQNrLiObudx0b3ZI,2,2
3KYALFgiqZLKScioJGqz8a,2,2
3KYbhVPCxYHIeZg8Zy07ay,2,2
3KZPBw2GyCEbh2zdsmeisl,2,2
3Kb4kr3DGzzU5OtYqycWvE,2,2
3KbKry2TY2FjT8NMJPWvzm,4,4
3KdWHGx14Di5mW6jV8hNC0,2,2
3KeMulXbLDJBQdY5PZbGEh,2,2
3KfbEIOC7YIv90FIfNSZpo,2,2
3KhwEuqLNjHfsKaBDo1yVh,3,3
3KiexfmhxHvG5IgAElmTkd,2,2
3Kk30svEH2XoNsEvM3jyOP,6,6
3Kkjo3cT83cw09VJyrLNwX,2,2
3Kl4f3sVKb8iwQ8ZffHim6,2,2
3KmqCi6VD4IkonTDO1LRge,2,2
3KnURrjsXA0TDce8N7iOwz,2,2
3Kq3lhigcoPxiLVTsNwX5P,4,4
3KruoUtSkm84Az0bJunnxl,3,3
3Ks3K2RmCxSUcXS6cOvd43,2,2
3KtPFUtvsptrf1cz4iNaJc,2,2
3KzgdYUlqV6TOG7JCmx2Wg,3,3
3L3G4XFQqtFe9a3azMacZ5,2,2
3L6C4MG2zFzZ5CE1JQ9tCo,2,2
3L6EOy5OG9JetMXAbEJQu9,2,2
3L740L9Y186igjbzxz7Vfr,2,2
3LBowMzopgiQjD8UT5x2AV,5,5
3LDezJ0x3UWsC0XXnjM8U9,2,2
3LDkLpuxQlEuEiZmkxpr8S,2,2
3LEgGAl9zLcQWGTp7ptqtQ,3,3
3LF7gk7E5fDz1nRfbFXaUf,2,2
3LK452TFyApuFN9jjg3THO,4,4
3LMjzut3wdkyAM1A30ohkn,2,2
3LNJXM1TJlksK5WnabNqDg,2,2
3LOVW8lNXFD9ZAUDvLIOR5,2,2
3LP5YM7IMwmffWXPE1VBf1,3,3
3LU6ONGkC6ckczjHityatd,2,2
3LXpZ28ebxPHH1aUc9167L,3,3
3LZsoJCKCTVKIgBR4AQE6u,2,2
3LaQzvfIetBWdtIV0JoBwF,5,4
3Lf5fr3itZilalJH51cJVZ,3,3
3LhGRE7ZNOEZhrqazWMYRI,2,2
3LhrqTEJyY0TYlaUhSj5e9,3,3
3Lkm5upAjrt1Wr5d5Y4WWd,2,2
3LlmKSHR3Rs0Y3KHQLAYDk,2,2
3LmYMHpOQaZ8YvgPrXtYJu,5,5
3LpIXpas8lnDrUDqOYyB7u,2,2
3Lru8nq1cKxP9wlZyJXC4o,2,2
3LtOmWpTXLhilL5odoKysR,2,2
3Lu4WAsmpag6CZSN0H3Wor,3,3
3LwU6R57IykpJiB5a4wD2j,4,4
3LxG9HkMMFP0MZuiw3O2rF,2,2
3LzaKDsdKNFvDTiLjGV1Hj,2,2
3M0NUo9eoV5otcWVIPNrwD,2,2
3M1kaOBZv0cvlXK7xYCT1Z,4,4
3M23T72K5eqHI2GzdFMMHE,2,2
3M2bD9SMYnJIPdrTKUnBd3,2,2
3M6NL7PxIDZ3ArfPrBUTUP,2,2
3M6auAoAoVyPGxNxe1jcXw,2,2
3MADBbqQFspWXZrTytVLfO,3,3
3MBcaBv5QE0r93kFG9PWfG,2,2
3MByAkj7whB5uawAx6y5D0,2,2
3MEYFivt6bilQ9q9mFWZ4g,5,5
3MJov5mT64K42o1Rffhblq,2,2
3MK2rvp7XjarzRKFrPGMOb,2,2
3MOKBkpsarb0AfAABcLAsn,2,2
3MQCWVCuzdoP9M6aeXtRT6,2,2
3MRqm3VNWLIjRiLRQezul7,2,2
3MWGKFL4mRTeaksWhbEngH,3,3
3MZm4t1kRJ2e5JyaYQpjrF,3,3
3Ma7En4uWNtzGAhXHVfmCY,3,3
3McXs3tqyP5VwBg4FdiILD,3,3
3MjrueDQKVr6xDDseZwhEd,3,3
3Mk4nxxKHem8rWxdWLC0R6,2,2
3MpGQae6zAFd7Z1FdLV9fV,2,2
3MpoUs3BBbuxwbnmHIxOJv,2,1
3Mpz9tU5tLEkYKDMUOi067,4,4
3MqHjZVMUGJ8qSsqhi4P0N,2,2
3MrRksHupTVEQ7YbA0FsZK,4,4
3MrkW5fnetjLANJpTcWQK5,2,2
3MthJpM1IEYp2ulZe00LvP,2,2
3MtxiqrTNRwtj9EIVDjRSU,2,2
3MvBJsVTKoA3ANpQsuz6nd,2,2
3MxMLje6CKdVgCoA82eBgN,2,2
3MxwkxdOyQxGjT3UeOqCEk,2,2
3N0BsG6OnHao4tm6kwGRke,2,2
3N2rQn3AyLfkJGAS4viDAt,3,3
3N35KfOEekTaN0uctl7gLt,2,2
3N5Cdovy1BB8Wv7qMBwxtS,2,2
3N5pSTLV4v2FZonI4JMRW1,2,2
3N6B80cmfOnaQGG7KWppyb,2,2
3N6QVzApdGF3xInV7HpxZm,2,2
3N9B5b5buHxACNc3GL5oAJ,2,2
3NCg46FWgnANZc9HQHQOQR,3,3
3NEuSQZbVmfQwRuDKol40Y,3,3
3NIsZEsnGH8fquyngVuomV,2,2
3NKUFgqI2sMrtIRGx5IHwx,2,2
3NLHqeIoy2AK2dTxKiG4SE,2,2
3NLm801woJocONz1NmPJZR,3,3
3NLrRZoMF0Lx6zTlYqeIo4,4,4
3NM41PVVUr0ceootKAtkAj,2,2
3NNDJfWMGHuNpvHWTImmlW,2,2
3NPYT4nilQ6YW1uA8I7orI,2,2
3NQ9kBo6RYwjr867eDOENU,2,2
3NRDLYyqIXja0UElvdzjkB,2,2
3NRVfxtC8mYrPoHjKahcng,3,3
3NRrvr3ctGwpV1wLRjgSSs,2,2
3NSKJ8RZVLbK5j187CNoC2,2,1
3NSLr0b5MRGgLM298WQjMZ,3,3
3NTXSjiz2noWd7gbEqd9Yf,3,3
3NUl4ypMgMQcRDvAJkHzOy,2,2
3Nb27pwwcFmJhP6INhri4z,2,2
3NeIv5vFoKByUnjMjMQVEc,2,2
3Nf1KQH090C4FVrjOXrioq,2,2
3NfeXbPEafvsiPtwq5huQX,2,2
3NfxSdJnVdon1axzloJgba,2,2
3NgAAoUZPkxL5mpvUI7Rl5,2,2
3NgApo4U2gMHh0TKXntZRq,2,2
3NiB3v3elOuAy4Ij51F4Sl,2,2
3NkeyXquXyddQsLC9gxXqJ,2,2
3Nku6gLNqnwUuq8GLkqyhW,4,4
3NlzdeBPtuSj89pf6Z1TvG,2,1
3NpbGCDrcQTERaZb5dHhd3,2,2
3Nsxlv9JESIFfOBbupIKOc,2,2
3NuK5xMlSlB6K2Qp16zf3h,3,3
3Nuwv0OCUO3TFYQjxAtRnC,2,2
3Nv85OQTEgxlN29my6unSG,3,3
3O37XtDd4jLmBQCsuwL1AM,2,2
3O3GKvn235mDlufLhfaida,2,2
3O3W2hZSSUDI8zst9u42MP,2,2
3O8b0dDy1Z8BNM81U8DE1j,3,3
3OAFzjwWionh8OfM4kgf2R,3,3
3OB8tXG4qxdvs5Y9cZDsMa,4,4
3OC2C8IpFhbUJTeMe55QYn,2,2
3ODl8J0TZAykdMCtCIO28n,2,2
3ODli2r4fsQnwEFzx6rSqe,2,2
3ODxqsvcsdmG7ucehNSxn1,2,2
3OEibyyCCt9NMNjVlu1ctf,3,3
3OGC0n3jV8RsxOKEjlHhGc,2,2
3OIzbnBlkSnfCNb4Xh1k5k,2,2
3OJG7Q6YeJJogzBv7uLAAk,4,4
3OKXoqt03pPP0EbSQpzmQJ,2,2
3OMIYDXn48Zbb29wRZzgsM,2,2
3OMd93g8K6Pcj6Je3kEtpe,4,4
3OVKJJYEckoVDmU1K3tQnK,3,3
3OYHw99STxBfqoBEov2M5F,2,2
3OZr3vo7SmYpn5XqeQEAOM,2,2
3Ob98mJElVwt9PwhuFqtIP,3,3
3OehKdGklazSDKF9HeUOwi,4,4
3OgRWuUOktuBGTING1oPld,3,3
3Oi0avSYPw3ZAkemFGwr6U,2,2
3OiUOulzZiEfaADvJNR7wa,5,5
3OiiXdJXUZVprVc43nkYEt,4,4
3Onhy5g3mo0laU0Ny1PycZ,3,3
3OoivGRgydZVFGzXh77rEA,2,2
3OqucjwU8VsOF6AzSd1XHi,2,2
3Oun8NLTny5NXSZFAxcFKU,2,2
3OyFnnvG3QAXpkeviLxj4I,3,3
3Oylj0SZiK5tpFn5BXYEpZ,2,2
3Ozm6fHAbtPi83PO9tofH1,2,2
3P3pw6C19j31Rnzgo3JG7o,3,3
3P4Lsg2MNqG8XLXZJUo4GT,2,2
3P4Vcz7MhJngRf8WUAaoA0,3,3
3P4lqTLBjHHIqszDF8xB8F,2,2
3P5xhGZ3c9tOmyvpiTAvVn,2,2
3P6zRJ409f09GI1iNwjcpa,2,2
3PBDQtzQWiw4VMb9GO3CiM,2,2
3PCc1VuBDxg4V00Tc1okLM,2,2
3PDNGdhCtiQemL14eKhCup,2,2
3PDf2Xk2fHt3EexYRrVS0j,4,4
3PHVj8LcrqgZUhS5LPAHc8,2,2
3PIFvuzwRjfQgxtr9QwlVJ,2,2
3PMQvsVUEOMWsEGsSGG0aA,3,3
3PNLqKBbWaTBGt9Y1lM1eB,2,2
3PRbWWHsoU1qLKSSVWe7Es,2,2
3PUIguYpwKFXmfGD6uU7Jl,2,2
3PVczFr0abPSkgcwjXJJDh,2,2
3PVxFrXLdtISm3MSyfkWUk,3,3
3PWLkx5sHMLwfWMih0CjbZ,2,2
3PYW3j5X7x7xctZi10Mjga,5,5
3PYi6X6VPkuVO42zP4fGEP,3,3
3PZut6IxVN6OBwVxkZGgqc,3,3
3PbWdhzRwiqdE69Gu1wHd0,2,2
3PcKYVcZNSsLqI1xzXV5Aq,3,3
3PfEYl7Yn6Pegnu8tQ2UAK,3,3
3Ph1IPNjUSGqOWZmlrjA9d,3,3
3PiMbgO3Ac7JaCOvAzqTgS,2,2
3PjMtNzwhDHqxoKudm6GvF,2,2
3PkkD1dehbjNwhXkjs1CFx,2,2
3PoWhCAPuEcdK3HQxPzNsM,3,3
3PpMfZDmJRjsiUCUwYPFqT,2,2
3PpW8wtylTjANy9OHm8k53,3,3
3PpWCS95gDUDRPko3u1MZ9,3,3
3Pv0B02xwtEzRDmznY2JPz,2,2
3PvhJcV5xv7E1ImIfbRYeM,2,2
3Pzh926pXggbMe2ZpXyMV7,3,3
3PzsbWSQdLCKDLxn7YZfkM,2,2
3Q4cgQC7JgtXqDcwZJ29Pp,2,1
3Q5JcxqKmSE9hKGk3WmspW,2,2
3Q7o2zzvXj7QiSCumjBpvu,2,2
3Q8Jw1UCAQSMeGNIFfWNSd,4,4
3Q9ASh0PbZYKLoTk98Cvwf,2,2
3QAE1arPJAMVKt3NUqjikE,5,5
3QAxGU5rQVhTsPYVuRBpIM,4,4
3QBOSFnhe6GrJKAOrm9Hij,3,3
3QCL4FJOSqLrFDJmcdNSbA,4,4
3QDVjlsgentnqGO3o51ADq,2,2
3QEJ6F9JMYN2iFuWI2AVK3,3,3
3QFlqpEXLKXpU56dENcuiy,5,5
3QGsuHI8jO1Rx4JWLUh9jd,2,2
3QHqCKdJBiBfFkN61NR00m,2,2
3QI2FbgxMG42vJjqNEHOP3,2,2
3QK2bbLCTGoFXFt64e5TBY,2,2
3QOGTFn1wCRLcmTccdPLtP,2,2
3QQjfFpoCa8qIDXfg8DaBQ,2,2
3QSm1p0T7v32OXzcQ70Imd,2,2
3QXEVqeemynLGRqke5zOrC,3,3
3QZ7uX97s82HFYSmQUAN1D,2,2
3Qh65CXtBe3vKmWe5fYbuY,3,3
3QhLwMZzScNE9NjB9R3qC7,2,2
3QiAAp20rPC3dcAtKtMaqQ,2,2
3QjDM9cyPgpKVnifHsKaXp,2,2
3QjIdDDKoZRyfWDKZC4Ayb,2,2
3QoydK0LFOpK0JnfIpCffR,4,4
3QqHt507QJZCzluEYsnv4u,4,4
3QrRKBM0VEI2aVIW29Fkp2,2,2
3QslWf6jjw6f0by37Zrupd,2,2
3QuH98etXysoPyuRqrAUms,2,2
3Qvp6nDPHp70nejdyYR4Nw,4,4
3QxgqValu8ixOxyTIabqJG,2,2
3Qy7j6GkdY3ycf3E7dxfpJ,2,2
3QzBzeXfDNR15U6X98zz1q,2,2
3R073bM874OdRBZvEPzY7N,2,1
3R2gIWAXOAyNXTmfxMITwK,4,4
3R5pd8Z7X3MxaFQphHSUaH,2,2
3RAFcUBrCNaboRXoP3S5t1,2,2
3RDWPnDrE0GTOaYTqpeX3X,2,2
3RE5nHIVkC4KcA7snFaTKd,2,2
3RFL9hE5cBocBsjD5XLJLQ,3,3
3RIeNvIwO6ZRMLiwla7DdY,2,1
3RIocixkIDei7AF3roZIPA,3,3
3RJLtCGaNscT6SBfuIvlQE,3,3
3RKtXovR95eJLBlDSqcpvP,2,2
3RO0U62c7bMxszdLDd3NXi,2,2
3RPbT6nXH5Vn5Ui7Gowh8d,2,2
3RU4IbiteV8v6Haa7sDrOV,3,3
3RWAeIE2pfAeIvvsSn6D5G,2,2
3RXAcz7Sa6JDZSxcH1EEQ6,4,4
3RXdPd3JIR8oZnWljpL3dS,3,3
3RZnAryVznQwgFCGeqjeAH,2,2
3RbNcjVnQixKa1sULcwd2K,2,2
3RdQfyk7BBxxIx0zSnCBIw,2,2
3RgEkU0pFALv7sQhPlaFLd,2,2
3RgQFleuuQKcCmig9ItyxQ,4,4
3Rguj1t1DIaFWiIxg1uC9b,2,2
3RhSYslhNvVrJXRXcoerhq,2,2
3Rhdi0DwTrUoNAb0utxgbS,3,3
3RhoJBbU3aXy4hO9cFQZEL,2,2
3RiRFyvasDtAv8n0AQUKFG,2,2
3RkQ3UwOyPqpIiIvGVewuU,4,4
3RlsVPIIs5KFhLFhxZ4iDF,4,4
3RlwtjeKhemCfiPvwMFozS,2,2
3Rn21K5Te3TUM0AcFtisuX,2,2
3RoHAivw8gRyzlWDsvbFTB,4,4
3RqTWAc3noEuDS5B0BimD7,2,2
3RqU6RJ9TiTN0AAGiaq7hR,2,2
3RqkIWvQt2OZzEU0EzV4IK,3,3
3RrBcQlMGFdFtz1JMIHaK1,4,4
3RtP7chdHFagVWsEmi1yux,2,2
3RxaQR8u2FykPkolQJIxiE,2,2
3S1x2oj2T4CL8pnJON66qi,3,3
3S2S5Kqs95hRwVXSL4nBpO,2,2
3S3MAk28b2evnivIWkDshP,4,4
3S4LzCSNVgwPjI4K6vsCUB,3,3
3S6JPjGXviwy7HOOlAzmfB,2,2
3S7NB9yGDk4HjbHxkqzgK8,2,2
3S98gqCoHJfmr8QP0tWVL7,5,5
3SCYKwSFwlSe5xEvVlcP1W,2,2
3SErMoIKdRELto2OspGs5L,2,2
3SFXsFpeGmBTtQvKiwYMDA,2,2
3SH8GHdwJGXnoEmnCbPpJQ,4,4
3SKzTIl9mW0DadTys9SFo3,3,3
3SSp8LMvyCmm0rlwpxD4LQ,2,2
3SWT9eHwRgEnVTzqE6yDiA,2,2
3SWqGa1J0M7hSBUDM0KePD,3,3
3SYO8wU4bEgIYt7AeGRIwG,3,3
3SdJZFJWYHymvxUrMPAXdQ,2,2
3SdTKo2uVsxFblQjpScoHy,4,4
3SdingSsFcZDZAyvcJbgAw,2,2
3SktMqZmo3M9zbB7oKMIF7,2,2
3Skzc6bYZur8BWZhfUpAP1,2,2
3SlKme42qm1vWrkl3BrZmm,2,2
3SlQVRQAgsc6ac6UBM9dIk,2,2
3Sm8TZeE54N9pWtAMK6qQM,3,3
3SmRFCZCqbsFUl4yhNDCGW,2,2
3SneyeUpTaZfmdT2LeEAhk,2,2
3SqWXTR40ETna3e4EHYTHq,4,4
3Suli2OnPcXOOH8z2sR2pu,2,2
3SwBBFgL0XMK9u0v9H6aXq,3,3
3SwGckHGs2JAMsRMOsYfN4,2,2
3Sz7Q3D89jYaOu7F8MXUxh,3,3
3T00mhdOYUuM5yiuPs3xhs,2,2
3T0oPETOdddxJ2xTt2qJe4,2,2
3T1kFqevhSk1AvF72lf3VL,2,2
3T5o2gOsExc13J9yfo1sPF,4,4
3T7aiE7ZBhAbj2xUzDCMUF,3,3
3T7gFooBRI9cyFPFc7lFNx,2,2
3T9K3rHpNZrcXAnlMBIakW,2,2
3TAxLyCtWcLqPBVE1rtj6k,3,3
3TB0OtQMzrPoNcmXfUMVzC,3,3
3TETmhGNWOcquUTtcr6RIR,3,3
3TFAeWBzFdIfFWF5eLRph6,2,2
3THVNKs3bdQekA02kK1hWD,2,2
3TKpJrY9q49Mj1JOsM9zGL,3,3
3TLpjiEOF1b2jbzp0SqBB6,4,4
3TMVkkIla170xIiuUO5WiI,2,2
3TMvKeEMDeZNzeFeU8kJCx,2,2
3TNUCQeXAALQrTw7ANSEoB,3,3
3TQKZoYr4tH2YeJ02bcw1m,3,3
3TQbr3G3U5wlwEJejmqC1F,2,2
3TQmLgeTRbZfabmAEC4Mbe,2,1
3TSk2ns9rVF8kiYOSuNx3r,2,2
3TTkE5EJF6pkyZYvfv9tCm,2,2
3TTsR15N3XY4G6z7F4eMwF,2,2
3TXrdXNa4RSLeGywoYrVUU,2,2
3Ta5OTDDDLmWcVXeQAobZ5,2,2
3Ta5ZwFTSBbClZ2ezFjyTy,2,2
3TaoFBplKZB4AclYV2cDwT,4,4
3TcL0dyCMyr0kyTTc4NLgI,2,2
3TcLpvKAtmPjLOAnYTXqNv,2,2
3TeMXdcKef8xeWrjepm2IP,3,3
3TfHKaSjz2SnAzIMFbdmWj,2,2
3Tg8JctqoeIwZ3Rue8BjaI,2,2
3TgDMAVLGG3jM15i810cbu,3,3
3TgMcrV32NUKjEG2ujn9eh,2,2
3ThlyeP5Ojwsc4xjyooleh,2,2
3TjliM0xQ3fkza0RpINRrq,2,2
3TjoLn6AliBGi3QbwwTxKp,2,2
3TmnUIbelFiDzrhZqavHU0,2,2
3TmpdfRQpuPJzd0j7gqED6,3,3
3TnVzwHRytGd8Va9jn6Yhs,2,2
3To5owsnumbjenW1G5j0VK,6,6
3TpjrKlVHnR6KdSPc0CUOn,2,1
3Trk97TnEvpYk1iIcR3GRq,4,4
3Tu1j8B9SO8i8VSjd9d2kB,2,2
3TueOW6lAP9mAcRsdcRMsw,3,3
3TvjBWbxOJSxi3qXk1zWQb,2,2
3TvqmnfVDMnwdhrtR9d30h,2,2
3TwgZ3wCKwObhP8qNkbLYR,2,2
3TwtrR1yNLY1PMPsrGQpOp,2,2
3Ty7OTBNSigGEpeW2PqcsC,2,2
3U3WDXdwPyih1ZHawJyUWK,4,4
3U3ldQDVrkEoGYCxn9FlYi,3,3
3U4aD5lR1h9WrO3eUPaf6H,4,4
3U5AxhGSiPiGbZLGsTNhXA,2,2
3U6726RPDdw6JshdT9fGFM,3,3
3U6GNFtiY6Uql2KzR0dvNw,2,2
3U6hIh7QeGaFwCHjvcHXdb,2,2
3U8qMRVBBYTD46V9Y8d621,4,4
3U9gogDStAfWxSm91PJuxb,3,3
3UAcFSrt3b8pVbJ0Z1YGSE,2,2
3UB2Y7skTzYahnGGjCPCYs,2,2
3UDfuH2TIyuc7W5V6SKXMz,3,3
3UDmHZcBTQp8Iu8droNtUl,2,2
3UFZkGoRoqZD2gp0ayZlM7,2,2
3UH9f1BgM6HZh7pd0z5jbw,2,2
3UHsjDehR19ONOLZF0eScQ,3,3
3UHv8SSIkNUDRBUHJx3Cg6,2,2
3UIYKqvEWe4SoTqP3504ZJ,2,2
3UIZQZjOU6I2ru33kRvcV7,2,2
3UIx2TTrnyoFkE2jVAzFTN,2,2
3ULYRogM46zGLQ7IvPI2QU,3,3
3UM15EeyHsRCbbIym5bmIt,2,2
3UPxTUgfoxubx8fC3wOJ0P,2,1
3USxtqRwSYz57Ewm6wWRMp,3,3
3UULkHdmLDqBDPmBYltoRE,4,4
3UaQy1ix1NtWK6rh63PVkn,3,3
3UgiXDauVuj9HZKzFY8TBL,2,2
3UhXPxLDFKCj1ZO6mmtV0a,2,2
3UhmuWcFaLS3AO3kI9ynQ2,2,2
3Ui2Nnw7T9Jd9tYI3jn1vZ,2,2
3UjjrTMvKDLd5SfDR0eKtV,2,2
3UkPmK7Sk0wuLXzVnQihva,2,2
3Umg8CDhO8dOSj7yBTInYb,2,2
3Uo9rRELbWvuIvTBPL4KPq,2,2
3Uplo1YrIFa0cDVWef5ytf,2,2
3UqVIJeExhrTP6al1RpHii,2,2
3UrnpCBQyiWGCbZvsJsdck,2,2
3UsCeel9NuKKmpls5B4osK,2,2
3UvtybfMQHkrcv44VdUlbP,2,2
3UzG9lnmUswPscvRfVmHcv,4,4
3V33m9n9gtnal5rSwdLjYt,2,2
3V8UKqhEK5zBkBb6d6ub8i,3,3
3VB2Q9iWutZLTiBYNcNFHO,2,2
3VBPPIu4MGBnMj4SF8sJBJ,2,1
3VBvV5wMMgEkrXqILx8JnB,2,2
3VDcmJe6TSGy3MfjhHdDOX,3,3
3VEOc7GOcyFuovS2JRL2Lo,4,4
3VHNuIXr0uRzVFsw6kNFPW,2,2
3VNA5SrCXtBs2xUbA5bgpY,2,2
3VNFbKbn4OjojpFxLzjRt1,2,2
3VOgOT6SNjrRjhjuisphY7,2,2
3VQWkf0zg6397V3ql6mwMq,2,2
3VS1hkofsGq4NwkYdAYL1l,4,4
3VSH4Sf48KMwRzt788M5B7,2,2
3VSz3gkrE2CGeiRPkgsZT0,2,2
3VUwjqEHajKn7LXUAbQU4z,2,2
3VZQshi4COChhXaz7cLP02,2,2
3VbGCXWRiouAq8VyMYN2MI,2,2
3Vh4nSqr35BOdINsqosOph,5,5
3Vi5XqYrmQgOYBajMWSvCi,2,2
3Vjfh7FoOIg6lRDsFNbVv7,2,2
3VkflrITuJJqaujM7jtOeh,3,3
3VkvzbeQQsT76NUwdVGToF,2,2
3Vmo13MxVRKBszmfK61ONH,2,2
3Vnes7v746dYzBn0FJTZ1W,3,3
3VtTuQ6lypMoOBcm6VMzdh,2,2
3VvA1wSxukMLsvXoXtlwWx,2,2
3VwgtTh9D0CubY32jdhI5U,2,2
3VzGCVwgAcb02DXs8ORuDz,3,3
3W02UysGQaPosS0RaZ9GvN,2,2
3W1C4wM0iCWNlu5kJWKK2t,3,3
3W2bm5HR9tnS4ENFNJJ4XF,2,2
3W2reBya7FkjHCP1B2nmQr,2,2
3W3masBDqqvAVgt1C89klS,2,2
3W4BmmQVuhF8rBUQY3Ga41,2,2
3W73vndiqDkaYwYjSMaSWu,2,2
3W81HHbWbgd76fOpm9XMEm,2,2
3W8vQte87Y6rQt1v1ZzndA,2,2
3WATWS2Ywo5HeHtG0bE2iZ,2,2
3WB7O03A1THXLWrtAERC3h,2,2
3WBJcwnBI1eocuhkwTz8dg,5,5
3WBRfkOozHEsG0hbrBzwlm,6,6
3WBsWNtL054HCFz7UUGK9e,3,3
3WDLiY9zgCqDLEdUqsPJTO,3,3
3WERezDCiZxIDfghCax9uJ,2,2
3WGbBvjAFGRRb3nyaLiOJw,2,2
3WGbvhdIbSsl9V6DkfMP7A,2,2
3WIR67KyQUmujJ3g1px3Fz,2,2
3WJaypEGPAc0GH4l9ouoww,2,2
3WMnYYRj4VmziUS9Fzey8p,2,2
3WNkXgWEXtp7QQBYjAfzxE,3,3
3WYEZgK2Ux2Qvm3HK96cDG,3,3
3WbphvawbMZ8FyqDxYGdSQ,2,2
3Wd1EKFFLy7HZeZF7PEIge,3,3
3WdJ1JlLajVO1yxbgifoZl,2,2
3WeWaUyTww9gLKmimlwm5w,2,2
3Woeg6S8vTWmrusakmgoPz,2,2
3Wrjm47oTz2sjIgck11l5e,3,3
3WtdWGFcbmVi2uKMcT4KZ2,3,3
3WtsQAngIkmcNeqVeK3fXQ,3,3
3Wv4hvtrE5Dbgzx7B2PCMt,2,2
3X0K6fII7VIwL1URPrp8Ko,2,2
3X0Zk9dmswnfwMI7tF4yD0,2,2
3X1d3Krb95sCtZ8ydVDFDY,3,2
3X3BiiDYiPVIn5gEpO9HiF,2,2
3X9D8xFPRNIWKSonfedpsZ,2,2
3XC7Jd6SfrQYKZJ6inyRHK,2,2
3XDeeP9wBZzGhIPZmLfEEx,2,2
3XERD1dJsm6kLPblCwgdJ1,2,2
3XKMO7tvyyUmxRvlJGhYQm,3,3
3XKXa1U5reVWFTvGlBbJ7B,2,2
3XQnDqrSRUlsLL3hVFw4MI,2,2
3XV5r1cMB2AlD2ir0v6mfm,2,2
3XWRc74od1pT7MUkGiJmoW,6,6
3XYRV7ZSHqIRDG87DKTtry,2,2
3XbsE5TVP2vuzHNbu859Xq,2,2
3XclwoQxz4p6Dl7VUf90KW,2,2
3XgLyBDVXEl9IcEQl8AL8S,2,2
3XgnTlLJymGvu9q18AgUt4,2,2
3Xi6BMBRtkRyfOxNlfvCcv,3,3
3XiuaCjVPCm287HcsRerIw,2,2
3XjAgiBvWBKu1tHSLTgffX,2,2
3XjN0mvFkQp1FMVM9Ro5hm,3,3
3Xls4cNOwy01dtrNXb1inG,3,3
3XmIlmYem8DGp7aorcpBay,4,4
3XmlyO6IhBbhvWszwk0ZDW,2,2
3XoflnowYPFRPOh3uFvHcm,3,3
3Xomal5ygcaPbGUwVqVtEg,3,3
3XqeCa35dmtFHc3oByja3N,2,2
3Xrasa4unuME8UMwOnqIP9,4,4
3XrzApq8R10O6WwNwMw8t4,3,3
3XucsgiwXb8KPn9Csf9Zmu,2,2
3Xx8DDgvddsYPnxTH2LXsd,3,3
3XyFQxpSlGowWpZkIn3ISA,2,2
3XyIbSdMnBv3nCbnqVjH3C,2,2
3XzAKoTEjmVCZLi118Yfyu,3,3
3Y4rUyw7XBCK6hGHCOt6rp,2,2
3Y7fpFZbHLpAvWJJYGehz0,2,2
3Y7smguvy7hyxWaklqTdqQ,2,2
3YBI2buUJJOgjtPB14dO7v,4,4
3YBZIN3rekqsKxbJc9FZko,3,3
3YCgsV8Ex1gEPtzWZFHLOZ,2,2
3YD9EehnGOf88rGSZFrnHg,2,2
3YEJdEdn6Cxn2RbxSvPQU3,2,2
3YJIq3N5IQy1hhkmUnt2NM,2,2
3YJhk1j7I3JGekpNKVf0Jn,2,2
3YKMXuivrbHooUtf8jfEgS,2,2
3YKptz29AsOlm7WAVnztBh,2,2
3YL4zMqcyFu0OfLI1sZ66Z,2,2
3YMx7ezFrrHJIlEbdhVB42,2,2
3YNuIpKlMbdi47VdQmOEq2,3,3
3YORO9Xcw4WxsAUPLrlkZe,2,2
3YOZLPRiTuYgItSGO41gPT,3,3
3YOZWCREvKsxhcZNJix5xd,2,2
3YQ5NYk2legzeloibRyXn1,2,2
3YRCqOhFifThpSRFJ1VWFM,3,3
3YRj4jmwois2ctPnhwSwFo,4,4
3YZYk5HPmrO5GUxY3g6R99,3,3
3YbhQokqKwFuDTS7mwWgmP,2,2
3YblgwBrb747gUzuh2CgYF,2,2
3Ye5icBka8ODjcaEQakPvZ,2,2
3Ye6hOjAzeXq3Kc38mUCGS,2,2
3YfG9ch4qcYbDhwVtDuzQm,2,2
3YmXbD4Tet9ctaCijuVJnC,2,2
3YnYk0qaBuvIHJ2YridqZS,3,3
3YtBnp4q2Trhu9Zv09ErQl,6,6
3YuaBvuZqcwN3CEAyyoaei,3,3
3YvEJX5kgNn5VCxroKxwQG,2,2
3YvutLE6lwEyW4WMF5FIi6,2,2
3Z25k4ZF6QENy2d9YatsM5,2,2
3Z4ZuDrY684IFTBz2ze708,3,3
3Z5bdTJfjTvEJIzA27Jtk6,4,4
3Z7CaxQkqbIs1rewKi6v4W,3,3
3Z86aT11fOYi5fNiUxwjgm,2,1
3Z89RotYgrJTD1CNJJrp0n,2,2
3Z8FwOEN59mRMxDCtb8N0A,5,5
3ZCLZ1tQf9Pcl2UO8s6JnN,3,3
3ZCUoHByl6bizZMHPQF5v5,4,4
3ZDTsC844hg77dU7JxFFy8,2,2
3ZEJ9Km0dHJee9CJPmP1v4,2,2
3ZFTkvIE7kyPt6Nu3PEa7V,2,2
3ZHpTrilP6f3XLX9THTfoo,2,2
3ZI3sK9ZJB3LOiZtCs9l3p,2,2
3ZIHR8fa4ELkXo6fxwJ2St,2,2
3ZMIt1rkP7nFnqwlVDIPVa,2,2
3ZNOzd4hnbbjTfMvebFt9D,2,1
3ZNhFhshMLjGQraO4pvpDR,2,2
3ZOEytgrvLwQaqXreDs2Jx,4,4
3ZOHuwn7Ok9azfFazDqNBe,2,2
3ZPrcLz9peBVWyYZHwx0DI,5,5
3ZUGQQQdTteMWdPg2bvLsp,2,2
3ZX84QuHbl50xlG4E1rcHe,2,2
3ZYKbGJ6I5adT5ozf0N6OH,3,3
3ZZQjq7oKWViVJNx9cdpYe,2,2
3ZZylGjSiEbOuBe34oYTDQ,3,3
3ZaTTeOT3K820yThVN6zHi,2,2
3ZbWEeC7kBVrGBSMV1p5Xr,2,2
3ZbbTKiMX1p7S1hUXtb9SO,2,2
3ZdGKlRg1491PKPFkAEBph,4,4
3ZfhmhDh8IYWtUrjmf3hbk,2,1
3ZiQhpxFm0a0enRUkeeTfl,2,2
3Zj9WSEjueL8UecCOC67tT,2,2
3ZlCSvH7Cj86NLMPZplXTU,2,2
3ZlJymoYg8vq3y9Czi9SRs,2,2
3Zm6QMBYCwNZFUOmVBoVhA,2,2
3ZrDQ6aVf4mzhKIjYqOUQU,2,2
3ZtIwbJDYiJNeJEs2CuvKV,2,2
3ZxYktDahEzqvcRPiRje2l,3,3
3ZxhAXfP2hP1z5eppR8RuS,2,2
3ZzhV6JIDKWvWR7wiKWD0C,3,3
3a4TQLZxDovXEdZGN8McsR,2,2
3a94TbZOxhkI9xuNwYL53b,2,2
3aASdbXPrR8U86sDuEbiOq,4,4
3aAgQEbQUFMhXqk9fz3fcK,3,3
3aBDYp4ANN7YWKuim4fChO,2,2
3aDhgouoRk6awklXL4QBGQ,2,2
3aEJbbODCrHdZh2qY6dRy1,2,2
3aEa8kLrP7g06mBjv77Eyu,2,2
3aGoCk2EBYketZw0ccbsAX,2,2
3aHgHY9x68XJ7PWdVgsrS0,2,2
3aMIgXaB04SzL68n4lMWLL,2,2
3aNYxNtZq1AqLEYPKdx9F0,3,3
3aTJREDBpFWYhR5m4i48jO,3,3
3aWmJVDmjKtmSCLLjUwJ7r,2,2
3aYBjxTMvrEOP0A0UXg9ER,3,3
3aZQQWGNShP6IzzaprPlFX,2,2
3aaoirIsvuAPSO0CEBvaMq,2,2
3aauaXWRgwCMoykMbI0Jq1,3,3
3aawXLnJpcDVXCl1UUksAW,2,2
3acBQxxlyb0jC2xqndDzSf,3,3
3acDxTLevwJv7MKQFFLstu,2,2
3afkJSKX0EAMsJXTZnDXXJ,2,2
3agQa2P1Kr5YAq58nvIT8t,2,2
3agtg0x11wPvLIWkYR39nZ,2,2
3ajbqS54UTMweMp1x24DFN,2,2
3akr0ZrJxLMBLIFeNNKffW,3,3
3alsIYiOE1PygAy2k8s2kO,2,2
3amlmVUPqwrmQwNzx4KSx1,2,2
3anT9gauleMqI8Tp1ozEq8,2,2
3aniWcwiiYKHpm3F5TdeKD,2,2
3aoIw20fhjGMoXoQ38EbMS,3,3
3ax0rfGb7exLtl02LL08U9,2,2
3azYR9QnGLAw72TQDjHKV8,2,2
3azimpgpNfUiveEj1SIHqh,2,2
3b4CT1QcTUXjxxhclNX5UT,2,1
3b5Li4QKDVBx1x7fQuu54a,2,2
3b6HTCyw1znOo2G2QKgdi7,2,2
3b9acRXnM18tDliMPrSi4R,2,2
3bBXlTx0UWIb8tITXofKLQ,2,2
3bCp61o3h46Yvr0vgMJlaL,5,5
3bEkAkaKjxaC7DubsfCo1t,4,4
3bFCmv5uojftAq9ZeZFDUZ,3,3
3bFORvJYwT9dX2qMGgKTn3,3,3
3bG1B0UTDX0UYg9qeec3gL,3,3
3bNv3VuUOKgrf5hu3YcuRo,2,2
3bOhb40pWro9luZoncrHfR,2,2
3bRDwPweJL0BAvh4EfpG9u,2,2
3bSnXuCoMpWKCR5jO5gGTL,4,4
3bURbpWSxXGl1R741ekg07,2,1
3bWAqKDWg6u1davspr5IkS,2,2
3bYUFS0H27cU8A7DJW0AOY,2,2
3bZ71uzfkL02az18Gi1ZdF,2,2
3bgKVqn6LRjdpuFNpJ3rSq,2,2
3bii9c40VDelxLZqD8bA5v,3,3
3bjfZcKL5HZOahNAA6v5zw,2,2
3bkgyThZ4ImhlQNgVRo850,3,3
3bujX7WKALRQGlVLEg2QSZ,2,2
3bvSoEdHqhDv5jmIP0qfIo,4,4
3c1MH4Rr0z7HP86NKvJkGL,2,2
3c1tJAYgROZEdqRfm7Wsny,2,2
3c4hmSnBQvLyQ0nDycpzAx,2,2
3c6Po97xKNPfm733Zz4s3e,2,2
3c6SgyYJCw8GyJQVAXPMF7,2,2
3c7Doe67vpPgqUo2uRFyVO,3,3
3cBbeY7DCckx8eEQ70AM5y,2,2
3cDDx7zg7t5jHdXNrD9H7C,2,2
3cGTVw2edl88fQqQXy3m6P,2,2
3cHu1UqgGTMPLiGrWDQHVC,3,3
3cIjfIqsLjCkuO31ycSBxP,2,2
3cNFB4y3aon3pmrVzsmv0Y,2,2
3cQGb2POE359G9WH81bF60,2,2
3cR5ZtQ4JqGj4VHBb1gvFf,2,2
3cSHn8YDBsq4Tlc4RXKSUe,2,2
3cTJHpoAx4DRKBaVmBb6eU,2,2
3cbSwpMhYwcwijm3d0J1uJ,4,4
3cdvpzOwafSUPewl5M2jZL,3,3
3cetxRqZToUg1EnvcmOd2J,2,2
3cfOd4CMv2snFaKAnMdnvK,2,2
3cgLxohD5Xscb1qBdmv0bp,2,2
3cgiI7Llryl95XQTAjlVSY,2,2
3chiE90csYmQ8UIZvuT9gH,2,2
3clj22mW4k1FADb751JYWc,4,4
3coeo9H305LiuDbXXn9ANe,2,2
3cthRwQ2X0SNTaauD7tjn5,2,2
3cwXKrP3RuQ6vlwvwUMJcZ,2,2
3d2580DKGk2tH3XrTFiRZf,3,3
3d4oqD3MLxGgmYcKwDcnES,4,4
3d8bY8zUpWKCvCndoKDYWC,3,3
3d8oIEIdoU2ZWVmiGvdGCE,2,2
3d9DChrdc6BOeFsbrZ3Is0,4,4
3dAGc0wKiD5ejsXVfEzsyT,2,2
3dAiWRwZXd8pEOhItkkZXb,6,6
3dApO0DoZinSPrKKPhoKuz,2,2
3dCp6utdXDkWOnG6eHOdqm,2,2
3dD9yyYTQ73SZvyOygyKva,5,5
3dE99KYI09Vu4EkTTyi6sQ,2,2
3dFyht4qagMu8Q2Ewoj9Wg,2,2
3dGFeK9WTwj2PAiQoaXMzB,2,2
3dJajkgfSOT6TUYdobJgbz,2,2
3dJj6o9o1fRgrojWjailuz,3,3
3dJjsWCy6ZwMfw5NbD226G,7,6
3dKlTiPC2NTfrnlmM43TuX,6,6
3dMRil39iTtAD8wLV46W8V,2,2
3dPQuX8Gs42Y7b454ybpMR,4,4
3dRjPo78q6rb7vaRElKNRl,2,2
3dUXPkCP34x762v8cOJTRt,2,2
3dVMeI08Of33bjSELmtSqq,2,2
3dWXi0xNXqtBEjjbxwVbua,2,2
3dYD57lRAUcMHufyqn9GcI,2,2
3dbgI7YYYJjjx9so4crOLj,2,2
3ddp87sShpWPenS7M4t9uj,2,2
3ddsRCIG5TcpytqsfTOnX1,2,2
3dhPpCQvw3kn7so6mkTbJ3,2,2
3di5hcvxxciiqwMH1jarhY,2,2
3drvdWPoajpH7BmXdMj5nl,2,2
3dsyqPDiWYYilRZNBxgxHE,4,4
3dtVijGXNMyi6Vhgsdj3hg,2,2
3dvkpe9FEekxxgaQtxOHQI,2,2
3dwDBE5AMcHLxemIAEp2xb,2,2
3dxiWIBVJRlqh9xk144rf4,3,3
3dy2ur3umSQRJMGMkxytxS,2,2
3dz63QjQVZy7RYPzx6l3JU,2,2
3e5yu9MkIvQx17mm7LF6KY,2,2
3e8V29PYhoHxZY9lQ84Boe,2,2
3e95Yjkzhw8oR2pR1BPQpI,2,2
3eCnsTxwGCSiADS26T5ES7,2,2
3eDX2SnjVRG9hh0v074eEO,2,2
3eFoAIpRrhGCEISQxnoNFI,3,3
3eHYnUFpEZjnTQag1EVxHC,4,4
3eIL2xOWktD7xXkXoQ3uHs,2,2
3eMOYZRLqXMBw9aqaFR92P,2,2
3eNSC9m8CukWPWdef8znPg,2,2
3ePd4K8tcdfr7KmbuOTrKK,2,2
3eR23VReFzcdmS7TYCrhCe,3,3
3eUJpP9sVLaAzADydIRezg,2,2
3eUOVnvVw9ntGUqJmHKF1J,4,4
3eW14mA7NcMwILMFXiSiLj,2,2
3eWGXDRk1SH0tyWFWReRpm,2,2
3eWjl48K6Kgn5Vr7iKWsh9,2,2
3eZXeTzRtqFrpj5zSfw9V0,2,2
3ebXMykcMXOcLeJ9xZ17XH,4,4
3edqjLVQrRPLvt9FAYUAsT,4,4
3ee8Jmje8o58CHK66QrVC2,2,2
3eeXheDly8DDlf0MXkNOrY,2,2
3eekarcy7kvN4yt5ZFzltW,2,2
3ehzxWtA5tXu8o3zFdhNSq,2,2
3elfs833jEBAz1QkXm6qqF,2,2
3enLmvppgGgo2AGl5whW0m,3,3
3ep9xmBBCpieRlWuIEc4xy,3,3
3et3ldx15qAilZa1ErXaS8,2,2
3evG0BIqEFMMP7lVJh1cSf,2,2
3eyxh8xkW0X7k1FSHlAatt,3,3
3ezoEY4TKU8frUXAYFJstC,2,2
3f0E5V6vuiJ0R3c0p6auBQ,2,2
3f0wz6zcA7XkQiGm0qNF5r,2,2
3f1ChZHm6v4KdUaEW5y5qd,2,2
3f3FDZajRpcLQGln7OZqdi,2,2
3f5lA8nnc4YYF1qf78WpHw,2,2
3f77I6iOw8H3Ey7VozEE3k,3,3
3f8FukwQQGIx1GSGbDEebe,2,2
3fB70pYlNuZCm29h41d9Rm,2,2
3fCO1n6l7yekcNRDRkoJJ4,3,3
3fE4iICSl7VJWgzlwov8LQ,2,2
3fGW43fnu3OHEw6ohTC2Bw,2,2
3fJOii1o5h3nWWDfpFAjQm,2,2
3fOytJcDu5uW8OoXSFhBua,3,3
3fPCgkC6BsI8AHyKc9XLL0,3,3
3fPKBKKDNS1VFsVjkTmRFw,2,2
3fQWrpsIRK1iwupKnrKFRv,2,2
3fTAzpANJB10OyIC523sF4,2,2
3fUr3a6WI1j2zpvBm6YoD1,2,2
3fWTLdBXJ7MJovJ44WPp42,2,2
3fZ31KU4L6HjkiFBVH7rz9,2,2
3far60nHEGxiwQpcG44FOd,2,2
3fbQXzBfdtRIk1vTIsFeMt,2,2
3fcQg4KJwnP4oDqCVXKi87,2,2
3fce7cgk4a8iYcPi2aWIam,2,2
3fdXEMBTjHNJ5Bug5c7rZi,3,3
3fdyHcPGa639HJixHM699h,2,2
3ffljpjKfPISFjCt4zpYUk,2,2
3fjN3y5x4hN53rykAN2LHQ,2,2
3fjmSxt0PskST13CSdBUFx,3,3
3fkPMWQ6cBNBLuFcPyMS8s,2,2
3fkmbSU0jw78MwI9RD46oW,2,2
3fpke3MB2sCBmFSTcVOPVj,2,2
3ftmO1Cwbew497pFiWiyAH,2,2
3fvY2U1AzW0diYF0hnBbKt,3,3
3fvsxmytTns1ApIWBqfANZ,2,2
3g0mEQx3NTanacLseoP0Gw,4,4
3g3GUoGsjciY5ZuV2j73qm,4,4
3g4TegeapKCe6KnUC6XU0J,2,2
3g6iY0xTspOgH74iSThAEW,2,2
3g7IooIVvcb9DAxmhbFkoc,2,2
3g8SjOiYhb67sSPAKP0v88,2,2
3g9HTGAC5dUTY1wtGlN9Yw,2,2
3gD88GyMS2EVa1bSX834LH,2,2
3gE4eQH3K83Sght0ZLvuBK,2,2
3gEXozdAKhOArKGMfW0m5W,2,2
3gFQOMoUwlR6aUZj81gCzu,2,2
3gJEo5miQMVaGtHEXhZCCG,2,2
3gJxSEQtZ08xpRuAMdynHW,3,3
3gLhyrYm31eRAmr6DRMECX,2,2
3gMSrAoq11yx5JdrMmereP,2,2
3gOXq3FPPesm7VLPKmef6j,2,2
3gOo8cslnlPn39TbaS4ht1,2,2
3gQQT8DcqmyDi7duOxnmN3,2,2
3gUpg2O28QtrGKMGGqwiFp,2,2
3gV0E3N4uOcoNsbxLkGWkp,2,2
3gVhsZtseYtY1fMuyYq06F,4,4
3gZdKSc7nIRAj1MgGcGDQP,2,1
3gdiyrJ3d1FGnYnCrVKwph,2,2
3gi7gH8JbG0QdBM4Suf3lr,2,2
3giA44zxPL9lXeYhzdcMpX,2,2
3gkQ9XLIprKy7RwAllJLfd,2,2
3gkwsu7aHT9WLFkl2Q0RPX,3,3
3gl46cw6JSkD9iFdOKwoDH,2,2
3gnUhfve9KfjrBca9s1weI,2,2
3gnWw0LToxswxfC6Eb8GBp,2,2
3gsCAGsWr6pUm1Vy7CPPob,2,2
3gw2Mz111daFVWm7IF0Gb7,2,2
3gwRWIbr5ycEVLIAXrWaw7,2,2
3gzLYXBF3GWwj5Spy9iJbN,2,2
3h2aYVv7RHnOW0qGGYdYIT,5,5
3h39RyWGw1toh9dpSeNbdE,2,2
3h8k8SEZeQX5nVbn94pevh,2,2
3h8tI65xdfpQyTAy7Grqwa,3,3
3h9GZzBBrtQkQQOJmZNnQN,4,4
3hAfhIPK4i1D77Bdiq7t7w,2,2
3hB9lDLyAClYVZivMMl20N,6,6
3hNUYt4dMM9RhcWmty8oKF,2,2
3hNyVKzZ1c26umuL3K5WEX,4,4
3hRV0jL3vUpRrcy398teAU,2,2
3hRYclNZMNerPM1oUzBLcz,2,2
3hTS0dFgLus7rechtNe8pP,3,3
3hVXkmUFfXoCR9ZagtCXbK,3,3
3hVc5y5mbcIEPADRGGGru9,2,2
3hWfKBt3n7j1xqIy6LA5ve,4,4
3hb2ScEVkGchcAQqrPLP0R,2,2
3hkC9EHFZNQPXrtl8WPHnX,3,3
3hnAt0i4wMqZg5VDxRquAQ,2,2
3htVxgwWQZ88VbucbOJkjO,3,3
3huCRjAX12zNPxtX9JqX2X,2,2
3hwjxbqGvTRUPi38fLgeM7,2,2
3hxRbXl2ZsihBRWlnkV8ne,2,2
3hyLdoIjuv5JV0MyE4GQkg,3,2
3hz7CoOI6xruMKcQYq9zc6,2,2
3i0VfLdOUCks9DmAht65XI,2,2
3i11e2jzUtO3jChiFl3v9x,2,2
3i2njMyJOynYaC9o7QS0n7,4,4
3i31Itck9EgI1vRjZxdYe9,4,4
3i7qScF9Oyp31O9bAutJez,2,2
3i9uGfgo9kXoRUNAl3M8Mr,5,5
3iB63QtuNkQQ6opFqSWNRz,2,2
3iCAoeQUcbK7bXmwbFV1N9,2,2
3iDtphWASBHIjVEB8lWBqs,3,3
3iICKiDTyIK5qoVl2hXB2f,2,2
3iJ5YerM9w9nq8vU4gicL6,3,3
3iJDmx2BxUCXgjatgYfhoe,4,4
3iRAoULKeeLRvgO12OQuLi,2,2
3iSt8hTzeb5SKdHLVwTFcc,2,2
3iTgKW7MWI0M0acyEoQXds,2,2
3iUJrkMilUVkUKtYZK7Th4,2,2
3iXP8BAN5Wa1MprwzRxDlp,2,2
3iamODg6JJkhG8iCME2CWG,2,2
3idqWaBn3mRdsIodCU6uBi,2,2
3ieLey98V9mIIh3W9gBlPF,3,3
3ieUtb4ecQgEYxae8dzEUi,2,2
3iewNLhxQyJXdYVYFKj86Y,3,3
3ifkrUCM3o3jcrQ99PhUor,2,2
3ih1UH1MuhzVl33wlibBII,2,2
3ihD3lOeQRlzTwaORNulux,3,3
3ijCK8aystm14nXveTlJzr,4,4
3iqYQt3wKwFXIx6Kp54uW9,2,2
3ivmnDVeJKCJjkRMNe3Dt2,2,2
3iw959smgKf8scwjRCRjgZ,2,2
3iwhjA48MUfzGuN9KetPgH,3,3
3iyTXUFlm1YrquUUgXlPM1,4,4
3j4srp6dMT39MLxx6XEbOR,2,2
3j986eQulpLZKpX7kLzGu1,2,2
3jB7oOafmXPFGr199SNdUP,2,2
3jCw4TeJAt4H17uPkWo4M6,2,2
3jDdpx9PMlfMBS5tOBHFm9,2,2
3jJZVeExYzVYiV6Y9Fl3DX,2,2
3jMLZmglAXlcw9c6gUpx3b,2,2
3jOeKEYMrgj6RHxEYfH7dI,2,2
3jRmcAEx2MruyBYjaOwc51,2,2
3jXNZmZm3Pcz2b7xNpovSW,2,2
3jXsEA9Gyo7QDyho6YoQ6S,3,3
3jZDWsoxRHzzp3DYV8qeXE,2,2
3jZkidbmYvfTJLHRYQzh2g,2,2
3jagGO7eHHuaD53ibehkux,3,3
3jbAzLVcHiI5hYSkcKe1Ty,4,3
3jcMkuNGMExEorJSML33D9,5,5
3jfZ9M23l0L7RxzYMTgBTv,3,3
3jgviNSXrwAlolj9IACVJH,2,2
3jjT8uAXdwIgXCbRjfnsSE,4,4
3jjsRKEsF42ccXf8kWR3nu,2,2
3jmkqJcTvtyuAk0YHTMkc7,2,2
3joCfQaNHoW7xrh7dImwiN,2,2
3jr4x5UB7ierqJGeDsRvrA,2,2
3jw5KrLTxeIzpSvByNsH7F,2,2
3jwcudvYIksoAjU0x6gagd,4,4
3jySu0skbyzYXK7XTQlsx6,2,2
3jzU2G7zznQ3bpUzNEBgmj,2,2
3k3NWokhRRkEPhCzPmV8TW,4,4
3k458zzqcF9UeRfZqRbZYr,4,4
3k64vNcgYPkETG7TNgpW4o,2,2
3kBV8olpppGCIbhrh8TV6o,2,2
3kCGxdCWMiydMDRG84ltsJ,2,2
3kCn3zYPp9suJLSZGM2Yma,2,2
3kEh9TMdS1HZACClTCP7jp,3,3
3kF5VGbKlNlczAm3HCkxpT,2,2
3kGKXegU0KyTveyCNuep5y,2,2
3kKma7s3lt05qH4rBYdUMp,2,2
3kL8AhqrrhSlGXaT8y5ujT,2,2
3kNWyHdLVW1x6pn9EnSQ1H,2,2
3kQhWtoluFHPbcBC6gyYrZ,5,5
3kQm6t1V0dy7xdhRXVzWRd,2,2
3kRp8K3v9w5lSrc62p1Qmv,2,2
3kUq4sBcmxhnOtNysZ9yrp,3,3
3kaSSY6ONhwQKwQJlD0NS0,2,2
3kcKlOkQQEPVwxwljbGJ5p,2,2
3keynY7XZqJtdRZVnnLRKc,2,2
3kgCFhVnBZbmdBx5LiGfsF,2,2
3khEEPRyBeOUabbmOPJzAG,2,2
3kkQOLp4QRNH0zAZIyCt4D,2,2
3knDGh1mv6t69d4gGd1y2I,2,2
3koCCeSaVUyrRo3N2gHrd8,3,3
3kp0sG1Vxb3rbxqYjTYtvl,2,2
3kq4M7XbQ6c7yGzwE72VXM,2,2
3ksIpMf8hNYWAyTiMZJ6Xb,3,3
3ksl6hn7Ya34q5K3cl7w9I,2,1
3kwHHD0mE5Tv4RTMZwi3kK,2,2
3kwtAEYzWabYBdSIfjoNmL,2,2
3kxkjirben9RVm9NqYa6rm,2,2
3l1cyMgi27bv1KIP10cqOW,2,2
3l7ihSOrFwIMBBDcMpfKVL,2,2
3l9CW99AHtExIRV4hW2N5m,2,2
3lClZfQVRdEHFDSA4LF34K,2,1
3lDcT3QEFj9OWQBFoqAaHO,2,2
3lIZy99mnEArB9FWVoxH3C,2,2
3lJ4wYJf2raqW5n0ns9hFz,2,2
3lKI2qR6rgR13kQ6bidXK5,2,2
3lKZ1pSPNDUKf9hQOetqW6,2,2
3lMGhsGVaAO37AKy5CV8HB,2,2
3lNJ56GfiNeYRDqkP9c9Ol,2,2
3lOFofBlwZF66FMjH2AcuC,6,5
3lPn81PFyKvXiyHhlkwkQ4,2,2
3lQ2YjLGrwN9QDrYy8nkZw,4,4
3lQ5ZqHj7cZXcGs4W6IILx,2,2
3lSOZb5rruEnFbe9xWELF6,2,2
3lTBbuXB1RdiWS8AA0O4Fh,2,2
3lUK5J33phdFpFN0cIyO9h,2,2
3lUOzabhWYyRImRszpJGOU,2,2
3lUQpvfWFcxZC3RYAVGE7F,2,2
3lVCBwV0t7qPhGpZAxEHSF,2,2
3lWuagNhAzcqOikD5KnBku,2,2
3lYJLJUJiBQQLSGRmrM1jS,2,2
3lYYYPuaYCEY0OWso7kOg2,2,2
3lZygz3srLlsWqDQXSrl9w,2,2
3lbAZSYKVUnkHqRBH292lO,2,2
3ldrKmt2S7VBENF7g40ibi,3,3
3ljbfC0Cfy2hdRIJcjSIjt,2,2
3lo3fpR0BO8pe2z5UhbcZw,2,2
3lsaCXY238dhR9GW9DEV5e,4,4
3ltkObuXJYfkdcbNQsTvqM,2,2
3lvo0I8c2qBJDLZWqExDgC,2,2
3lyCiPreSBOMM1aKhTyzrM,3,3
3lyLqIn8mybyEFTs8JJaLf,2,2
3m0CtqEbzclwKxit7C48T3,2,2
3m2FNr5FlOyf94Slpae7vy,3,3
3m4MvVUvY06ZuCLXxWYY2m,2,1
3m79jXsliNeJb2xHMEJ0N6,2,2
3m7V717IKZqZLW5qUIOxdD,2,2
3mAplvB02mSFTDqvhg6c3V,2,2
3mDnDIDXaKNR1fwklfDC4P,2,2
3mGOFdR0ZYmmUuyBaY3wVi,2,2
3mHSlJiqWCut98cVJYQyCn,2,2
3mIgUz5Xol0VZG4OMnB7xa,2,2
3mJV4kByjmgU3ubU7JPp9W,4,4
3mKEXsnqhX5Z0swcZvIhpH,2,2
3mLFCocZgUvih60frphM6l,2,2
3mM7JqDOcGQ23lts9b6uE6,2,2
3mRLHiSHYtC8Hk7bzZdUs1,2,2
3mSU7r2tJjE6NMZ2DonlxV,2,2
3mTUMIT3M0e9PySC1mteSV,4,4
3mXjVkMtEqWZ2iMHYtincz,3,3
3mYP2JXlrv2iLyU8GIAszA,2,2
3mZLiEDAHIjZ8ms5Lxq33F,2,2
3mdrUFX79uk5UvRXrKJq3p,2,2
3mfsGLEmKF6sWTqFQzZ4aF,2,2
3mh3uLBvd7sOYnu15zxM91,2,2
3miOxudu6gPucbG4kjCKj6,2,2
3mlMpmY8oZIBFc39D9zLbh,2,2
3mmOZNLF9RwO85BD37j4A1,2,2
3monb6DDZJSxJ9fR6au4Ba,3,3
3msS7xaelR4Oa0n7IwHkgF,2,2
3mtSPmyeEkkqvHdXj7W4qg,2,2
3muwzbbtusaWtqhvJG7Sti,2,2
3mvP667bhJfOlex53b2oFT,2,2
3myP5D9V78ayZyEb7cUGRw,3,3
3n2BgDsO63JKpqftVR2Ysc,2,2
3n2lUfmtaYuqMSR8tDo8F0,2,2
3n3turoo9rMhlrjh90lkyI,2,2
3n3wsH09Hh6wGatQzopTJs,2,2
3n5tgT9Q5uAn4vw5xvp9Nw,2,2
3n9McysKwxw7VA3Ym3Kvxl,2,2
3nA4OeDfh5607uniaoEmTv,5,5
3nEHrvNNtgLv9rneTAYVr4,4,4
3nEzYBBijcwanwIopweEgv,3,3
3nFCZ39UfurEsVPT7y5vvJ,2,2
3nGWzFBJ5tMzHWAgs16fK6,2,2
3nICeg4Ccr19i21H5C9Dp6,2,2
3nJtKV23cLqdMzurBX49Tq,2,2
3nKEiJUeaWn8q2O9I1xwlB,3,3
3nMZLKwpW3YiG4mI3LpK0D,2,2
3nN78VByF88gztH6V1hceP,2,2
3nRT5DZvVGnf9ElzQNbJ17,2,2
3nRooNh2wzDNXEy9KUnecK,2,2
3nS2Qnx8s1zuYSi7tcsDzi,2,2
3nUHbzarc3T956rAvVaN7w,2,2
3nV2Yjy2aJjUl74p0tEfWf,2,2
3nWZHzvATyjyhrExemHNGR,3,3
3nXpdeDQLOwjglCMRuARDa,3,3
3nbnyZb8F60d9vHLm8RX9N,3,3
3nc420PXjTdBV5TN0gCFkS,2,2
3ndcNdzfiEEeg4qWsno1jA,2,2
3nhWAoUvuEkj1wjZyEXd3R,2,2
3njFQqu9rj8B06TSCDAahy,3,3
3nlGByvetDcS1uomAoiBmy,2,2
3np71XMsjRnFTol0XTEgOZ,2,2
3npxGyRpSmxS7mlN5ndjNS,2,2
3nqQXoyQOWXiESFLlDF1hG,2,2
3nvWvHRoqCGsfGLApJtS5M,2,2
3nwd2gUT7l10HDUAOKXrhs,4,4
3nxRHGSdTr6lwc2QCrRAEv,2,2
3nyfXFUqmQB3yflF2sy9qH,2,2
3nzC7h6uULmlCuLHoeMGJ7,2,2
3o0J0f1b93w0vZ5oMwnKIr,2,2
3o0KcPDIsNZcC11eD6S4ix,2,2
3o0vFcZI1ejWCLOqnFWEwE,2,1
3o118H22lkPivuQtVvhxz5,2,2
3o2fYQjDBzXgdXHxmNJcQD,2,2
3o39fjzrs9wQwA3wtu7cte,3,3
3o68rA5ozeALCXNt7LbSlS,2,2
3o69TssC4muwST4WjxnWGP,2,2
3o9kpgkIcffx0iSwxhuNI2,2,2
3oIit4SAjQVdzqY15adCpV,3,3
3oMU1p4h2mL2YG6TbRzXOi,3,3
3oMiOuEGrVGjkQ3JDjcUFI,2,2
3oN8FtgSrFmdTn4YgBY58e,5,5
3oNaNQlmABqzAMQTmyAjaP,2,2
3oO9Cl80c2d1GVtg3B6gGA,3,3
3oScR09PETzUhMmzc9aDqx,2,2
3oVtUUirowVa9DEtjazJVq,2,2
3oWv5qDKYN7MH6FdlglMN5,2,2
3oZcHR0hqmmdnP06bc84Gd,3,3
3oZoXyU0SkDldgS7AcN4y4,4,4
3ocm1Cf1Dk1ODrdBdybh82,2,2
3odrUVQ9tvRpkC9II2oWzx,3,3
3odvxxzdbwQ3eBY6TRiIHt,3,3
3oe8DvAkbindovOqSdny5X,2,2
3olUFMwgASQGeXrlm4g6OH,2,2
3olXS7r5RD0pxmBEnI7GGV,2,2
3omHpz9fmngYFdHDRLGeRZ,2,2
3omXshBamrREltcf24gYDC,3,3
3omnDqXnlC4awZfUrGQSDN,4,4
3ot7yfRXpFYYmBBZ8XrM2f,2,1
3otBSe8dnJMNDRE9AhSm0T,4,4
3otJCDpdQrrH8R1Ik04enX,3,3
3ovjw5HZZv43SxTwApooCM,4,4
3ow8EuQfDHGThJ7ALXPgIl,3,3
3oxGJdepSlIwJxjyvtPxXT,4,4
3p2WQ8mlRhETkOxcn8tVDc,3,3
3p4UTiSIIpP4LFn0KEyEOj,2,2
3p4hRhMcb6ch8OLtATMaLw,3,3
3p4vXmvE970zZSZUF0GUnT,2,2
3p5ORA75P3ieR4UF9ZhHDB,2,2
3p7QdyY9RFucHRkeEugVTV,2,2
3p8Kv8GcO4obTLPmsS459h,2,2
3pCPizvPEszfq4HDyzrQXh,2,2
3pCt2wRdBDa2kCisIdHWgF,2,2
3pDbuPcDZZQ1QOoAQLkjiI,2,2
3pDhN3qB33AOPhQEkUCaWt,4,4
3pEVBh8MTdpOvVsWrC8Tsr,2,2
3pHI91Yzcv8MXmtNqAElpb,4,4
3pHpV3pa96s4vuBP7sQq0V,4,4
3pIpa33ZYgL6ZEkpBRA8BF,2,2
3pKsUMqpVr4ZJ13Mm91Xig,2,2
3pNxVP6r45iUho1uxEYdj9,3,3
3pQ0zUFOi4e1KZ8yQkeD42,2,2
3pRaLNL3b8x5uBOcsgvdqM,2,2
3pU1CUgPiFfxPCpscwIwQR,2,2
3pVNmgQ1spL6XFqKsO0RO5,2,2
3pW34X1vEMivx7cODfR7m7,3,3
3pXVWgkWybiGchdKGYDgdl,2,2
3pY3etENVX6RAL3Qj49BPP,2,2
3pbMHrYR8i2qndIDhwtVBg,3,3
3pbMslIWYuQaNhT3WIqc4I,2,2
3pcVsf6ibPqtCuHyJHfJpg,2,2
3ph79KYuJ2bndNPA2c1tRH,2,2
3pjW5482iWgJVqQOpu4AG9,4,4
3pkoey7hNfAGNG2X0yp99C,2,1
3plZG4ZdlqxIIZUSfieVO7,3,3
3pljfpGu4hBtNdtC9uQY88,2,2
3pmYp7wfaDfr5OwHoxAR9K,2,2
3prDqIeQ71JN430YOl55eB,2,2
3prMqfGezqX8EFeReMPUIb,2,2
3prvn1KrrmE7vFAqzzZKNM,2,2
3psxuaMFjgmD2wFTUvBQ4J,3,3
3pt2acuxLXvIGproniPoq9,2,2
3pvXNqXnuDJgkG1ZDwhQ9E,2,2
3pw06oZUhaLh6Gz2dfiNZK,2,2
3pyk12CF4I8MZMMWe7APu6,3,3
3q0VwPWeb3UGR1Ij4oTXWk,2,2
3q31VHrRCF6slDPd4VIkRn,2,2
3q3lxI83Wr6wI2VprOigYr,2,2
3q4wN1j1xzCzNMKaC1CoTY,3,3
3q5Ur1rIlB8NuOY6FbzxJs,3,3
3q5Ze7QksOVd2ES9YzdfsE,2,2
3q6WrVUkLKpAwBfxKO87uX,3,3
3qE5J0DXpsGEIZDK52hlaS,2,2
3qG0XrOLyeHuqaSCxcAgkR,3,3
3qHlBxD3acw5nrl7Padt0v,3,3
3qLOC0YV0fWgZ9VTlSKbmU,2,2
3qNERYCjkBFyhYUNh4Hl9K,2,2
3qOTlNs5GLNeyEBNhX86Qs,2,2
3qTNm4Mta37YmEcLeQcdw3,2,2
3qVRESqzGmGE4AklTH88VE,2,2
3qWAalyE3xI8OemAkZ44uS,2,2
3qd1eI1GA0FwC3VHcxHhDC,2,2
3qdalnFVTJdRheIRZyuNmP,2,2
3qeXSz02VoeNntvBX0Skw6,3,3
3qebSLgUwaEqbwCM5sj5Kh,2,2
3qhW0ioG27ZRFbZn1diK2m,3,3
3qi98GCs3sbvbAJugWmdQY,2,2
3qiyyUfYe7CRYLucrPmulD,4,4
3qmncUJvABe0QDRwMZhbPt,4,4
3qrdLVOClRU4yPkcXZ7c5u,2,2
3qt3ybU6MScMxMKL2TYBvt,2,2
3qtsCNiRjfgXln9YDZ1deu,2,2
3qzgGSGtGAcXGZJ7UG68hr,3,3
3r0sta86s1aU9dpgxCI6O2,2,2
3r1qbcSi0H6ld6OP8gwwPy,2,2
3r23r7Ad7eXi0xKcBYd506,3,3
3r3KRYYOFjNGD4OJB5ddam,2,2
3r44Otr6SVUja3SYsCuhVY,3,3
3r5SjHBuHIVvto2zHqBrAT,2,2
3r6Dv529ZOvDR8wulTJmbC,2,2
3r6f5UcqFtoAIAVuTMvy4v,4,4
3r6kY1RSobW4X46YTdQ3sz,2,2
3rAtGIxBoLvcWtZeoJ0Q72,3,3
3rCCyaJfxih4EMXLfhALvt,3,3
3rCtueI7qBN2kZBZnXuk5K,2,2
3rGol3Ivk8X9fvzKL0U8ih,2,2
3rMbh1zLsh91EcNgu7KuPy,2,2
3rNe2VTczeYzTi6BT3dwKT,4,4
3rRKLdCj1kavcwg9Z6BxAk,2,2
3rWYwCirbUO0X3EkKEbGUD,2,2
3rX3R3OoyikoECxdgQ9tnL,4,4
3rXgbjVLoaHEUq82dbCP0f,2,2
3rY8FOVgw4h9uFpW8HvXw7,2,2
3rb0tMq42WfggucPm0HHkA,3,3
3rg66y9pEcPk9q6yodMp3M,3,3
3rk4aJ0vAj3cFUIQEeASkT,3,3
3rkB29gfzjboamcQNo5tSS,2,2
3rlifdORN3A2gwnYhAHnFA,2,2
3ro6Oub0I05PiAxcZFKaTY,2,2
3rrgneYIM5KKZTM28CCZqs,4,4
3ru9fQE0kYFWklLiyi8kKe,4,4
3rxLb8cYhEnv3ZEoluDdpA,4,4
3ryiXNcbrXzwq3T8uNV6Gp,2,2
3s03nrUInN3NAVjQtmnS0O,2,2
3s067jTdOv8wnuUHeXdtjT,3,3
3s0JQVCSayMTDBlpC9Hub6,6,6
3s3aJoDPR0T5LHkK7iBLhm,2,2
3s7F88geiKnUqzeQqDDBCD,2,2
3s7I40SFKo5gnw9BEmRzqQ,4,4
3sAatKUX1OkCIAkopdMRTU,3,3
3sC7PN1vjzEovhjHlQse3N,2,2
3sEQf5AuiphddGXRIWBcO9,3,3
3sHEKLFX5F1cmQNDzlsvZp,2,2
3sHr6yThEKCa7IZ8zY2I17,2,2
3sN56bc9auFfH9ryif9PWf,2,2
3sOGVdj5VPY6C2XImtlzj7,4,4
3sQjkRr8eKcf6KoUgEjB0Z,2,2
3sSESwCLq4g7WiXk6LJKbI,2,2
3sZcGCUXvr45syuNyTUC1Z,2,2
3sa06xVNmLLYIxdNNmVQN8,3,3
3sc8Faubr986Pkb27gfJat,4,4
3sdYKmzjWTanqTJuyf0GAf,2,2
3sdokgCYFdz24u6vohprY4,4,4
3siiSoWFWuwTOERUPAAvCY,2,2
3sjiHBkn28c9FDyasXJqZf,2,2
3slQbBpw9BvQBJXg1Q1yiJ,2,2
3soQ0e19kGGF6CDyCoZvrt,3,3
3soRlZEyTtu69KNZ0ZPLoj,2,2
3sqRODOZ1Z6hR4F2tnFAlg,2,2
3sr7kWetNpobjNZeSUGvWH,3,3
3sslYZcFKtUvIEWN9lADgr,2,2
3stdy0xXNOgwFAB94FzVSj,2,2
3t0taPa9HNOXF1kCB00G3P,2,2
3t3wsY5IdLVzB9WidegJSU,2,2
3tCexBo7fH5BspYwQ0mr1g,2,2
3tF7NZBcgkdHEbh22E06f1,2,2
3tGXnGvZpT4fzua650wrRh,3,3
3tGhRLgcCP6SIZU3tbGl7l,2,2
3tI3SEykqxq2ielVBTWkpo,3,3
3tJ4y2Zqx6gM9xOAuFfsSF,2,2
3tJEINlBmAWkKr2yngcmue,2,2
3tNyFKxcFszV0TiDDJsYVx,2,2
3tQdz09BnxRP9A9fBPqCmc,2,2
3tRFo1mXVNC5Wwrv7T8trF,4,4
3tRPfCFAEv6wWyQO0YnGGV,3,3
3tS1VMpxp9bLn46Cyh09el,2,2
3tZg5LxZIBDZLujWhA9UON,3,3
3tbGJmb4ZiD6CKbkJbwyKH,4,4
3tfCeMKHPbdCxapkL7mCvL,2,2
3tfxzJZYkX0pyruhffxcl1,2,2
3tgVp3M5fgSNhEUE1iMILQ,2,2
3tiPg5GBES46MKezGsimcG,2,2
3tj1y5eQNFMcXnkH0AcXTm,2,2
3tjC9XdMwEF8KW82F6rV6f,2,2
3tjI1GQY1imMyiaEfjIbrG,2,2
3tjjCCdXSdaVEo4q4y071G,2,2
3tnezQhUHKCKoju1bhYH5w,2,2
3tp3ij9dtY3CacQgd1OvRf,3,3
3tqEDIkPhrv2AgXjQHKIwj,2,2
3tspXbvwbQF4zRk6dD7pqq,2,2
3tstzyYuJkzEta9X7vgXXp,2,2
3tw38CkaOgncThUwXO80NO,2,2
3tw4Jysd48kMcKsdnGYLee,2,2
3txHZTpGeVASXa5ARwoRX6,3,3
3txHkfFFEeMRblGlfe1kdm,2,2
3txlbadheKtYDsywClnjMU,2,2
3tyEQOACloIoX0jbM8YWx2,2,2
3u12rwmjySvkukiKszbVpN,2,2
3u20pgvNSSmgMk401Bxuu0,2,2
3uAdZpIbMTtVXitHVibLMV,2,2
3uB2mkp8ovjiuJA734dbGe,4,4
3uFvywKU5OfmVJTY5rfoa8,4,4
3uHisD8WxXOYLaxeOl098L,2,2
3uHxCgxHJIAGY52Oz39xqC,4,4
3uJnYKR844kT7MLpm0cquz,3,3
3uL1IBFhg52VcQqOwAG01E,2,2
3uMmllZo1AfoEnVT4ENCD3,4,4
3uQwNZP7npNIGFvE3gk47Z,2,2
3uRrymHwcED49Q4fAnJJgD,2,1
3uUjBFoJUO9dE7vZmVh6E7,2,2
3uUuGVFu1V7jTQL60S1r8z,3,3
3uVCGFrljwSIhWhQDtcTNK,2,2
3uZVW95wL46pTfHDzbaFUd,3,3
3uZiNvBNQldjl4OJiKsuxe,2,2
3ubdbuynat3QLfKtdtJ5BH,2,2
3ufMt1JWzgGeJ1rvGjeGbX,6,5
3ufj6x8nitVdtKBiZFx8VR,2,2
3uhVC0kModcab5M0zxtTMP,2,2
3ulqNw1j3ylD2HBUJnK2C4,2,2
3umS4y3uQDkqekNjVpiRUs,2,2
3upIaTAwzeD5ijPJe44ceD,3,3
3urkfnML0dfP4UIO9SBSUN,3,3
3uuR20w7HgLlb5Hha2mCxb,4,4
3uun1e8SPD4GjWsIwwu8ai,2,2
3uvALUobqjZvTGAh6737Mb,2,2
3uwIoa2emQILz6BmH6MtiW,2,2
3uwRNE0Zz7wP19az6lpdZw,2,2
3v2u6vEUgHiFdQA4PsIpoE,2,2
3v3Kxo0ETT1eVoRwpJFBH0,2,2
3v4BXlbV6FOzifaA5NboOW,2,2
3v6nuqte5aF8NyNAMr9Z8A,2,2
3v7jHsXQAVusxBupIkDTeK,2,2
3v8CoiN19zAzkTG0E7TBTN,4,4
3vBojOn8Nz8gMQmIBeN00M,2,2
3vFLZOEIM1SxKWPvCCKqvg,2,1
3vFP6bzYmxT2DBP9IyZr38,2,2
3vGZBBwlr55gGCW7zK3wxp,4,4
3vGvMhuNgM3KVuwHEwZWwI,3,3
3vHGv2e1xn7Dm3D4i8unmw,3,3
3vIa853jAJuNTdp6ZzPkON,2,2
3vMfr8H7hGbOLoddLdCQU4,2,2
3vN6KN471yverVBYT19MGA,2,2
3vNFsxBbA4dPkymPF5Jm1b,2,2
3vNirK8TosxVKYeZoXpIxv,3,3
3vQIxVTpyW63pgngLRsZ32,2,2
3vS8QjHytx8Pi2NMERcfUs,2,2
3vSn1frPgFcRXrjWOfhMLl,2,2
3vUTz0lUcDLNUODDL58EPv,2,2
3vXdK7DCzJyp1MIh10TJFS,2,2
3vY18iAhjMoocohbtxwMtk,2,2
3vYXHcZoRgzSudq48pBIhF,2,2
3vaSf5wHVxXN1EFhUOxH9C,2,2
3vc1sGOGAVxhx8S1kERqyn,4,4
3vcQXcGUqeaFpPIL1oIKTl,2,2
3vddabBsXcvoerPkIlDHDF,2,2
3vkzxY2aRL7uhz2BIFzT0V,2,2
3voNCdMNCd1M2Yh1Y7cm4Y,2,2
3voz8YdsGn2Y9PXp6xcJkl,2,2
3vpItm0ZKfoWWhMyrUFjPa,3,3
3vq7aH5bBDHGg2szzHUdUw,4,4
3vv9phIu6Y1vX3jcqaGz5Z,3,3
3vvDp7R6SHDSJqhSOeCZL6,3,3
3vyFD18pVGsWFIrdlPTYbX,2,2
3vzZ5uyQEYk7ai75ltQom5,2,2
3w01niC4srlJrD3THYX3AB,2,2
3w11Zj7MbTxQagWtk3W6oz,2,2
3w1IGy0M8UmWfydMoD1RgE,2,2
3w5x1B7KOXuZ1zUZANmyn4,3,3
3w7JADbLdKE1Qta6aH0SC6,2,2
3w8qOAwbHF6zYeYT7pj7DI,2,2
3w9i7F6nze5mODaJstlVWt,3,3
3w9rbjxB0vGRaEZH0G2qCo,2,2
3wAXK2nhnsS6vdnGQ0Dph0,2,2
3wBHF6evf55iEzyMtReJSH,2,2
3wDVBSoz1fXNguU1vu8EME,2,2
3wDhRYT95uMrYId5wkrDbA,2,2
3wK37814vyrRNUvTV4R2MU,2,2
3wNycDzsKr9SYh58yWsnP2,2,2
3wS1njCO85Eo9iQ6gs7740,2,2
3wSXWge0hS6PQFuIs1bGDZ,4,4
3wbLj9Rd3YBZzKRDxC266o,4,4
3wd6IXfdDhJlRIauwszfC8,2,2
3weNRklVDqb4Rr5MhKBR3D,2,2
3wfNiPBrzDwuanE75Ar6pS,2,2
3wfe7TOR3KtSczB4HAzSg9,2,2
3wfujdbamR3Z46F4xav7LM,2,2
3wg5msLliZtdraqMNj3SSm,4,4
3wgNhWuV5gkcEkTgMBNcoA,2,2
3wgu3Yq2tqdJH9nmUt3kfx,2,2
3wibiU2UECiww5wkSJfPZJ,2,2
3wjQZWJAeEmb7Z3CdsNajq,3,3
3wkzTnvK7AZX0oEB7LrvUJ,2,2
3wm94igNrbB7TVsblXO1FO,2,2
3wqZT4IwifLk6vVN4gZdGT,2,2
3wrTXnKtCu9kZk0lBxtJZj,2,2
3wt8H0R9ITj2zJ02aOI2k7,2,2
3wtXp02KWZCqsZGWRZxNM6,4,4
3wtpfi6cOsvsgAv6O5KkuH,2,2
3wty3BBEsbk8zj92IPQ9NO,2,1
3wvo6Fh3RBn5t60p3iK16Z,2,2
3wwx4W1lVWo0amhT1lQXcP,3,3
3wz2vWhYnnBoFmgMkqtzLy,2,2
3x04ph0jWlk4EgxgQ42gdK,2,2
3x1edFtdUWSV6bFmAdHO3u,2,2
3x63A5hq4vldKE8hWIi1tE,2,2
3x9vShiP4hDhE94zvObYNS,2,2
3xCKdkgo7V7WfCyCPvhtyz,2,2
3xF6OYQ4Da4JhPGsmubG9M,2,1
3xGwSN1dDdpN2s8oP8DRrC,2,2
3xH1MeYpJWj2vQqafgbMrc,3,3
3xMQOd1C3TXsjQ3pmzOmkC,3,3
3xNIVmBIe839tAsoGe3A4b,2,2
3xU7xAOD1x6ZHYF3Cd1KNb,2,2
3xVCQGla5LLhrwqNS2FcHo,4,4
3xZuqolTh1AtTyXnrjy8NW,2,2
3xbUCRFut7tzBoD2F8L56y,2,2
3xhvRrV8fhYDi2LCD0Xice,2,2
3xmsmrufmGULmdWToT78jD,2,2
3xpAO0neyFYUCawAfOhMA6,2,2
3xpTUiMi6HdL0dWEKQdUTT,2,2
3xr8COed4nPPn6XWZ0iCGr,3,3
3xra5OMlRc4MQgD8V0aIxq,2,2
3xshQaCOlSCIkXuXDQS1S6,3,3
3xtxmdwm84x0ZDvSOxQels,2,2
3xv8dKKfN1WjhGnsFhn9TC,2,2
3xvpj0Mg11Zfd3uilK0U5C,2,2
3xwTmeS0swuFXpyEoEUjNr,2,2
3xxmjMvJsSR3L7mUOxP9QA,2,2
3xyr2xfbSZiZWWGsjLyMFh,2,2
3y0ycPzjAE6R66u3aw8MBk,2,2
3y2kWqVwRjwU49sbz5QGRD,2,2
3y4AS6cTOQBTnEsTbOUtIg,4,4
3y6xF1z5uAMMySr3ilTBt2,3,3
3y71SZOluRBIBSpaMpp43i,2,2
3y8stkhKVX4cFf66yr9QCw,2,2
3y8vOmrtJpdyQ3PkaHQRKm,4,4
3yBCQ8gFqTyDwwgMDY93fw,2,2
3yBfL7l6RJSFH9KKx89R6l,2,2
3yHH3LPyinYelEnaj15yKb,2,2
3yHLLuFASZSOohpEaiU5V7,2,1
3yJ1w00H62kKw2pOoF0HY1,2,2
3yJjRARrm2dE2tPuzPL2Z1,6,6
3yMC1KsTwh0ceXdIe4QQAQ,2,2
3yMgTrau91ftrziL48Q3OM,3,3
3yTH2SF9KL6mQwVxezaBKN,2,1
3yV2c3cYhkAwSsxAq6nRiv,2,2
3yVSlc3y7YWZPAreTHjH9v,2,2
3yZueO8TUXxGNettYqIRKw,2,2
3yavilApCRUIKYkIuX8DDk,2,1
3yc4ioKMDoCW1QwzD5C9oC,2,2
3yeiEefudVvaXyx7KihpeB,2,2
3yfRDsK74hvMIBLR1VX3nO,5,5
3yhDirNko6hMGsljDbnqej,2,2
3yiyZW5sYNg3VvIejh10sK,2,2
3yjzSTgeqPyp6ReOmiBDuJ,2,2
3ym8ZuRQtZ7rSEbXkT3eJE,3,3
3ymULM6auJVgBj4A9TADlv,3,3
3yqoD9SYDfwvNEdU2NEpFx,2,2
3yrSvpt2l1xhsV9Em88Pul,3,3
3ys5J8MAFYex3zO7n9VduT,2,2
3ysUkfcrFwvXweDt0cliH8,2,2
3ytaJfUjlDmaKo1KqllPXA,2,2
3yvHcaY61FpeSiLiHiIST4,2,2
3ywytFNiWrmc59LKpGP6NY,2,2
3yydZof4pq6N4zeyTzLwQk,4,4
3yz3yceLHbR6jlyvfxrEBn,2,2
3yz4ypggDnJ4N3z3YG6pn2,2,2
3yz60wsJlg630mjAfU4qIv,5,5
3z0EtPdwFYDN3uXYheXliS,2,2
3z0pJZshc9J3SabF4iYjWZ,3,3
3z4leqkfSaXQPAyGwQruTe,2,2
3z5ITnx50sxmTospLAcM03,3,3
3z6g5HOmyAHmrGHbr2Td7p,2,2
3z8QwguZutA3deFJUxMeBX,2,2
3zBhihYUHBmGd2bcQIobrF,2,2
3zE6YLb2IBb8NriBuuXWQd,2,2
3zHq9ouUJQFQRf3cm1rRLu,5,5
3zIwapXZFb40mj9RMnSRIn,3,3
3zLTPuucd3e6TxZnu2dlVS,2,2
3zPVG3y3rEzyixSFhe3XYu,2,2
3zPfyVThoCzQ6IB5CSGDTz,3,3
3zPkRzACNkM3NuTlyvjT2P,2,2
3zQlPhRiCTQM6fe0lbTLtl,4,4
3zTkz1DCxJk09e3iBH8xXi,2,2
3zU9rdflI65tK4dkkNSp77,3,3
3zYcdTFPsQrh4az4YY1wmg,2,2
3zbxWnJmnyx21pNE480g6G,2,2
3zghAHN7NO5WKVKUCJRm3f,2,2
3zjjzKg16tczCMwckGKGuH,2,2
3zjr7jirhGwvqGuuJuIxjg,2,2
3zkWCteF82vJwv0hRLba76,2,2
3zkoCPVFKWD6RpwpqqNyLo,2,2
3zksbXteOCeSusJ5Xltr3t,2,2
3zwmW1gM4E8FlHXV5nE16u,4,4
3zxFdCygb1FgieCihHhdxG,4,4
3zxUdf7XmWpH6oddULwbwJ,2,2
3zyz5T5qFjk1oSw5RIqf9V,2,2
4003PQamqke3dARQ0gidZw,4,4
4004xnMLj5QGxWvu6JPcJ7,2,2
400GLVkxtmURbgiO8hUgWx,2,2
400lQTCx3wYGgqAIHSZbNA,3,3
402FSzREJH9uDSrXgL2P6f,2,2
4035yp8Z7EyAg3yDchzxA8,2,2
40477w2Kc3UOwxNdBmy5Ai,2,2
405SkgLToVyC2ZjBJMsrO8,2,2
408UEGA6FV2nvQjr1nt1VT,2,2
408bvXQ6HK3nFh1OYFPyA0,3,3
4092MbO87KwfGLVie4N6Oj,2,2
40BjkQhSOqS7j8Z0JHiF07,2,2
40CfvDIEJALuQ42PpyqqgL,2,2
40DSOFzJigXSQZkSOM32rs,3,3
40EiMT9vmuAz8vcOkj85D3,2,2
40IC1yRtnoM8YgkmAmq0tt,2,2
40KkV9bemT9yBfJjpSERrz,2,2
40KuvsFD0zpUFuCcmt5Xm0,2,2
40L8OVaEpyF7KTRWTNvJGY,3,3
40LQiUUUKXVGyNs09lHVjW,4,4
40MlMSv2kkmph6XhYMOovm,2,2
40RKZ0dDeEx2srKcAznvrf,2,2
40UlFC0dIxv7lAEJaPZLnm,2,2
40VLfyflL7bJh2e3lNvV9f,2,2
40XeGNGFchGYw7y0ue1GiG,2,2
40YMzcyGkpqFiSUNktyHCP,2,2
40YcuQysJ0KlGQTeGUosTC,2,2
40dr3CZGx83RL6ADIC7xvv,4,4
40fD7ct05FvQHLdQTgJelG,2,2
40gvh6jP5qxMJuMmF9lG9A,2,2
40i81AcCCxiVEFUWElcjZC,2,2
40iocOzytrqaRn5RbGPDNp,2,2
40jiZBsr1W3SG15AGU9227,2,2
40jqRY00ZBurt1HqDxUOt3,2,2
40lKptao1hxVqA7fd1OOGp,3,3
40ldoUshlEiOVZdQtdyvO8,2,2
40mJ95jVI9T37L4FXlU6Lc,2,2
40mSjbhKvOJuPpg6vahENQ,4,4
40o76YIOwDazc0h2QrZhWl,5,5
40ozK0lCJ0EQzVGWsCNUhk,3,3
40pz6QQ5xwbaCZX5gK8GcQ,3,3
40riOy7x9W7GXjyGp4pjAv,5,5
40wyy7YGcamBQI7lIASz5s,3,3
40xJenyivPG4n1168jLx0t,3,3
40xO8ZNv1Gl966klvpKdgD,2,2
40xlAc8cl5zYZRgiJ4VDiU,2,2
40z4EMfyGwTp5Tk48mu7Os,2,1
40zFqIRLUYUXTTcLtWj5BM,2,2
411ZgO67nKxR1lg44sYnlW,2,2
412DoidvZjwctMQeL5wK9D,2,2
412luShbmlgqqgYFStIB1s,2,2
4137w3YEeQSgz52qxyjxHR,2,2
418OrMDXzoHxieAIKD4tBO,5,5
41BFw6SQKtl4FOCgaClWHC,2,1
41DA32rbYp3PoLCAJeup0J,2,2
41DpMNCxpIaSrNlNNLfsbG,2,2
41EwTNHRnFdK7XUI4qinEQ,2,2
41GUDNZivzdH70KrkgZBJk,2,2
41IkChANGz6XHAnJd8JHbx,2,2
41JHlHuIFyOSSRYVCsYrKZ,3,3
41Q2plsnTdz4V67yFLFcM1,2,2
41SIHXoItJqYfl8B8klTrb,2,2
41UM8cxQvfBh9glGiENYLQ,2,2
41VQsZP0pOHnWCPTfcp5r4,2,2
41YjHftSeJzXPHDPeddhiJ,2,2
41b11ruecN0x1CSaziBxGB,2,2
41cDKFuTigPfBWyLYQKMsO,4,3
41cQE0wfKFnNV9dteynr92,6,6
41dhwOsZC28x67fPC16IeK,2,2
41f2eGe9sdVQ56ZjRRrowP,4,4
41gUDddcY9nBBuazuG20eD,3,3
41iti2jnVYqhlxWMcGsDa8,2,2
41jTngKME76TNpR6WSxAZV,2,2
41jxXLrYhNsogBNYKHWLih,3,3
41oY4WCTj5kccfesTVFnvN,4,4
41ogaJbAuFHioAi4FFirz6,2,2
41qqj8kkzjBQ1rFIyinjP1,2,2
41tMIgwIR0Ye3ivO6GMr5q,3,3
41uJUBetzpoSXEBABYdwxb,3,3
41wRhP83bDYvNx0l1n2JWk,2,1
41wtwzCZkXwpnakmwJ239F,2,2
41xjpZkiLz8nF6REpYCgHw,2,2
41ykywmUtDSis7fGAarryh,2,2
424BvqWZGwElx31qh0B2jw,2,2
424GDxARRXRaZ7Mla9EDI2,3,3
424WY6p8kPClokqegSpJfV,5,5
4255amV4enzl28KAn16rUO,2,2
426EJ9frpHtFQFGFQvtBKg,2,2
426lDtGrejS1wga7gmAmDv,3,3
429MLoev9mkgxvv3CJe0co,2,2
429NtPmr12aypzFH3FkN9l,2,2
42E2tXsKizkyh8cCUL19R5,2,2
42FWqCxAw5aG1FvjyVjIlH,2,2
42FsvUF4iYyXVx9jc54ziM,2,2
42GuKw49pPxNAkIhWGwgFs,3,3
42HcUrNxi8D63EOwr8Cg5c,2,2
42Jkqzhm5Y7ab7f1d22GTq,4,4
42Kla7E5bUL6tVqeaXaF2b,2,2
42LrSqMydgRvWOf5rYNJqO,2,2
42T2QQv3xgBlpQxaSP7lnK,4,4
42WpwYm7DYxbbVbUO35LUX,2,2
42ZSEXG0TtHAHbWOho7GDS,2,2
42bbDWZ8WmXTH7PkYAlGLu,3,3
42e4LqRQ0W6jBVrtDenThj,2,2
42iaZygYmdyZomAtvPoxG1,2,2
42m38SHEo4nDHuuF7HG9T3,3,3
42mDqJTTQW6adKYflnauIE,4,4
42r0LZ9g8gq4afWztSw54k,2,2
42vD6luOTR1WtATGz1zns9,2,2
42vMaWQYBqk9kf8P2uaT05,4,4
42wrGE9uzMGFettCcPThfl,2,2
42ydLwx4i5V49RXHOozJZq,2,2
4328XbWYtIcN546IoHyZjh,2,2
4335pP7BWDcZtaiLz1NEMb,2,2
4346ts6RdbK3diJWlFX37J,3,3
434VcYrm3FPRRiW4jw5nLb,6,6
434s5Dl0MmJuwu16VemO50,2,2
436kdRl5mPZkIjaBYwfgUN,2,2
4381FmKZc1uT2zzhBiknH7,2,2
438mvglmmUAmK8OARQqFvd,2,2
439zojj9sT3YNMDXHcjmZp,2,2
43BSpcCWtZKt6HUZujyY6O,2,2
43CLNfvNyalChk97jKDiAD,2,2
43DeSV93pJPT4lCZaWZ6b1,3,3
43GS3mtezoIFiuIZCLLiDY,2,2
43GfQ1SC17rBWiHkOtdwK8,2,2
43IzDkciBPgqULDdAh3MUl,2,2
43LO5ZihiRySb3SbvaKc7b,2,2
43MjyvXLtVO0sY9Mv2X6vz,2,2
43NI5sAcvDLG7QQAmUc7UU,2,2
43QSsuxazI8xms29SYCtxh,3,3
43SZcLQB8jtHMuDVDHTV5S,2,2
43UwresvfvNPDl8BQruk4L,4,4
43Vf5BA8PaR5drTVcABix3,2,2
43VoASYNFFXqy2HE0rAm4W,5,5
43YkTTlOD203o9E5ZxhUjF,2,2
43ZA173zlPZnKN3YSjrzHU,2,2
43ZXaExiD5ExmSpmPK5aQZ,4,4
43giVeu0nQElsqMHG3iNXf,2,2
43gu1CX4K2wdXWVvufsZv7,2,2
43hcHVoAiHpkJ2gMbmO72h,2,2
43jdwv0eTXxB2NsAiDTqxh,2,2
43mHckutQvJr49nT0UvRxy,6,6
43mulJ5Q7ECMNpqpmtflNt,3,3
43p2e6ACVNhBoV42kEr4J8,2,2
43pllzWnKSGTw4XCvoNlG8,2,2
43qZK77WZUsK6c2HOvLXzj,2,2
43qaPyDc2LJFpS334U4B5M,2,2
43wAEql15k2lLyDC568uTE,3,3
43wKR9DJeSUD2OwVKvdPKU,2,2
43wl08dxGA8h51kuahHLYJ,2,2
43zjzzrWWXSACEH6rhj9x5,2,2
445XlOVyjyGvdrQfkQA1lg,2,2
445h1KsQ3qBBqJjOBKKkZ3,2,2
449o6M6AUl1DWsFMiBwyVF,2,2
449z5UnyKYcMjkmgnItHgd,2,2
44AyOl4qVkzS48vBsbNXaC,3,3
44BsTP3MwFY22X1YijTcHM,2,2
44DGNUUvSQjqFxwgFC7wsf,2,2
44DZcIw2zxia4ECEj0ggFI,2,2
44G4aqgPBa2dnjmaGjbari,2,2
44IRk3JU9STse043Fkz9Nw,2,2
44KQ5sErX0T8pQEjqylVEL,3,3
44ME4h1RuSByXJBt7pwaA7,2,2
44MxUoeZg6FXDlHMrSbVjX,2,2
44NRdYQw7P0GWuiunRv3hr,2,2
44PoZWQ4EHIXS2aFHcDfL5,2,2
44SjBW2nkviJexwZssQ1Fi,2,2
44SoNflj7JIydOLCVoa9Vy,2,2
44XOi657umNvDxNw8JvljD,2,2
44XjoNvtwevktFKjvVe1vH,2,2
44Z1WAIMYPOHKrIufek8KE,3,3
44ZcbH1W8X5OXc7ZQyKNVw,4,4
44ZjtiuwW9fA4SHrvEggL2,2,1
44alNkXsYnTyPnkMdohBcx,2,2
44d9YTzlnG1CX9Y7BLgHUp,2,2
44e6LWMz011gq6QU45nw2P,2,2
44fGrLd73HAlF2ooc5e1YE,4,4
44fIc4zJWyRvmwCsUWdrWh,6,6
44ia764XUgyUzPVHDALBYt,2,2
44lCTQhD97O2kfZMctrGeE,2,2
44ljoaRrogXke0S4U8iekW,3,3
44pN9jfSqY3d3lrKuv3QeN,2,2
44qWzzAQIqRpBw7S2YZO8y,2,2
44xO8889yUQHn70P73NILS,2,2
44zVV7hw9cCj2tmzCmmChE,2,2
452KBpASS5lZLeJWX9Ixub,2,2
453IofwHpiHCwwFnbkZn0a,2,2
453sNAmiyjCqcJQn9cOjUA,3,3
455lcFHS2MOMKcGquhAf22,2,2
457p7UH7hoHrbA2iI4PSCA,2,2
459EdQfV196emJYVTMYZd1,3,3
45BbvslR0kdNkO79pDhAhM,2,2
45CwQAnBujkKzbDKX5wJmv,2,2
45DuBoFFZQFmSc1I4ZbirR,2,2
45HHTHXv7gQ5q2r89ui2Fy,3,3
45LAadCsBXb7AMEFPajwC9,2,2
45OX2jjEw1l7lOFJfDP9fv,2,2
45PEs9rgK7Q4gcxwOsPM4o,2,2
45ROR8UMn60YEVQnDy0uVF,2,2
45RmMaxyGkQG7HNp5SKxoK,2,2
45Szkclj1lt4ubm7RFK68t,2,2
45Ttbu7kbSZ62QwjIcmbQC,2,2
45UI1yzA7vjkWHoAUZ8nGp,2,2
45VqWgUpU1XiMaCtKZBxkj,2,2
45WX2cfbL8bCIqv3rOq1G3,2,2
45WaKduwtrn9qnqj3GYeIX,3,3
45dGKmN6jw7PgK6Dw2rEp2,2,2
45eEjffcfZfXgILWoY2tZw,2,2
45jGOHwYKgsRYbAJ8DR61d,3,3
45n1UykYUNp1LgRt8auL4U,3,3
45oxtVfleBBYG9ps80hyTL,3,3
45s4AQmANhxHbIF9S0900V,2,2
45sGF1ECh24oYcaSZ4jBxz,4,4
45skzwZt6b2YX5ap828goG,2,2
45u1g3oY1Tb0Ibmlwqo8f2,4,4
45wzRgkkG5gjuYS3OkFWaI,2,2
45x7IKCBRhKUc3kSFilH2q,2,2
460WMeltK2dxce4qhcaCF7,2,2
464RPvFsPPkLd3MNdqH2ZT,2,2
467COmJuCIz4s7sorVviYj,3,3
467iefma0LTxEA2EiuQeNN,2,2
469rBLYJUZHMJLtq2Wch3h,2,2
469w8UmJYEGGMTNafmscjz,2,1
46D2zSMB947twxxJgc1n5t,2,2
46DBOCyDDj0FFnWniwwNVW,4,4
46DRBgPZrFJKDHHQYIY6OG,2,2
46FPub2Fewe7XrgM0smTYI,2,1
46GMwaaG22TQoKbtj4O2rU,2,2
46IZ0fSY2mpAiktS3KOqds,2,2
46IooGCO1Djy8X4a5Rm7yG,2,1
46LoYZSh8V0Ean52vPNpcC,3,3
46N0cSUeoKfdGOGG852Jk1,2,2
46OIVHWlExMXlqYRCpkEYd,2,2
46QazXxQS0B31CnbRCy8CV,3,3
46QbY78ha62aiu6gBgC7lS,2,2
46Qy1xAr2K7rylRYwdQ6Gw,2,2
46RvocxUkMUhCtDxk1BUyT,2,2
46T7puWlH8ptC6lx7bQ3TY,2,2
46WIf1TzfOl4jfaWbGn9QT,2,2
46YSff2Rq1ZtN1YVk5cwbZ,3,3
46b1byPHqlHMZzddmYgrSi,3,3
46dKF5AW6NjRyKirCeg4JS,2,2
46dMEqSYXPLEQosHOse0H0,2,2
46elU7IBKWf55D5sjHGqO7,2,2
46gSk82duJtX3TTA182ruG,2,2
46jni4B6gnRB5EbjIEnsf3,2,2
46kKB60L52z7OXqZaxc8pJ,3,3
46lFttIf5hnUZMGvjK0Wxo,3,3
46lyJh9GYmWsHez3EsvmAx,2,2
46musX0gdikT9TWkzvs6fC,3,3
46nvQpUDsxpS08UTFOeKTA,3,3
46s77n3x4XZqUhZfIOCax9,2,2
46u5B2WN4wryYLZuMAOmI4,2,2
46uMIpDYQBG6iSHDl5y2ft,2,2
46yKGCvtPXuLq5JUvY8Rk7,2,2
46ydq5g3k17iLJs3qMDvO6,2,2
471eQ7hcJ7JdGY1NzMmUeg,2,2
473BctFOaLD34baSLIr3AS,3,3
4753v8gP7AT9df2zgxa2N9,3,3
476V2d6iA2tWXgQboKmTtA,4,4
476aDnrdzh6DQ2Xa4KSSwX,2,2
47960GBapFd2ZJU6LbtwZz,2,2
47AOrVM9akhsb59TD6ijjz,4,4
47Cd4WP1ZOK8WXC68kqZ03,2,2
47D1MteoEgomknRGkrKIq6,2,2
47EiUVwUp4C9fGccaPuUCS,4,4
47F2hfDB2JbfapBJjIzIP3,3,3
47L7EinVbbEBraJE0MMnW9,2,2
47Lfe9HFfIxi0e8XMLlDKI,3,3
47M6eDZT5JVRxteXdYy1VB,2,2
47MtUiBYZmxs9bdqN62KuQ,3,3
47MwPx7nbFUD5IGVhL38Zr,2,2
47OVNnZJzIkrsEiZ4n187p,2,2
47RAxX2yfiZWmsNKLvjQON,2,2
47Rqh5ZSamtIOFi7G6VgFJ,2,2
47UFoOuvrkt4khE7c5aap6,3,3
47VUUYV4pWnUDaeMAOn4t1,4,4
47WNjXohtA1A6gY2zTKZ91,2,2
47ZtIbXcqQt0z3YFmcscDI,2,2
47aMbtetHwI7tLR9Z7iec7,2,2
47d5lYjbiMy0EdMRV8lRou,2,2
47dUWyurHWefCpINwcvit2,5,5
47gmoUrZV3w20JAnQOZMcO,2,2
47hXMyQDGW8sA1NGqmFL7h,4,4
47isJpIIO8m7BJEhiFhnaf,2,2
47l9ZNCnbLoLYST8Csmuz0,2,2
47wkGrU4Rxv5VbNfHmEqw4,2,2
47x1Gh7yk5mblUWxWRdtjH,2,2
47y8hRlWLEJ4VafE6LMjEZ,2,2
47zHQVLf1JANzOYVX2bsVB,2,2
481beimUiUnMUzSbOAFcUT,4,3
482EWxlRDv7Bt57tVulXJ5,3,3
48AAhCg91UjUhFZ17sNcSD,2,2
48AJSd42lXpicsGqcgopof,3,3
48AOncBL3ZkSCJLzEh1OdO,2,2
48CKzGWOC65n8a8kdANJV8,2,2
48CnX8v6OD9kqmeTIaLS1k,2,2
48Fp2J0S17QMdcOFJNpUYV,2,2
48GOApO30oXNcXue1Scdor,2,2
48JYYEXKNZdXuDdZvkRvaQ,3,3
48KgRMAaYReGuflL8bt6Za,3,3
48LSzryqsS0K3oNJKwBtEP,2,2
48NmUbjBeqaHbYJwl8xFm4,2,2
48QmG1dfvMuYLxMPt7KSRA,3,3
48UPSzbZjgc449aqz8bxox,5,5
48VdMOHlnUZr3k0NDqza3r,4,4
48Yn5OAlrve8PAhxDhTNUQ,2,2
48Z50XFPDJMdZaSlAX58JP,2,1
48aum3DqFk35mK59Ji9h5z,2,2
48b3btPS19LeSIgOsA8q2c,5,5
48eDHR9rcXM4qpJwfXyUhG,2,2
48eNJMsxCrpI0yBbfEcTJ5,3,3
48ft3s71HdFEmEJPhhHssQ,2,2
48gmTNjtEFROuEWHegOASs,3,3
48hJUROArdc4DBuVVpxMx8,2,2
48i055G1OT5KxGGftwFxWy,3,3
48i1p3R9l9f7zjcHPJysZZ,2,2
48q2h0nYiAOfomJHGzHQJy,2,2
48sc7vBJeNoCEQhxO3zYKA,2,2
48vDCZIRmrFO33fH4QU4ij,4,4
48zFZh27QU5qsrBjn4C2FA,2,2
491c4G5XxA8I80zNvR1rLR,3,3
491wIDZNOChYOrX0QYig9z,2,2
493Gp8GQJHDtfGyUKvihrF,2,2
493QaNbrvbEiQdPH9hDP6z,3,3
493sx38WWl4MY9kuvEmIVP,2,2
496vIKS2INz840xZaKncvR,2,2
498lVXBqGg7t1GIVAAlhG9,2,2
49BfJjMs40ki2rIRX4IbN3,2,2
49COPp81lGS9Hl9OwKlsKl,2,2
49DiBZ3GwhSChqKE6XOkzx,2,2
49MHCPzvMLXhRjDantBMVH,3,3
49PyCCLOdJi0jHkGyyY2vv,2,2
49WUxUv2DCqTMFBctZoJSS,2,2
49X0LAl6faAusYq02PRAY6,2,2
49Zh9bgUz7SQ00D3vQuBU4,2,2
49b0lWRHXFe8FKwX3mUQSX,3,3
49cP1TSysfYkF5UOKF6evN,2,2
49dWqx7i6heyJYCMdhAKsA,2,2
49djAWQgt8LhoTQrSRBkqB,2,2
49eU6cfKOpuh3DiuwNma5l,3,3
49h9lUseWMnzyU0W8E40mP,3,3
49mrUgNUqZvCyDpcjO3XWb,3,3
49oArb5U9DsUXpPSjDPsob,2,2
49qEikVVPd6PgH6S2pbXjZ,3,3
49qvegzonjCFLkYNQpyqxQ,2,2
49tMnLt1iXNT6QBOsepFyg,2,2
49y9Jh6uPCc4DrhmL6yavX,2,2
49yGVckA7KfjnYpKtBdACZ,2,2
49ydqJJrXyYugV1DSPTfgO,2,2
49ztutPq82dK8AYDO2OkN7,2,2
4A065x9kJt955eGVqf813g,2,2
4A1eCJDtbh7jty6VixOQhy,2,2
4A22TgVho7f5ZRSDbvzftT,2,2
4A2u7RmGIQk9bjoKExlqj7,2,2
4A7y85waLDMmWzXzTA45ya,2,2
4A877aMx7nMPWcZtJdqApk,2,2
4A9zDnQq1LXN1U80fUpIzj,2,2
4AAcxOYMztCUH7dtNv4JFo,2,2
4ABDFuZgqdg9X8Rw02WfYF,3,3
4AFsnSFhRS5tc07RDKsY1z,2,2
4AGvLxSCLfHOjndRFUXPGd,2,2
4AJSezeHRUJsQGlnhSQDUM,2,2
4AL35ipeLY3R45DhAteP8H,3,3
4ANmPUsA3LAvOSP8xen6Vt,3,3
4AQ6h4ZfBXMPMn3IZ6eVW0,2,2
4ASOMWcJUrwEpjJy4GEijz,2,2
4ATJnsY7mjoEbvsTjKaUVp,2,2
4AUror8X0wwt0KSpTJmGHW,3,3
4AUxNO54OYjzKBm7LJpgIh,2,2
4AXAS26dUVTnCnubySfkbv,2,2
4Aa6aRfP8Jpiud3TUloyLL,2,2
4AanDau58qmC16r3StYgjF,2,2
4Ak7zEzrMrqJKFc8mE3mUa,2,2
4Am7HvT1CHDBH5bIdat8Ll,5,5
4AoQVhME8Ko6LNm4lV2wwQ,2,2
4AoUdMZGoPZZQxVFnoVQEl,2,2
4Apo9nEhy16YNp33UQDKdB,3,3
4Argn9jaXH4GYQFer2X749,2,2
4AuLkMqJdyQyGeShCU5ik3,2,2
4Av96uADG9Xi7iJFHrbqFJ,4,4
4B1A052R2n4HGE9JeieF5K,2,2
4B4vJppxKZTnqb6qyS6e8h,2,2
4B5LQW1ydseberjELe4rrd,2,2
4B7BMeAQxw5FrZlryfSwzq,2,2
4B8ROu7Pp6tbRMzbJQGixj,3,3
4B8RTAHSPfYpV222GsmEjq,6,5
4B9KVCZ14XPuLrkuFJ6Hov,2,2
4B9LVU9KVJ0QZfOrBxGAHU,2,2
4BA7H9xuWihNvaZmdH99gd,3,3
4BDkjIvf7i6NDIa13ULvbI,2,2
4BExko3OEVRa3RI50gpFgA,3,3
4BFlYVvJUWk42OoxAuCg1N,2,2
4BHhSAdFoiRFwfLz2HDnIS,4,4
4BIuY0oEopXizyP3WvkNrT,3,3
4BKlZ0UQOjombKzFFkgSlm,3,3
4BL4aEbddW0OGv6fFYYFUt,4,4
4BMHp3DkI8VLsuB9Kr0pzu,2,2
4BOYIpYF7zTYtAkpjoD687,2,2
4BQOiXerndu4D8zm3Y9hw1,2,2
4BRkPBUxOYffM2QXVlq7aC,2,2
4BRlQ27PLKJtgnWGFISxOM,2,2
4BTPzhEsyW3blWcxcuhLM0,2,2
4BWynWBPy9awPUG0WzYEZl,5,5
4Bc5UahomuR0ebb7tJDKty,2,2
4BggEwLhGfrbrl7JBhC8EC,4,4
4BiiOzZCrXEzHRLYcYFiD5,3,3
4Bk76LbSP3NtaQk192fgaV,2,2
4BoAuxhz1bOHMpeeQk3r8I,2,2
4BodkdQk2Ouo6BFbLqoWtG,2,2
4BppmhMgZbObWXLwFRxOjC,3,3
4BrvRsCZ1fY6NPJMtDKGFD,2,2
4BsN2VLlvd3BBJCt7gpwkc,2,2
4BuKcv3m61D3feQaJVW4oF,4,4
4BuMHNAzKdsmQZnipQIrMo,2,2
4BvuZVf9KyBN3QiPfeI9hw,2,2
4BxHd0qZINzh99YC1Enwlh,3,3
4BxzNZpcm1j3JczZzGNe2k,3,3
4C11fsOR3N1GZ0dttOy4pR,2,2
4C1Smq2t3MVOPzsUPWW0oX,2,2
4C4Pduzp8LfAtQXHAGQWM5,2,2
4C6BiYp29oZfo1sxJGwrnO,2,2
4C6Uex2ILwJi9sZXRdmqXp,2,2
4C8qZRxrteBY9F8r2oZrV3,2,2
4CExtMzQjdIiyfzTNDoCDp,2,2
4CFlaEtdgeu4mFmnUApAyl,2,2
4CGBTtlrjZj7ydpV52cgB4,2,2
4CGNLY0PVsVGubWkee0lbO,2,1
4CM2CpR5UpFoObTmuFOUIj,5,5
4CSkyVndCtMY0SQ3c6TA4y,2,2
4CVOUJki8YUWol3jhLphgs,2,2
4CYQUeKtH5nAKUfLrePjEL,2,2
4CaTslSXWEXVdw6OwyHsNk,2,2
4CaugnobWI6UpdixogHUrl,2,2
4CbKVDZkYKdv69I4bCaKUq,3,3
4CbZ37zpHKk3FQuV7bRVHB,2,2
4CcLHdPVxsePAnX7NzfgxT,2,2
4CeeEOM32jQcH3eN9Q2dGj,4,4
4CgJCGujC2fsKwuUyBNlc5,2,2
4CglFxZhBqgr8nUMDjxalT,2,2
4CiWLaMrGQ9CR5j604HyoW,2,2
4CiqKccFFYGmFPz7HVTjfW,2,2
4Cl7PMDB1O5ZJC4I5gI1Gr,2,2
4CnwktWyYuXEtxbMIbJtXP,2,2
4Cp1G28atULvUeanW3vomY,2,2
4CpZ0tluVXhe13GEPPzIdg,2,2
4CpnDXnXGK3vVcB1rj4ECV,2,2
4CrDai0clHlKcgizJJThV6,2,2
4CrvuZnTyzReLCcXRMETLK,2,2
4Cti8D5eFnO5WQ2DIev9ZI,2,2
4CuXyFGGXns7BvvYYCaWA0,2,2
4Cv0zyNdOe46nuIablBQf1,2,2
4CvQVmA1wVX4gKOJ7aQOZQ,2,2
4CwqO0iNCHRA4fATRPs79R,2,2
4CyEtLfXTjday5wQ6yHJQG,3,3
4D0cs8YKxzr30UTQ8RquNQ,2,2
4D41idYLHmXYGaHZeRWtPT,2,2
4D6mqENQoxRrkmkBkvuXsL,2,2
4D75ixy2I4ft75Ay25fKyP,3,3
4D9QMZ3n8OupOPdxU0MMBS,2,2
4DAR1lX8D0pFUWmjrlnMro,2,1
4DByODaX53FL51bjyJNInS,2,2
4DEcdqqKokU7UAE4wCGQEy,2,2
4DHDIdeayp8xvlyg22wREO,4,4
4DK9SUOnVliHTl0kVjROv0,2,1
4DQg4j3oJyFWiPyc9g1fmQ,4,4
4DT9fqXi4JtaBDhbPjfbRc,2,2
4DTjE0HuAiFebTHvt6XOIn,2,2
4DUczTnQxJ6vVcRgFmItvU,2,2
4DVIA9RLre5v407SeMerY3,2,2
4DVU0z4zLAqPq2ShvB7Hl3,2,2
4DVuavuWf7bWBdFs6vzlpI,2,2
4DWvOeinTzhj4DeGYn9tqz,2,2
4Daa0z3bdVVgZGsUZ23Vre,2,2
4DacZf3jCP9tjyQyng6hME,2,2
4DfK4XJBCKH4xYCXZHq6U8,2,2
4Dl15Nv5e6XdyzwG0hZbCJ,2,2
4DmD47YgOMFzBZnehrmWj7,2,2
4DpNNXFMMxQEKl7r0ykkWA,2,2
4DqNBM2oUr5R87cUd2E3P6,2,2
4Ds4bq6aqOSAp1T7DikOi4,2,2
4DsZFbvLhBxz5rQZiozfDn,2,2
4DsjiElZzrVRJZv1nFoqV8,2,2
4DwWLKys3e3SRuJovxX7hz,2,2
4DxGYJgokpQi2ChUzQEzp6,2,2
4DyI5W9u1mM3vmXtqWq2wC,2,2
4Dygh4Ef0TFQQOvKbLGbXf,3,3
4E0GDPiQLATDZE3HnvYt9t,2,2
4E3sRBOjCjxsotCLduEJcN,3,3
4E5rL7YL0hVUPqeMSpjEF2,2,2
4E5xVW505akJX0wcKj8Mpd,3,3
4E6wpXABj8XosZEPXZz2OK,3,3
4E8tYlwwsmvkLIchyy0b8P,2,2
4E8u2HuqtMpKMRtZILYpAr,2,2
4ECasrEmA3NeiHQpinwZ2A,2,2
4EEBn0pbdBm3eUk5WEyizA,2,2
4EED67Itwxe7qew8pAiknY,2,2
4EG10OLde2d8EisbYoKTuZ,2,2
4EHWldZTas5KUyFtT0rQlY,2,2
4EJPDUuKsCArRCvhDx2YW9,2,1
4ELcoBwvEubDVAgsSXYiyf,4,4
4ENkKYfRk9udeKaJBjvxss,4,4
4EQKvkwNbvl3YV3kj8yqxJ,3,3
4ESlJoWBExtFumtISwPabd,3,3
4EVO2VDWNVA4DpEqlHpfuZ,2,2
4EXoyGeHXMoaxM4RthcM1g,2,2
4EXzmoiU4KAggC3UbBueCl,2,2
4EYK0suibSo3Fl7RawPChQ,2,2
4EZDJ5FMTj5pCJe2HBmd21,5,5
4EchqUKQ3qAQuRNKmeIpnf,5,5
4Ef4F9tbb9XcAJwBIdoag7,2,2
4EfcBQEzf6D3h2VrLD4tsX,2,2
4EhkMUdkAVAsfsjbWU6PPr,4,4
4Ei691AKbjiGscPcMUdA4s,2,2
4EkUrEYfuH6rycfOg9zeYS,2,2
4ElJWGgNZuBFes78seT5k2,2,2
4ElNxglBjcrASiGn58t9Jm,2,2
4EnSchPRIh9xWOb2SIrRQU,2,2
4ErhOgJwZOTI59NXimTmSN,2,2
4EsUANL1RYsCUaWuIZchEf,2,2
4EwSqnjnXCG7NqY08RRSKq,2,2
4EyPadLFhtWojU7mkT5hqT,2,2
4F0fJ8nTw0UzbMaVsiVSFm,3,3
4F1AgKpuFRMLEgtPETVwZk,2,2
4F1mMdWFmzMu1lW2tsx3rc,2,2
4F3GHDGt4yznPzdn9ScHYq,2,2
4F6dlpCLyi8jWWFEjdxCQ0,2,2
4F8OK7mNa51mKqgHqWQiYm,3,3
4F9mATfUA9J8t7oQ9COCcQ,4,3
4FDQiVdgAydMD3r9L96QjM,2,2
4FEcEwbE2vsqhxbTPtiNTL,2,2
4FFtbSBa31aw38ld7zW73Z,2,1
4FJFz3htV3dahKGoa2mGzh,2,2
4FN82sgnqneYuQnW9VFygo,2,2
4FRqM1mahmNdLOT9OQOr8q,2,2
4FUFk1uJuPtUJrDQ8ZSylK,2,2
4FVIHsnonPabmiAkoNKOJa,2,2
4FY2RbO2JEdLK5nMpzXIyp,2,2
4FYbo4yQzu3hGkj2Ix4ucW,5,5
4FcUiSgtBQnKwfI3X6Bm3N,2,2
4FcflXjkAiJ2pV02GyIvsG,2,2
4FcknXDJ8yW2QYUl0cm6uJ,2,2
4FeczSomVWVyU4FW7xDeAI,2,2
4FfJyCX8Dq3BcfOhFEL06K,3,3
4FiHB49VxHRiOMMDTAeR4V,2,2
4FjGjFQoSU3ZiTWDEKF3NO,3,3
4FkcMwtS9paR4RfhJU5Egp,2,2
4FlCXmHd0JP7ue2tK7fVC7,3,3
4FlYcJnfkeBpowEHJ72Bmt,2,2
4FmlL5OdnOLPLzTJNstL3n,3,3
4FpawvuBz4HxTz7UqR4ter,2,2
4FqK9ZI76A3ClDvJRbbW9c,2,2
4FrMb1ckGBrhARbHySQKx5,2,2
4FwfiZYw2hm4CkoZctZIDq,2,2
4FxeY2UZeP3kpdBPbpGggN,2,2
4FzvV0haqBRwiLaIDrb3cL,2,2
4G3Dj555j7wWDZeisudkDH,2,2
4G3IXyVRxSx5lLhUvv3fu3,2,2
4G69MBJlMo7BxDgzj7s7nV,2,2
4G843iAtULePTse2z1epAV,2,2
4GAE2sALmyF5ZvrxOEvloU,2,2
4GAsawgdvkj9mx6Oh5jEFz,3,3
4GEw8k3OPOxWWnH31V7YGS,2,2
4GF8TVlUq9ptfdbK3F7kEd,4,4
4GO7nRMoH2XnvXSIUqNMqg,2,2
4GPQDyw9hC1DiZVh0ouDVL,7,7
4GQjav2jvs9tmbC0KkYtCj,2,2
4GVzBVrDce2kS5TDQBMUJ5,4,4
4GXnutk4q9KXJUgkGJcc4I,2,2
4GYgRE5xx0GrBOiUdz6HTq,3,3
4GaTyDp4257sMSNbNXIlMW,2,2
4GbEcznuSiPW8HeWubVrVt,2,2
4GbwoZj04YWasx5DuEyHEI,2,2
4Gc4RjGYE0jljmrYBnR7A0,4,4
4Gd6yYZtA0U0fQbphXZGWI,2,2
4Gd9PUEuOTOJtbgd4YxLXM,2,2
4GdCiwOXIpmQGUWl5XBqyr,2,1
4Get5ZiY8kJAWaqkPhSGb1,3,3
4GfDV5KQFbnPP5RXOm9KQf,2,2
4Gh9JSLAUWXGEuO6IdbEvM,2,2
4GqMYg91LJXiLjvQBFc3s0,2,2
4GqbR5yxpmCfaxTJSwfCpj,4,4
4Gresv7JWudO3BhMFCVxge,3,3
4Grli0SlPSpMKAJDeZURG2,2,2
4GrowvVL3xpUgfnXj6mVRH,2,2
4GssB27iJeqmfGxS94Tfij,4,4
4Gswlf1lBeiLZ2xLjDUnf8,3,3
4GuW3R2ud8Frygve3UJCOI,2,2
4GvHfRUyNfNz86FbnDThDl,2,2
4GxFCitrF1Fu9qycAv8A3R,2,2
4H2GYxGRMKTsbDRzcjbjCp,2,2
4H5i3NfZgjNfeVwLLyJYZL,3,3
4H7S2ogSxUrX9bMv3a2O2K,4,4
4H8UJEfhJDW7uyTMs7fhP9,2,2
4H9x1lTsMGkBvjtfkduQpX,2,2
4HB60oI2EV1uCu5fwwQ5M1,2,2
4HBZA5flZLE435QTztThqH,2,2
4HC6cDv1j6fpbQ6FOPGm7O,2,1
4HDhnw6qYZNlQqLttbHHEa,2,2
4HGIPyqDxSf863tPOwXiLJ,2,2
4HGq8ZzrPOtXxNEXN4XGFu,6,5
4HMfyF1N7spvVdWuAzyk3C,2,2
4HNNP3T6f7533FXOAphbt2,2,2
4HOVQhtjFCRGY9PnsLoR86,3,3
4HQwS0eDQ57zOER0fp7DoD,2,2
4HR0tnRa8g0pXaircemtcO,4,4
4HU70kqhA6tRYl55kUkg0a,2,2
4HURIP867U6Bllu0fa4ypq,3,3
4HVRP4l0lOnq0Lexs7EmBu,3,3
4HYDUMY0xSpeBr0AMY9cUz,2,2
4HZA7xNDUIbvD60awnomU9,3,3
4HadYIhNfy7evMUI5W6wEc,2,2
4Haz8DCrtorRcaHKR1R8yo,2,2
4HbeGjbt7u3pvwDk1vN7P0,2,2
4HdoM3ZRFpCqT0eKOZpUPO,3,3
4HfNjXo5cFstSBOddIjOwT,4,4
4Hhk9MBrGgQVRFGhUuyvHj,2,2
4Hhv2vrOTy89HFRcjU3QOx,3,3
4Hhyu2arENKbxhDrEHa8jF,2,2
4HlCz7PGRfUNZHgvTWI7th,2,1
4HlVUapocBDBqkPtET2knz,2,2
4Hmjujd9hKnuDfFUXdLJOf,2,2
4HnMrFXdsJYVuXRmPCevxH,2,2
4HrUDgx9kHWuIeNCwbPxey,2,2
4HvfYvRJ7br4wJhZmoIW12,2,2
4HyxYaIV98fUKeApfxHEHv,2,2
4HzqWEdAbzcVFDv0pvxV4w,3,3
4I1Ot6bt683pce1DFfFeKO,2,2
4I2O6pV4gNBw6iteh0UPU0,3,3
4I535HyhUhQItmH6lNC3HG,2,2
4I77FZbsed188zTLXXXWfQ,2,2
4ID45W7QoisqbyFPst3wih,2,2
4IGfpRPTnhzZyL74Ilubrb,2,2
4IGxA3ztKdZdTcFH79Xe9E,2,2
4IJ0HqH6A4LpY5WRsijCHe,2,2
4IKa5EKTmhKvV1wuTJf9Eq,2,2
4ILg36l6cAmhC0QT4lImc0,3,3
4IM0eSvgcbFwuwMx0iYOUu,2,2
4IMY53WTwPCK0RiXcpzAXb,3,3
4IOK3PjSHrQm6dgYZdHZkE,2,2
4IOXp1xFiMh5FtSEGim4CO,3,3
4IPD2ahXpRL6juxejxDSHh,3,3
4IQiuJmUs1KzqR9RiFjXo4,2,2
4IQqOlTZpfjnSTOArpZX5j,3,3
4IRXYhfzLlDCWQJZ9vPAxP,2,2
4IRaaCRMTNH8FWNxirMYIo,2,2
4ISfM2xZuOc9YEtiCqty7Y,4,4
4ITIaQ64inKaI9rjRoNcLo,2,2
4ITduRq3rgDD4nuG7hUpWY,4,4
4IUx4rx5SGWSodHpaSvBFO,2,2
4IX0NlPL5ydiD1jcuT9A3N,2,2
4IXsoIWu4Y1pUCXmqVYysD,2,2
4IaNKhJpfMwzPnMMH8UK0l,2,2
4IaZWtk88n1RD2IHJGUrxW,3,3
4IcB2mInTQ5jFCbcsREc8q,2,2
4Idm2ydGjeD7r2RXZm8h3V,3,3
4Ih2roMW5Dyy2IhXVjx68V,2,2
4IhTXiZLKATmwhMZIb1GQN,3,3
4IhpTG2Kdtw6naxkkWoPer,3,3
4IiNzisjpu8nMqp9XOsu66,5,5
4IiuExPFijOGZnVxGsKWcc,5,5
4IkQXb1IdIziAJmO3FODo7,2,2
4Il2bKT8W9ve7KpMjYcp6a,2,2
4IlqQhaxrGPxmg35YcXXuS,2,2
4Im6GRj17qa7NW76OsJh1s,2,2
4IoWprg6W4DxHjxm1Pi4KT,2,2
4IsHMzDbRE8q5Z4ALsQj3o,3,3
4IsO1J5LSrVwkQOIEdZ417,2,2
4J0DbyODwZJcmIAiTSJfMF,4,4
4J2VSOgTTrDME1UeQk9qiM,2,2
4J7CKHCF3mdL4diUsmW8lq,2,2
4J8yNRPLsdfO1jFgt1ZM5u,2,2
4JAtDXVF8f5OgCkz1vEAfU,2,2
4JC9oW25aChBHuzlillvkh,2,2
4JDV87IELfaz9tS9UKJOKN,2,2
4JDVhYoBEwxf53DbJ8BRoF,2,2
4JE6agBLHGA5TaF6FlqfBD,2,2
4JEGeqPF0RH7oi1lHdtbK6,2,2
4JELRSQrBtkmK2QN5UKKjH,4,4
4JEUmNniFcL5fdbrQWhcFw,3,3
4JH85NNtJViZNr4QZpjxVf,2,2
4JJOLKyNrVeJhyDZt0MOSj,2,2
4JOyMhad5dD81uGYLGgKrS,2,2
4JPXrEdeRufTYKuSPD2lZG,2,2
4JQ47NNAe3KNfx905OxkES,2,2
4JQxGJ8jsKW8pOUVoAgOZr,2,2
4JTtCxkZMVZ04O9rG4WEev,4,4
4JXfNOePhdgMOI7KZ1L25U,2,2
4JbvHDrUvYR1V1692O94lk,2,2
4JexFFm0DJLQ8IodTQ72Yh,2,2
4JfKWoRDra7wa25TJ1iMnC,5,5
4JiEyzf0Md7KEFFGWDDdCr,3,3
4JiaYXeF1BjoiNdLtM1yUD,3,3
4JloN5dBiVokxofXYFcmGR,2,2
4JpToqFup6IoCO8oWFhzWh,2,2
4Jpx1DL37PvEcP3egmYk2D,2,2
4JqgUZ4yZqjeEmgJNsuUjX,2,2
4Jr0O3zgoKEk71sIlABkLp,2,2
4JrGSwpT4RqDOsS6sE4zbn,2,2
4JrGpUQothsSVR6iBhR9NC,2,2
4JsjeOfvN5zzni6LVw4yLl,3,3
4JuKzBOcFT6ZDX1bINNI1C,5,5
4JvmGac2Ew2OTMe1QJlNzS,4,4
4JvzS5bLyxDizlP1OTS8EV,2,1
4K4R1TAW4ct3w10EsHWMmA,2,2
4K7x9KC3XrcKMNdhVoaBOj,3,3
4K8g4J2FoDIXfgi762CKW2,4,4
4K9Xn20HjUTtPaiEY1DllO,2,2
4KBOPKYE7aLnQrZqLn494s,3,3
4KE3EfxxvBZwoLVB3gHCc2,2,2
4KEVN3BYa8bfbSm36OyUIA,2,2
4KIoBpLdHX7nERPfDROJWR,2,2
4KL3FJYexPrPuMdPagHPXp,2,2
4KMR0q5skgPUVS1e1IgCJJ,2,2
4KPOnAujsjHJA8rKW658kX,2,2
4KPi4VNvPOfKqIp1sx19Xf,3,3
4KQTgmkSEBzsGS3qL1aX7G,3,3
4KROoGIaPaR1pBHPnR3bwC,4,4
4KRgqwb4kvBuTz1utbYxfb,2,2
4KWKrzTYu5e7fcYC7nKUun,2,2
4KWWotE0IbxApQFNvtCegt,2,2
4KX7jXWbf6SivrmBHMuDuj,2,2
4KaHGrCbg4hwu25RzUO4Br,2,2
4Kb0JDWG5FmMSaUpujHQeQ,2,2
4KbdeNTyeWbN3IljXBtaBU,5,5
4KcH1ZRV2W1q7Flq0QqC76,3,3
4KcNupwVIuM2AOoiKdgpRf,2,2
4Kf80JwKZcrHE0jJQKuH0e,5,5
4KfjBdFvwtzwROuZiQaHjj,2,2
4Kh6cq3XgOGUK9yXQu7RTq,4,4
4KkwCCRdEwNn72wIARkcRm,2,2
4KlbH1k1grQmwnhEAeblDT,2,2
4KlkkmZpxUkBFnmbAOQ9RQ,4,4
4KmcshOoqSPpyr6XJ0wsNR,2,2
4KngCJe3ij2a6KHP08Fmko,2,2
4KqsLRDsHTHCMhH5ktgc6K,3,3
4KtgvmeeJ83iRxHc9QrBmf,2,2
4Ku3OOZWR4tpKNCVFXILY8,2,2
4Ky2iE37SBYir2GVOsW69u,2,2
4KzSlU2JAYba5hhpIkkfGo,3,3
4L1YNydoXxdghlcty6TCV1,2,2
4L2YTRue209DULWTvKZtRh,3,3
4L3ysxDZEioSTCpNGrAoOz,2,2
4L6hCEc9xFf01U4d66JzK0,2,2
4L6mJJhYx3PNhKhaXX4BCw,4,4
4L7fdDNe0FDcdJg4U6t8YD,2,2
4L95oRzU2nqOZTauCNbD11,2,2
4L96lPXFu0bNll3XEnO0Wq,2,2
4LB264fAdV4BPK99w4UMxl,2,2
4LB2clNX8xZ065fStce2JF,2,2
4LEt6hyaGn4scwUsimBeXt,2,2
4LFlYEavfqhauvX6q2IcH4,2,1
4LGI3DKlPcgg2auAWf4Jfl,2,2
4LGJ2pLDvTRnul3EcZoYkX,2,2
4LJhJ6DQS7NwE7UKtvcM52,2,2
4LK7Zr5pHt6vGr54Ut38su,3,3
4LKmNU9RTRw5nfRwLNb4CM,2,2
4LLBKnNCrSRrSjSTuiwjE9,2,2
4LMlIX9Y8qziRafzW30mGc,2,2
4LTFOJjQt0wSunlfvIuCYe,2,2
4LU6oaf8MwuPi1fQqRz6aK,2,2
4LchU82wwChh3y7VuEfl3P,2,2
4LcrHUkRmXG3c0YD5VYutn,2,2
4Le87goCu6m8L8uNmFRPOy,2,2
4Lfod3ZkXkJBZZhw2cHKCk,5,5
4LfryUF6KUoJNPoOhSsV7z,2,2
4LgWrfYiwdstak9a4i6DZw,3,3
4LjpHe6L21jyTIb2CjtSKE,2,2
4LloVtxNZpeh7q7xdi1DQc,2,2
4LnHfZGEitmIVS17wndaUI,2,2
4Lqk2GpiFB0ZRL2o62eL5U,2,2
4LqkHTCD7pwRtSkrIQSwk2,2,2
4LrqQJeqKbObLdsEego2um,2,2
4LtSTc3xANVhYeeN69nscM,5,5
4LvYquU4UExvNblt5UDwS6,2,2
4LwBxSuZQUJ6kKD1qbcQK7,4,4
4M0ezYulsUFJDrKk9d58y6,3,3
4M8ak2tOeQBos27ReHNtX2,3,3
4MCWSjTJyWPjJ9P8JCAMZL,2,2
4MDP7HRognLy05tr1MlKek,4,4
4MLBqAEzNN89o2M9h92Z26,2,2
4MO8ZfoBPueBLS7dIm99MM,2,2
4MTgIH5OZQHAbdBWgbKSAb,4,4
4MTx23V7Axs7subL3UdGft,5,5
4MUDfWDyMDUJ8Qhe855G7D,2,2
4MYb7NWLwXNDB7bYs3HeX8,3,3
4MiLgByToEVhuGwc6MrSIX,3,3
4MjhHVpKVaJjIHyxnMGUyh,2,2
4Mm9qSuCRoMl8H4yByoaNS,3,3
4MmDaMzOyCDEMCGkl55hva,3,3
4MnEvCz1PWVC9o4l3KhQHA,2,2
4MneVvYOxU1LaySFx8n98p,2,2
4MqFHxNM8uM7UEW4t56nzU,2,2
4MrSl40iewpWmkq0GOi849,2,2
4MxEz4tMqi8ceBMWMGo5A2,2,2
4MzXwWMhyBbmu6hOcLVD49,4,4
4N2LGoEJi3aGDgEAnsjtBz,2,2
4N4rKm6cAmSYQwuKV71YmS,2,2
4N5s8lPTsjI9EGP7K4SXzB,3,3
4N8rEj0nz6oVhyv3aggHfP,3,3
4NAm2eJd4rk2hbeL6DOJEo,2,2
4NBTZtAt1F13VvlSKe6KTl,4,4
4NH4xiPQ7TqNGqj6pZV4ki,2,2
4NHsEHQtUKErl9uXA6Y0nm,2,2
4NO6XC0EV2l7mkKjSJViix,2,2
4NQfrmGs9iQXVQI9IpRhjM,2,2
4NR32XsVHm1oN9x8ExR8Yu,4,4
4NXROG27qc3PGsf6IK5MOD,2,2
4NZrZgrRoR4GwR7flWOXRI,2,2
4NaaF28BeO9WzjDrSS71Nz,3,3
4NeZ7w5jZezntwgohYqIvi,2,2
4NexTaCZZ7Ehnf03A6SVjt,2,2
4NhFaw4t0Jtihruigm13zZ,2,2
4NmWv6PEGEAmorN5UN9fRo,2,2
4NnWuGQujzWUEg0uZokO5M,2,2
4NoiBr1mKL7xEGIaD6EKll,2,2
4NqgF8zFy3zwSMyj7Kmhvm,2,2
4O3APpGNhOldqDsPF8IaS5,2,2
4O5c8T9I55IZr1hEUQrEGi,2,2
4O799OM270z43L7pKzNqrt,2,2
4OAPnWJ3J5w4c4IBLh2chn,3,3
4OEbwdy2hgYXxShjhLtF0e,2,2
4OGG0Z1ccgXKXsKxlUeB8g,3,3
4OIRWMwEHR6oCU7g1QgK0n,5,5
4OJXEwWF5CKqWmCRx8vuks,2,1
4OMgqSsMbVhPCFnivcNAqh,2,2
4OROzZUy6gOWN4UGQVaZMF,2,2
4OSBTYWVwsQhGLF9NHvIbR,2,2
4OTw5splgMdlYklwHMHxLK,3,3
4OZ7U4mX5Wkj6x70rD3uFZ,2,2
4ObGL3b6H7kbe3r7QgaIr9,2,2
4OcqbRkCknnWEoqFIoeLgp,2,2
4OdTyeq4qCXepqucqCeTq2,2,2
4OfqxEKFF4tFQ0ZK14MTBA,2,2
4OgwXdylh75fHfwUzJTUqg,4,4
4OkD8oWu6iojf76kkk9LiU,3,3
4Op22k47ZzzLCyVKDofLnI,2,2
4OpPtBlAU2ayk7rS0SyxlM,3,3
4OqkZC8lvPnVayma2QvRBW,2,2
4OtSo1ZTQWRWE53ZvBfBTV,5,5
4OtqlH4UCGzV8fLy36STjE,2,2
4OvmpueFGgjSLvqRu6vLhD,2,2
4Ovn5T4LAEE8mfYtsmjLoA,2,2
4P0cPlIuBV5ZVac7L8oxS8,2,2
4P1L6AniTDJzANaubzWGYs,2,2
4P8dU9hTkF6imgCoMijYag,3,3
4PBgVPXXnrBJXSUtFv5b2S,2,2
4PCSGmV5PbkFhGjvY0PPEA,2,2
4PDVBVPZrPheaI9AJKWfmi,2,2
4PE5KCTtRcMhQUHBXvBlXR,5,5
4PHppm7v48ys7YrVelKSYq,2,2
4PMc7HFiQfdGycjWzwwkIb,2,2
4POYhha0J5c7XOTuR9OHFK,3,3
4PQiUuOW2rPkVnIOkS5DpZ,3,3
4PShfgy75bCYTWb6hNEMPe,3,3
4PTG3Z6ehGkBFwjybzWkR8,2,2
4PTIAmRG2ckFNySN9FArFv,3,3
4PWxt9Fy949kUtkEi2GI5V,3,3
4PY23WVDXuHDHwhg0P7PDq,3,3
4PaO2lfUtNOso7ruTbPovz,2,2
4Pam4BT3FYZwoWcOLaYodV,3,3
4PbiFd4s18OBMf7tXgtBUc,4,4
4Pbm2GQ9hRdW6CXOY7fdRs,2,2
4PdNeARTAYoZCwdhJninRq,2,2
4PdRmauZ4AF8HJiwpMVaXT,4,4
4PeqO9mURCV4tfYkNKGJ86,2,2
4PgjfAQVdKbPiJDhDxcu8i,2,2
4PkJ7c9y1CwpuVOiJODnCZ,2,2
4PlkeOWaeaS9e0R2DvZUgc,4,4
4Ptg6MQDWURiKpXzgnsroE,2,2
4PwkiQyE09iOcKameCkQAF,2,2
4Pxi7M3fCCBDG0EfC17eHw,2,2
4PyEdtiTEPNvsNSXPDQDDL,2,2
4Pz6d9chtIKUQ628KWDZpR,2,2
4Q2pNhiQ5KtzuXd0GIbRiz,2,2
4Q66chx9WzqWcLItXoZ5r4,2,2
4Q7Q9bmbY5Lo7YamHngO4O,3,3
4Q8Xekfd9ihkVPCBxGK0ec,3,3
4QBtyNxYXxrbFuCdceQNEq,2,2
4QBuC8RxPzFPHPryVdnF0m,4,4
4QCnMOWxfDkTsGt82HULFb,4,4
4QIjnRz7NIkadIPXQyB3UY,2,2
4QJLKU75Rg4558f4LbDBRi,2,2
4QK1qv4mgsfdWmMzp1Z3fx,4,4
4QKt4JmQK1x791t5MSCnFP,3,3
4QN84nnyjO2fhZMbrQJk1g,2,2
4QQvsio6sNDiwRY4MQiqJB,3,3
4QSF0d4ENvMXA03ARpMfaP,4,4
4QSIDE8cLiFuNlyguhei8p,3,3
4QTRYrMatX6MKlaeJ9WGJH,2,2
4QTUZfTCiATLJl9EART72Z,3,3
4QTuyRQshEZYurtIDfE6g0,2,2
4QVS8YCpK71R4FsxSMCjhP,2,2
4QVUWECCW3WPs4jZOYOYTQ,3,3
4QYGKJExNwTvNhf64Cp2XI,2,2
4QYGss1JbmGTxte5nA4JNX,3,3
4Qa6z3YWYWZvtoI8aAmo7k,2,2
4QbpagjMCqSECj6IimTL2n,2,2
4QdV0xTf6iPrrtVNf2Gsnm,2,2
4QkKRtOPA0mU55JoyVqtQV,3,3
4QkfX9IvweUUIDY9pRACPp,2,2
4QkvD53COA5qLA7rQ1Pa7D,2,2
4Ql5Q06HoJeQmpIBl9TngL,2,2
4QlzkaRHtU8gAdwqjWmO8n,2,2
4QmTigFSvsEPWc93V6EI7o,2,2
4QtiVmuA88tPQiCOHZuQ5b,3,3
4QugOfcxDdyDOLauzAC1uG,2,2
4QunEuIrDNY59Wu610wKQt,2,2
4Qv71lFPCObf7zol1uWCJb,3,3
4R0KtYtVHNdqS91IyfUGW3,2,2
4R2LyMD5WcEzV2p3Vfr4gL,2,2
4R4gOp9ybG85RqbrY7JELc,2,2
4R59wt5nnhYo88PIu3cUIt,3,3
4R7P9MgPwDpaXGBseZx9W5,2,2
4R7cuj0TvkNxURIAKReRh9,4,4
4R85DA7JJsUp5SlKvGy62M,3,3
4R8BJggjosTswLxtkw8V7P,3,3
4R8BdwRidxAWaYyFNU00P1,3,3
4R8VBRb5nKbEfi1EIA2B7p,4,4
4RADnYlgyRGpV7tWZJ5JiG,3,3
4RAOI1etsgbh5NP3T5R8rN,2,2
4RAR8g8fZNB106ezUurnE0,2,2
4RBQt9IvE0Qmzdt6XlzNpd,2,2
4RCFS4s70L2dmAIFusubfL,3,3
4RGWHfQeJftd5XrP8JUgFj,2,2
4RGxUjaCmVtD30pIhtEi7w,2,2
4RLEptaOiYYtnZ07Nq87k2,2,1
4RMURwDMQR8ppYYnR0Jdiz,4,4
4RNuCCsvfGF03sfmboHwlT,3,3
4RPSpwcOe5NgQloQS2CDGp,2,2
4RRWdUBfKdN8SdPOIiu9by,2,1
4RVOFKvNboJBHwiEvqBHne,2,2
4RVtBlHFKj51Ipvpfv5ER4,3,3
4RW7EZi7SHSLRwvn1Q8Mqj,2,2
4RWsVVHr55gPDn1FjeQJNT,2,2
4RWsdetm3NxNWsI88bJ23y,3,3
4RbgkygkOkbPIZ30gOfVsP,3,3
4RdJFhfLQcezwN5LsXl4qP,2,2
4RdZfdkgW1OmkajhvcOxA1,3,3
4Rgn0DSa3JAXGlJe8dTLKS,2,2
4Rh78ubsarUiuzs60WuaU5,2,2
4Rky2kXlLKa0LEyqbFuyoH,2,2
4RlQGwLKkrQVIlPAPlOgGE,2,2
4Rt5ie6v0adFZmbTPoo3qZ,2,1
4RxdAzEmkPXTiIU6ULLoXh,2,2
4RzpaDRpNI2JZQ8LtAC05x,3,3
4S0kVqg2nPcVta5sfwbEtu,2,2
4S3KDmiZJQsd6uLPyvHxSO,4,4
4S3Rq07dySyfkce2v2arfp,3,3
4S5LBQbKGxsBOx6oONwaEq,3,3
4S80oe7OJnBVlhNrbQTnt3,2,2
4SAiZ31ayrsVkpIJrHnP1l,2,2
4SAjPkyGsN5NNWOtxYQ9zR,2,2
4SB6mnmUDaJbB0OiyJ23N9,2,2
4SBTogXwTxT4Okzrej5PtW,3,3
4SDLH34rwro1NgA7YUFYYW,2,2
4SDeatb7hVoFT8WAv0ZmMQ,2,2
4SGCk2NRPEueHeupJiIdy4,2,2
4SGpb5hFrz394Fp4LcXGgt,5,5
4SHuKJoNrvt3pj5VEePCzT,2,2
4SJ5sacEdnS4oNhT1oDYmO,2,2
4SM1z0Y8dq0qQcM7MPrUP2,3,3
4SOtTsuFYYlkOOvXMbroUv,2,2
4SQ3WcKD6TkNDnbllzlxFw,2,2
4SQx6YAAwKYT36xt4hol6G,2,2
4SSbtLDkepeOHAckM1FCBP,2,2
4STNPVunY8XtVPF6TLf5FE,2,2
4SURRUkM1Pba8fGL1qihRi,2,2
4SZzJkCyGlvdgmH6ev15of,2,2
4SbQ9hU0Ve1gT1kAni022P,2,2
4SeZpWSgq1c8a0MY3iVy1f,2,2
4SjCFYcyUxsitFDpVINqxA,2,2
4SlCYFaUQ8GRuwdpgniaGF,5,5
4SlOYRL42TwL1ixLDKpS1r,2,2
4SmpAA1iwwFw9hQ5FmYLuq,2,2
4Sp0jLZN8MgPnoGDufJS7N,2,2
4SrXpaZtMokUhhFkgzDMpK,3,3
4SrjgqhVFK3dIbQS4Jll20,2,2
4SsDrt7HV1ECcJ2A7EHfLL,2,2
4StfPt5v3Y4S3t2ZgzOJMa,2,2
4SuBaJVPJ0ttWJBoKwswWX,2,2
4SupI9OXg3hwrymR85hkhL,3,3
4Sxx1wd4nnB8ob8Zsujwrs,3,3
4SyKGgAuNMgRXHgalKbA7R,3,3
4Szq4dulKN9bOvLRW6uMdZ,2,2
4T2UFptnPrq5O4PTNU7e6h,2,2
4T3SkqoVATAGpizjUyrMzE,3,3
4T3Znm03tw7c78fbcl4SfU,2,2
4T4cyYxlYN22sQ50RRWT9i,2,2
4T4vGY2fahasFqlm8XVcDq,3,3
4T5SkpRhRKHlC1Mr2WVaUx,2,2
4T5rPYBa3BglApHnLII02Q,2,2
4T6HLdP6OcAtqC6tGnQelG,2,2
4T8FoNHY3UZSYgOV76ueVU,2,2
4TA9yhZiAMGHISseJM0YE6,3,3
4TBBPZks71c60whhq0PgdP,2,2
4TIPgvu9xxO3mW6WT1HAKz,2,2
4TLoYT6uaGydqUQRZ9hlxG,2,2
4TOY0nJD6T0xhTT7l9W9xC,3,3
4TQcARE7Fd58akNhr3N7AE,2,2
4TRV1GJuTP8bUs3lhe50r2,2,2
4TTV7EcfroSLWzXRY6gLv6,2,2
4TYeIlwlJTgNkPaFxUP0PJ,5,5
4TZ2Ub8bZh4LTs06eANDXa,4,4
4TaWc1aaXknZMXlHvYDBZX,2,2
4Tb9ngzRDyuTbojDzEnNk2,2,2
4TbyiYcllv8PfNO6aAUdxG,3,3
4Tdc5l6RUT5HqGJiKC70bj,2,2
4Tkb7zsDmsawB7S5TpKQV1,2,2
4TmHHLuww0oL4G0UyrMVEm,2,1
4TmPunCnlJjiKu2iYhqapU,2,2
4TmmjNjDVhTZ3pkanD3y7W,2,2
4TntitqQYWyRoIc7WuvESy,2,2
4ToRjW6d1RCptxXmdtl28a,2,2
4Tpne06GcOdTNpWx9EHMcm,2,2
4TsiMwbfsAuJuBSw3Aj9O3,2,2
4TuolvR6umOx58y53a9Vak,4,4
4U1WGnRxI57j3Ebi9A3HtD,4,4
4U2JpOMa70XHieiT6jHLUd,3,3
4U2xYEQwMpHtcwXjSDAHWc,2,2
4U3Oavt5yvwIOy6lTTiBIU,2,2
4U45aEWtQhrm8A5mxPaFZ7,5,5
4U8vf7AFhQc8O5hT8EbDiU,2,2
4U9piBCLMBZyyhCeLf9Jeg,2,2
4UCdQ7bEg49S8P9rq5HVRO,2,2
4UCmiDTgCZwy5QwgsDEN4T,2,2
4UD5xrQI4nKftCje1y5Te9,2,2
4UDmDIqJIbrW0hMBQMFOsM,2,2
4UEo1b0wWrtHMC8bVqPiH8,2,2
4UF7pAsGCfepAjidu2sAXl,2,2
4UGYAzxUtzLllltVU4gaS8,2,2
4UGvqm3e7UElrrriPtnhwz,2,2
4UH2UeR4NKZ4aG4mJI4WBS,2,2
4UHAvi0B47EjwHqKLdrGlA,2,2
4UI3qMUacIIev18bDTyRRR,2,2
4UJSwhYjFagghe56JphrVD,2,2
4UKCKdYiLN6IMA5ZESUTL7,2,2
4UKgwHcyWjHOeUIjixdyTj,2,2
4UMu0o2FaT5O53a5t2CFbd,2,2
4UPhXYKlkMcmGqoEamcABC,2,2
4UTTtBZGgpaNCkYH1E3lIO,2,2
4UV5qm4XHQETdXrVZjIsSU,2,2
4UVkpm1zm3ANOCeXoIxAhU,4,4
4UXM6z4I5PbnJMEP9RRAay,2,2
4UZifG6wVTl3dFIeHKLi8y,3,3
4UakxquolP3wxEBvHfN80D,2,2
4Uhty1kvytzqhwoLO2CVoi,3,3
4UirRyrZ431JmKmqVzfX8q,2,2
4Ukfz6oCzkU5OlA7px1Ase,2,2
4Utp8uYjk0j8eRHqkIHhpf,2,2
4UuGBDjt8gLXsANZqZxMBz,2,2
4Uxcm6gWvxoqUdgnxKw41H,4,4
4UzgLMoTKm0woWLof31Jf3,3,3
4V0Z0Fdc8K2DNsL2lVfeA4,3,3
4V1CEf4NktNY6CfHKBqSKy,2,1
4V9J0qDJlbb2xpOyKeiEd7,2,2
4V9VnRcjHmPbry0tYWRRDK,4,4
4VDAAeMGq6AQZi1GzO8SQS,4,4
4VEEDnEFLI9dUy5QA51rom,2,2
4VFPqkCuTS1tQpbnsSot2q,2,2
4VGQN7oQSJeaGkg7WXy2MT,2,2
4VP37dqsrYmgYiAF7MO4i1,4,4
4VPXFi4vFTtS9wHe6oMQaT,2,2
4VPq4O1fhqHyKpP2UoKryq,2,2
4VQK2IA53BzM7fTSLa7Nss,2,2
4VUwkH455At9kENOfzTqmF,2,2
4VWlZb7Xiq1Im9Abzhe9fp,2,2
4Vb5Y6RQztThqqqFre24wL,3,3
4VgM8bWHJVdsUfS416FJ2L,2,2
4VgUJ2kOgdrCWf8gF0puHK,3,3
4VgYtXCVJ7IbWAZ5ryfvEQ,2,2
4VgdhAy0DBSF5hbbKzTEdS,2,2
4Vha8VfJbyk4i5sl68zJkj,2,2
4Vk7RiaqnO6FrPd5hUYdsZ,4,4
4Vks1EVnEVZzMLpddCVx6e,2,2
4VmgXxoTyo1RjJXFK8Ed6g,3,3
4Voz1fxpNPYB1mq5Nc9i6m,2,2
4VwZ9jqqM8rl5SqjdxHVka,2,2
4VxaUj96W2jw9UOtKHu51p,3,3
4VzDr8H5SCS1P14tyguB1a,2,2
4Vzpf1TmxKmczOiTAfheBs,2,2
4W1JavoraGzh83nluQHY6C,2,2
4W3e2IhmFSNLVOVfDZTAef,4,4
4W3kCjcFMvFEW0p4BJfKOx,3,3
4W5lqrBjMNk8kNCOIrWv6i,2,2
4W6fxo1IseS922tCGMNhga,3,3
4W8sUeokQKfHt1uTXp0Jq0,3,3
4WCywozuuSXGl3CscRHVD5,2,2
4WEv49e0YopSlq65WLmWCx,4,4
4WJQ3CFiJf1GwRCmzcMwP8,2,2
4WJTKbNJQ41zXnb84jSWaj,7,7
4WL3FDdLkZzy1xdAcgcCqL,2,2
4WLeyA2WjHmrKLLdr6YZ4M,2,2
4WNjDQ6LZJxM0nsWyfhHHg,3,3
4WPC9MrVbtnpxcKFDyouit,2,2
4WPXmPeBP3FKFxYD1uioJk,3,3
4WQk59pIrRJxd0xAjkFH7E,2,2
4WRoLfCYJ4sLMhXgQJnI2N,2,2
4WRwhaBx0DgjkD5S9jinUL,2,2
4WXFhx6KBccTsCbGU415Sq,2,2
4We0B3YSBF7utFlQtns2em,2,2
4WfV1CNg91SBp8oG0VY0VB,3,3
4Wj52fsynPssW52HDQuzrt,3,3
4WkPkgFRxRR7RCnBMehalO,2,2
4Wls6Mo3QpCTnfa1kSEs6X,2,2
4WmMZtbFw54OYKrqVKVupx,2,2
4Wo8bxRPZD4FVvHld8YEC2,2,2
4WuWnhoSBm2jMZ2kju6hx1,2,2
4WwWjFCyvUY2fcx8OULByB,2,2
4WxB3DitRDB6LUaofMZXOj,3,3
4WxMqMk1waoa4nCUZlBuJE,4,4
4Wy375MMykH82pUm8EN3iE,3,3
4WyhOKXtCkNVcgfTBpYaxm,5,5
4X0x0waRvRmFC9pc3DdQq4,3,3
4X4wmcy90VFeqSRkYWS1J3,2,2
4X7XP4r6XpJSegnMeHZsEN,4,4
4XBcShO4h4X55x9yMmyKHL,2,2
4XG1Qzm7iqLzntA22qeI7M,2,2
4XII12nbsvJblXfG1I2QR4,2,2
4XIyKIqxM2wo4mZJYPwoqa,2,2
4XLv2HzQCVU1SmncImPh6i,4,4
4XMf6BjWH7Pme8eY4yyEZE,4,4
4XOevOLI1X5MDcd2UIo6KZ,3,3
4XPbmXwd2UGRgSqsUjCSup,2,2
4XQiVpepPeoq9KYt4Pv15B,2,2
4XSpyx2fV1c9Iq9TYY2zXk,2,2
4XWHfXGE0MvK1qMjpSbTiB,2,2
4XWalzsKuGxujpmYN1JMvJ,3,3
4XYeqPS3f221BsY4rdrS9R,2,2
4XYieGKSlJlHpzB3bl6WMP,7,7
4XafCNKCV3FnQUoel6NrRK,2,2
4XfI7M5gLwEY84gYiH4RDD,2,2
4Xgmn95texORroGsAUu3sY,4,4
4XhqI8mj8OjeXhtf4YYNc3,2,2
4Xn89qH8uKOumgvAGSvY3U,2,2
4XnpqBC08oAeRor8r7hfWK,2,2
4XqXNU8MwPHwbgZmNXmAdc,3,3
4Xqx5Gki1x4CSGYe5AYGPT,2,2
4XsRE7Fw0BZwx9a8J5xOHp,2,2
4Xtlw8oXkIOvzV7crUBKeZ,3,3
4XuEiko0gQBN73HsRTNhkP,2,2
4XxSPIjGlXrlDS9zeAmQh2,2,2
4XxfOvudrnBRdlgzEaq1sd,2,2
4XzRHp717ZswJsBQJEUfeS,2,2
4Y2W4zKa3q72ztbkA0r8Va,2,2
4Y2bR875LdPq9JILrY2FSw,2,1
4Y2oB4bxMHThFFPwWD7ZRi,2,2
4Y3hmcRgFw88qJnXGzCwkq,2,2
4Y51P1v7Lgbfgx1sahHJAW,3,3
4Y6pdMS2PwGshq1MYcJ9fC,3,3
4Y7eqYTpV7fQxpYj1isN2F,3,3
4YACCGEjeX1LEpY5tIBb97,2,2
4YBtyQJz3DXZaZjHiFN5Dd,3,3
4YCnTYbq3oL1Lqpyxg33CU,2,2
4YEA9DzQt60W0Q34Dw1O5f,2,2
4YEakHI6sat9bV875QBNcW,2,2
4YFrH7oE7c35mJX3kAQbWb,3,3
4YGX0YEh54BUdaGHyYB6FZ,3,3
4YGhDHkR1cJAfpjLHK7uz4,3,3
4YIhJmihoXwjtbY4vsV9Nh,2,2
4YK5kfr4A1wdJzogZj7jox,2,2
4YLLpGl1Arq6mGOSfjg04O,2,2
4YNhxUpMiSeyjjIdkmHNW9,2,2
4YNpbmyD7RQUhyBbu8V3HD,2,2
4YPv3f4Jd1MD3KmV0WoXi1,3,3
4YU2HODpoaTGigDJYCv5xM,2,2
4YUWeLwUwRMzuxW5H4ASYp,2,2
4YWeZa7AfJArkijVVq8ayc,2,2
4YXlnwnK3yt5xLfF5Q8wKG,2,2
4YYODVaWvNDvqsYiQtJJrM,2,2
4YZFBZr3x5kEWRhKDU6WYz,3,3
4YZg4UXqhMoUM40aPNIX1v,3,3
4Ybl8SLHUxerNOWtXjE1pA,2,2
4Yf5bqU3NK4kNOypcrLYwU,3,3
4Yf9QLUM8EeHaCS7EnaHnX,3,3
4YgEwanzISFU4xa27saTux,3,3
4YgUcH7aKBmP5EeysIjvKD,2,1
4YihOs9v5SEdUUWZcJK4ru,2,2
4YjAQxCMyQaz0j5C1OIARr,2,2
4YjFDZo00BwMLn2SSAmIO4,3,3
4YjKwvKBYxjoOo23PVWlxF,4,4
4YlPfwx8aqehj7eSAhtS23,3,3
4Ylqc711Eq763XbTAOABu3,2,2
4YmuwxEfzF5bXTuwg3sYbE,2,2
4Yo0igmcoNyat1secaH0OD,2,2
4YoRCz66S1Ar5KhDpsqmj1,2,2
4Yr6wkOQPOOEpiGdGI34cl,3,3
4YrxFUrsaYeVujesfNRvVZ,2,2
4YryEvPbPX8FLHml5fRnsF,2,2
4YsKbWkeQD3SoKVhbJ5fPu,3,3
4YthwCt7NMqxQCQfJPZMnU,2,2
4YxsJyL48q7NZiiCj0uib0,3,3
4Z0OyS2aO8BXWY5sXSTwQc,2,2
4Z4ATORVrIp25FqUmtBb8r,3,3
4Z6etTZFr5PB9SXF25k9ld,2,2
4Z9JnhS9cd1Qd0BJ7nii4D,2,2
4ZAerT2NicBmzZ4VkpmWEn,2,2
4ZBxAQzSqxf09s3ef1KBf7,2,2
4ZRs2BzVlK54h1GyZO799I,4,4
4ZSFKEQMre7LJUkUEW28oA,2,2
4ZSMuhXGEOniQlBI6Nns5D,3,3
4ZTTUAjJCd4NMZmIU7RB4c,3,3
4ZTbRAF9eAiV1RPLyzESV0,2,2
4ZVH5KGVB8g4EpMTVLyogw,2,2
4ZVixZtN0pa9cXednIjrSI,2,2
4ZaRg5Sf4TKr0YcFRLh7QJ,2,2
4ZbIwC19U5soz0akMfbUqD,5,5
4Zc7TCHzuNwL0AFBlyLdyr,2,2
4ZeORjxZwqqXTZ5PnXmxjG,2,2
4ZlHgEGwZb3PCq0OWFbhcO,4,4
4ZpXHlV2vQVfPXUvbDSZ92,2,2
4ZrtOchitJWVfyyHJd4tX5,2,2
4ZsHSlKZ9L5jGtXEH4CT2j,2,2
4ZskYxIkEE0PhYCLHsxcF6,2,2
4a11E1OGstd2GEToV8zcxZ,2,2
4a3twTGIFwHZLkaSMDMdOo,2,2
4a5Dibxjp4I8e4DWHg6apf,4,4
4a9tbd947vo9K8Vti9JwcI,2,2
4aChMGqE8sfqt97CZAvXKa,2,2
4aFEI0dqQcF0w5fg8qiadd,2,2
4aPtouX0iuYfYs2hnuISTd,2,2
4aSaL4bbi8guzD8roZB1OX,2,2
4aSfgWmRa9KsISD4Jmx7QB,2,2
4aTCNddtjztjuK2EOgz7ZZ,2,2
4aUsqDkhFNG0IADV9SkaSY,2,2
4aVBZXFivNVH0P5phc6ios,4,4
4aWE5S8LTbTBeR1o44ozLu,2,2
4aWqVlWZwVfuSTVucZrb65,2,2
4aX3n1Pn6jiCbvqBL8eqyP,2,2
4aYLAF6ckQ5ooGGGM7sWAa,2,2
4aYMKMpoKrFBgo3TTIYT2Z,3,3
4aZ3Q0c3BJtj59wHXZAk8e,3,3
4aZxMIynfK07iuw8bDAQ9O,2,2
4admt90cSChznePxyzUVCP,3,3
4ahdel2ygLNWN47cDexfwt,2,2
4aiBJw2AUIIbBzgrhh4uOI,2,2
4ajF5UznaEpfHFXv64AQ7T,2,2
4ajgjf5LuCBLS0b8pOxNIo,2,2
4ajrGS4lfifvezTGfg74Hk,2,2
4alHo6RGd0D3OUbTPExTHN,2,2
4alPbFkCasI3admYNY3JvO,2,2
4aoN6rHl9SkAZJw8BFh4yf,3,3
4aqS25F3ywJ9TGnNkOqilC,7,7
4arcrPMPxXrUEPqn8oFXbr,2,2
4au7FRcgZzChASRYu279xH,4,4
4awRg8VFzaSxRnYKSLeI6d,2,2
4ax8mK6fKao4AvbsHsGuzY,2,2
4ay8g5sUQNTC3bsBLQJY0b,4,4
4azoV50K4s4eBkGRHSVWYV,2,2
4b2jsFgwiua3iomixuDbJk,2,2
4b2tcjrG1qUkSdsqEFP2dB,3,3
4b3khTm3ufGRTyZwuYdasn,3,3
4b4ETAnCPzuL71IhujRpdW,3,3
4b67MDtD92iU5Rsys7yWgy,2,2
4b6FjQyawYRV1qZHp8x8W7,2,2
4b93D55xv3YCH5mT4p6HPn,2,2
4b98LXC0QUWGBteJ5uwVQY,2,2
4bAQf4XtC4kCatGQckSb5q,2,2
4bCOAuhvjsxbVBM5MM8oik,2,2
4bCd2UsMl1l6g7HpuA53NG,2,2
4bD5KtXMzS0pRPlaQ3GDCH,2,2
4bHsxqR3GMrXTxEPLuK5ue,2,2
4bK6C3UzOgWrfaK5IC3pOO,2,2
4bKDv3H7XigHrVYwUwCjiR,3,3
4bL2aekMQ0jdrEyBwERSmb,2,2
4bLCib4WnSGbkPTx6hln2x,5,4
4bLlsvvicHtuPeYFuwLDRQ,2,2
4bMLBGnjAGVFpjAfIkD0UY,2,2
4bMlXWjGoIFXNMrZNpthe7,2,2
4bQPTF342jVUgisDgJGMDo,2,2
4bRdtnPxQOCtszlhXHSGFX,2,2
4bT2zLVv2T4GiK9q9KtI0v,2,2
4bTA4gD859lgPMwfFisu4W,2,2
4bTyhiSMz3BYwDnExidipV,2,2
4bY2oZGA5Br3pTE1Jd1IfY,2,2
4bZgxiO0f3Vk5YdJp0Kwys,2,2
4bh9zPGpEX1yl9Do6rkhHr,3,3
4biLwyzTFqLtDxPPr4Hmy5,2,2
4bj0Wmx0UAYNoLv8UXYSyD,2,2
4blBHK4RMT3qrBeaRpaeJi,2,2
4blPH3Uy89WnOnYlIv7Ev4,2,2
4blUHVZ0P242n0OM3LvvHp,2,2
4bmFTB79L8PUgBgNvXL3ra,3,3
4bmQ3WP0Y8k9mZk3Ajdm6W,2,2
4bpyaPa1xruVgE2GtsYbIW,2,2
4bryIEI8nhqSeSqwMtuV9s,2,2
4bt0XG1MoZ1fkZ095X6WHC,3,3
4bwp2R1oJxwNwoc28T7iy7,2,2
4bxAZP0RPt9gcuTiCBiU5y,2,2
4byiHL0b9mIoCUCjbjI4eA,2,2
4bz7uB4edifWKJXSDxwHcs,2,2
4c1gzL3WjUCmUVDud6Aste,2,2
4c2OHigULUHASnUdOEO7HQ,2,2
4c8erEn1DjLoDp0CRLkNnq,2,2
4cAp9fEdhzLVYEgd7MnV1D,3,3
4cDm9C5jhBiIyYxVhQmMwB,2,2
4cEJA5kwefCilT3N800oar,2,2
4cG7HUWYHBV6R6tHn1gxrl,2,2
4cGbKlsGNZ030Y8WVavYl1,2,2
4cHArwwbJDgsm8fIDqLdcp,2,2
4cHmbzfbEf3RjqCI4scOv5,2,2
4cM2my2lywCzLnmPBaOQRt,4,4
4cMBFU3ZjlbscquikM8sM7,2,2
4cMSd00Gx8bRoaoqhJ2Snz,2,2
4cNOOkWBjY41prOyd2r6Jz,2,2
4cOdK2wGLETKBW3PvgPWqT,2,2
4cQrSREMqBSvJ8ZzBZjVb8,4,4
4cTW1QdgCJiqE1Pvreb80L,2,2
4cXlM7IelyGNnaOiROPZqn,2,2
4cXnUi6qulwgj0fLSu0VYE,2,2
4cfEA7zQhaQpkhUFonoOPw,2,2
4chxJYv0qsOKQukt6cKp97,2,2
4ciXhLtw8bQbyGDS6mEDlc,2,2
4ckTIXFjIHbZkK1HxisLFG,2,2
4co218tAwJM5xQrczWhkZk,2,2
4crczEC1PpoD8TsDsmoWNI,3,3
4cuBQhxCjoXW9EX2UqeQwo,3,3
4cugerDcXpyGDu5RfES1Ag,3,3
4cxXHl9buGjMJpF2x8KRX6,3,3
4d2Gndzn9dnmUC8jIzI9d4,4,4
4d2ZJ9W7dkQuITwUCTuD5n,2,2
4d3ORkKEIDZF9MOV2erLAq,3,3
4d42YQbGZxwYq7YZiCkTDb,2,2
4d4ZXH4dr5bYfgErHiZCX2,2,2
4d5Q6A9elIwjrcavkM2sNx,2,2
4dAN7KcWCWx5jV6dpwtfvN,2,2
4dDtClPSPlmlBNxqvsMwCm,2,2
4dFI3oZOaZn2iSOEUe1FFO,2,2
4dI3UmOl7scnyCU4KgaaNO,3,3
4dJnAPOA2N48M8fKzmL8dX,2,2
4dKwb1qsM2IMjE9MJ2k3tk,2,2
4dLTsUhwJZjqcyuRHNEjIK,2,2
4dPvsvGdLgN1akSh7j7Rlz,2,2
4dRekjkBe1baZ1rDe7JfDv,2,2
4dSH4QOSnQa6PutN1rDHOG,2,2
4dSMQCHt5lPjKp1cAuiVNB,2,2
4dUBeg6zboC0lTUS7TKXfs,4,4
4dUOiTUovOCy91uztDlUp3,4,4
4dVS8rOylV1IMwn0HsQPDH,2,2
4dVVxztRgILPetTC05UDgH,2,2
4dVbhS6OiYvFikshyaQaCN,2,2
4dZIosXCsTzpIXs6tX85Ld,2,2
4db68Sbkp5DydcmUAJgNvs,2,2
4dblKUfR2u2iQXCQ82awv6,2,2
4ddGbSuvryKgVIIBjBqGHo,4,4
4dfKkLkiQsPr6DNux83BC3,2,2
4dgmGHatMrnAG0RZXym803,2,2
4dhMxlB0xQXYafSN13NPft,2,2
4diMr8l7HCK1OdrQM3LAzq,3,3
4dk40nfaQav6b4ZsJ9OYUo,2,2
4dkoqJrP0L8FXftrMZongF,2,2
4dmgrfGknhKKaozk5U3JXL,4,4
4dnca34rORxwEy37z08BSX,2,2
4doNObRI4sHz3klm81tZmu,2,2
4doxKRgGXvYxIMBcFVQ1X6,3,3
4dpEYOPcmHNfvERbiajp3G,3,3
4dq7XLDmFHNwc1yqL339qT,4,4
4drUfuJw6c9M5cXA8p7upO,2,2
4dw78431bSpfPg4SfVWQNr,2,2
4dxQJF9j2qXqZsJdW4Lg5y,3,3
4dyx5SzxPPaD8xQIid5Wjj,3,3
4dzQiCCwu232BtcfI9gOPw,2,2
4e29H6rQHxIBq6VHMOOjPl,2,2
4e3QW45iOnnFUb8DjjXhE3,2,2
4e4DujMLh9227SuYdFsHK2,4,4
4e5s77PZaf4ulqs5bFeik9,5,4
4e6fdJaczDlNjMvNwVMSVD,2,2
4e9eGQYsOiBcftrWXwsVco,2,2
4eAGVhU2RE0OYfFPXmhixc,2,2
4eAwB5pnKFTmsgc3zWoYO0,2,2
4eBBprodHvNoxSVvSjfrcg,2,2
4eBgSyDDQqKHyxCvkqghs7,2,2
4eCQkJy0Gq9i5lQqOJcVKN,2,2
4eGHEHqoDMMejzPhRFTc7p,2,2
4eI5BOrdNZxE8oHqLKUsNM,3,3
4eLKR4wt81H4aso4KyAkO1,2,2
4eMN5YiyDpzWRs2JPCoQ1M,5,5
4eMjf9FgbmFQ6yHZD5EsgX,4,4
4eNOPb3UvhoC6K7NRkXCXX,2,2
4eO3uE6IJVbT5Xex1DrmbE,2,2
4ePrNI7uXjBIaWzTq5l67R,2,2
4eQcRkyIXRwJ51XkL1Kls3,3,3
4eSJM9STV1Tfho9D5n6mHK,4,4
4eWJNtBuAF8RP3hmeNr6GG,2,2
4eaEUmyOmuIkDslaf7xw0f,2,2
4eaynYNbGdL9F90LGLcUsU,2,2
4ebcE2SmkG7nplvzFAWRu7,2,2
4eckydiEWU1CjbR5qZBvHT,2,2
4edHoZerfvMGeLz3ohZit6,3,3
4eg52kepdXGYpsfKzGNqL9,3,3
4el0K1aIjyKIfmXRh5NYRy,4,4
4eoMx75WWJVa0Q6lO3Q0zS,2,2
4ep7HlnNsqtlqejzzyXt27,2,2
4et8IPRZc7pY3tND8NjSGy,2,2
4evLH81AvXyWAw0p9RgBjd,2,2
4ewcgtlObYccblWuAxMUqz,3,3
4exGSaz6lVTxxZVF1xVD4k,2,2
4f0HiyWZhreKLfnxof4uRu,2,2
4f0xBbWvKWmuB17yebh24a,2,2
4f2pSxIgf6TLd6O8GaC33a,2,2
4f3nDjgqXurMryYBSp0TZD,3,3
4f6EiAhsn8j3BhmnRsoR1Q,2,2
4f7ScGcFtjjBLs35q4vfTH,2,1
4f8mIikzaT5Aw3tV5ftwvL,4,4
4fCE1SCDulouoac9Q8XroU,2,2
4fIWvT19w9PR0VVBuPYpWA,2,2
4fKufgPfBjnVHCZw8abJiQ,2,2
4fRXTcxDbKX3CqvTT49Qb7,3,3
4fRfa7duZ3fyzlK5pzkDQY,2,2
4fTHlSAySrSeveDQpxBSfp,2,2
4fTn0u6zKUIjTCF0OoQ12R,2,2
4fUKE8EULjQdHF4zb0M8FO,2,2
4fUbXzEGsCdLMM94rAsell,2,2
4fV0JX8psOmXACNG4Gd3JZ,2,2
4fV4ENJPXONNMtGiujA2Hj,2,2
4fVI8mVwMG6MtcoXvNPlME,2,1
4faDlXyZMSxEuxBdd5gDIz,2,2
4faxL6KhHe3puLaKGaJjql,3,3
4fdhVSIdZv0eB67sX2TDCv,2,2
4fdy3vg2bCXU6L77vC6li8,5,5
4fgJe7zBjVXvs8HxtE21Y9,2,2
4fiOTntQKr24p07FvQDHZE,2,2
4fkqyLMUKC77EvOSGUWUhr,4,4
4fmlVlNvoVLj8aNIPvVSKS,2,2
4fouWK6XVHhzl78KzQ1UjL,2,2
4fvKqLGqlsj7giLICaxTXl,4,4
4fvaW3KmXq5amRQ2S5yNvI,2,2
4fwsVntYxoO1BuozlWFM0H,2,2
4fyR24BKznXBLNkK8LwWla,3,3
4g1dMXihqGqrl3LCyvnXhb,2,2
4g6rYuGNEGe5mPVHcG0dQy,2,2
4g7118rCobKcU4XQXSFlBS,2,1
4g9vBGwvz06hfW5UKTbYl4,4,4
4gBNgq0v7fG5kGC857Pb8M,2,2
4gEgGD5j02KyFYlQeJq2FG,4,4
4gHnSNHs8RyVukKoWdS99f,4,4
4gMgiXfqyzZLMhsksGmbQV,2,2
4gS4KNWCPUdNWWkn69B52Q,3,3
4gTeTt1IuGrOLaJeRP5wUw,2,2
4gVEvqKXRFe2WarhQxMzjP,2,2
4gVwRSCyE40hU3cq8qdkwD,2,2
4gX8uV7Cx0VYsw1nPaL2qC,2,2
4gYotnknfdBl4rlcMJWaFJ,3,3
4gZ0cdB30vF7gVsWlnMjHi,4,4
4gagfSo6yKtWXDicu2oIcr,2,2
4gcTWm58MmrRDhPjyLZRIj,3,3
4gfMJflfYjDhrhLNDiuVLR,2,2
4ggAlL9i78oaVAn9Wx1UJ0,2,2
4ggwK5lXtlTT7lKJeeEnxf,4,4
4gh9MN31XjcG7USAQjhVEQ,2,2
4gi2kndWShH9kDbb9kBfs6,2,2
4gj2XS6vLhDBuiduScHjRX,3,2
4gjjo6scn1yHFfmpWZLtI0,2,2
4gphxUgq0JSFv2BCLhNDiE,2,2
4gs07VlJST4bdxGbBsXVue,2,2
4gvMjEAFf64RJC2XH9j3Ls,2,1
4gvea7UlDkAvsJBPZAd4oB,3,3
4gz5ioUWuYkmtBGKXVZkXY,2,2
4gzpnqZiNAX35p7bA6dBug,2,2
4gzsuuZypVbxs0Af1LSZyB,3,3
4h4AEqy0iBbjdlbtWvIx5O,3,3
4h8Eo8YuHropo5SYRSBWEe,3,3
4h8Pmw3RELdsanPjssyJoB,2,2
4h9oLGyXoSN83H4wPGg3Rh,2,2
4h9wh7iOZ0GGn8QVp4RAOB,3,3
4hAUynwghvrqDXs1ejKNEq,2,2
4hAb4pbqgfgwraiHongYZR,2,2
4hAmLeBT1Ryk2oxSMMiJ7z,2,2
4hC2YJ7vTBMwr2qIIaEvMF,2,2
4hCepaOhXXxm3XTqHvPDJr,2,2
4hGHgXcTOD8BzJKMz062ZN,3,3
4hHvZD1pcvG8rxUkhau6Is,2,2
4hMReJho3x1AuxXbpzy4mL,2,2
4hMkDclhFQpGzChxe3BLS4,2,2
4hNMTaMMztc30ZgaQEdzhE,2,2
4hNUUHv2V4DkFTLtbhYGZX,2,2
4hNjjRYpkftbChRMkRlDeg,2,2
4hPJ1gPE9nex8f8kcPskAb,3,3
4hQguvzuoDWY5SxE5Dhete,2,2
4hWTva9wx5UWJ6wUvEMRgh,2,2
4hWu7G0yGOyVgZdoMcUsYe,2,2
4hXfkCgImL8rhqlppBrDPj,2,2
4haXv9IJwOlJJsT6FNJPYk,6,6
4heFQCyiW0RUEX1Q1lb008,2,2
4hkZMpR9ptEQLqlIorFPeN,2,2
4ho6jJU2nbX0NbiF33i4tX,2,2
4horm0SEWe8kMxFjdf7Aab,2,2
4hrfgsdCAOW9GYDcpNfCWv,2,2
4hswIIoErwEhIwtuFxN40R,2,2
4hv9mEWi4911k1uhU4fPEH,3,3
4hyVrAsoKKjxAvQjPRt0ai,2,2
4hyzGdPczDICVMFzoVRfKq,2,2
4i3xoVyj8Ws3wJllgOHSTI,2,2
4i4PvnqYETKuFF1fLtS9YI,2,2
4i4yd6kbdea6vJdTa516dk,2,2
4i7mcbkECX4kqRvfjbBGQz,2,2
4i9rwlnDxUiMZA9Dq3hAL3,2,2
4iBIFGEGJ0I5ezZZ6VXYp7,3,3
4iDTVERxWIlXYZZeq2XeVM,2,2
4iEGv5Ne6HuCkFCjzxdWQK,2,2
4iF2TMFaiJwEHecDNavRU9,2,2
4iFECwt9g4TzMpX304uqWy,4,4
4iFPsNzNV7V9KJgcOX7TEO,2,2
4iGMiZ5jZLCNBnCsjpPGqK,2,2
4iHcmWi4kGGNCEk44ZIXIc,2,2
4iLLyEZv9m2koIAjLDA04i,3,3
4iMiLm8NqP0RJVr28HxQQK,2,2
4iNRpUHLIeW1T3XdHOx2HG,2,2
4iOeNGGUNms7gNViydA70S,2,2
4iP7HF6dhCmvXOk6pHnX9u,4,4
4iQnJ1nbzIqRirVI1Q2ig8,2,2
4iRat7YqKIWOwkXwDwoEZc,2,2
4iST4hmZvl0qWEgnjSQMIT,2,2
4iSWQ5Eadn5tZvvG9XNzYN,2,2
4iTHIdiHeV4pQzZ9ovdNHS,2,2
4iWvmSCZ0vw3darzWc1qkX,2,2
4icqZpqGF4ZKp0TP1QqsXc,3,3
4ig3DcNoj3UfPdhL2Rw9J1,2,2
4ipbXq1KBTFNCh6R9bAleD,5,5
4ipnJyDU3Lq15qBAYNqlqK,4,4
4isHeZRxdYw7IgGvl8OPwq,2,2
4iwDUy9a2dKXkiuHa7jHXq,2,2
4iya38ctQ1httyA6NOG9oW,2,2
4iypTnIFKZtJyB96lRG6uS,2,2
4izC2yID6txfr8xXN6xbZQ,2,2
4izwRKHJMnsuqS9Su9NkHH,2,2
4j00AaxZI0YKEs9vz3d4KE,2,2
4j0j42ap28XZZQr9SQz9nU,2,1
4j0on3LOcJjmco34Pyv0p9,3,3
4j3X4KX8rURekAVIFUhI23,2,2
4j4Gj9DGGf3z5XeoG7otgM,2,2
4j4Zt1hjZocWXCyrf4kKUW,2,2
4j6sNySAJenxu4oG6q57dF,2,2
4j6z2ZWATIxUHFNpFsAL7l,2,2
4j779sUc98SGgsEP4bl1N5,2,2
4j7CuBuHghewN8vWynNXTE,2,2
4j88zPsDSuGJR5W5n8AKEQ,2,2
4j9XFRR2CFAOn4Z4eIklBP,5,5
4jAvGKPgjfWAMYzyABI9rF,2,2
4jByWjGKnLvbd2YZTOcHep,2,2
4jEdoSDTKhIwu1OcyQfcrw,2,2
4jEgIGTiWCziKA6ExSttMX,2,2
4jEl93fC34ZtDkX0CLlAYP,3,3
4jH3S2TzxyLhME0PYnNtX7,2,2
4jHiBP6xFggG8uUuc7u0WE,4,4
4jJ0RTLxottQzkwZaMIb25,2,2
4jJ3rcbPevOdXr6hFIVW45,4,4
4jKY4YtMxJXwEZbOiHn0IP,2,2
4jLRskkvnFsjUB3mvtXp5M,2,2
4jLVOcizOi34FZryboYa9R,4,4
4jQx9hU0OSISZgPpKFlyqr,2,2
4jU4Go8TPo3bkvRQSYbp8x,2,2
4jU7NPkz4HVnM4hweqNhI1,2,2
4jXvLe7ERO8yIYETDZGU0m,2,2
4jYt1pQqg2mIZmY4FWCZEM,2,2
4jZDioY5bkeiNBGK4lGrlA,4,4
4jZc8KZEuMjwdDx08QhMgD,2,2
4jcIsQPXUXp866w3lT5AzO,2,2
4jeV7Au08Ig1ol6vLDlMZU,3,3
4jfBzfvzRe4RLPcyM5qap5,2,2
4jfgUvR8H7QXpVCX87gO1Z,3,3
4jflaxgK10KuHI9hzxsT1C,2,2
4jgf64qE9glFPlDbi06w1I,2,2
4jifUm3v462Pw6glPverR4,2,2
4jiz1yjntTi04Kstn960LL,2,2
4jjUMXhlTpjs3quiga1Vc5,2,2
4jmE3QZLQv9pIA791PGZ05,2,2
4joiWvli4qJVEW6qZV2i2J,2,2
4jp4Z02kzzg8gK0NmDGgml,3,3
4jx6YFhGbw3Bkjn7o2KgzW,2,2
4jyjh3jL2utCwaKTqKwI9l,3,3
4k1gofu5MHXtsbqfikEzVq,2,1
4k2AjlWruIygEiZyJEy01I,5,5
4k3gATMJJUjP3L3xn2YGxK,2,2
4k5q8y7J26urrLirp603xb,2,2
4k6KS2c3N2ifY0HUCtD4tL,5,5
4kBJKzHDMYlocOXDssdqNi,3,3
4kDZlKBNDgUCMKXui3ZGhL,2,2
4kDyGiTGv3QznWbovgJHyn,3,3
4kFW3Tg41zP4LG9NdaUnYN,2,2
4kFnQ7jcMoT12WJgkUP3vJ,2,2
4kHMIktiFnafGWwXcm5F6k,2,2
4kJLLHWGW4wQwJMBLFBmsD,2,2
4kJWtxDDNb9oAk3h7sX3N4,2,2
4kKhmIdFALmwCYrt90oWUW,3,3
4kKmVmY42kNdTciclcS0Ou,5,5
4kLIAQN2z1Uh0NvpNgz6jF,3,3
4kNbUaQeaG8pc2W82ukGyh,2,2
4kSYNMfWnruGsc9knR15xV,3,3
4kUiK1qK8GW49u5wmmjhuC,2,2
4kW0cBnz4yS6cbFMpVtYYO,2,2
4kWO6O1BUXcZmaxitpVUwp,3,3
4kXkT9HF9ZfDjuv3LIKcwJ,6,6
4kY9pd1AJwnxdThLArfvUb,2,2
4kaLkst9lT3sQ5Crgxs3ic,2,2
4kbj5MwxO1bq9wjT5g9HaA,3,3
4kcnySwaXAKatz4c5U8MSI,2,2
4kfjA6WfgKBt7I7YKuDCkU,2,2
4kflXMtDdukfphfpvp1708,2,2
4khsgdHnKFtl2t34g0ckDS,2,2
4kk3Y5mlIGIX8sQBLEUyxn,2,2
4kl3TXOlj8JXMPtZXUmRXI,3,3
4knGE25OEOeaJocSkSliuz,4,4
4kqgYiNDWcwo9KBq4rz87l,2,2
4krDgarmwOgZxppwJd8RkY,3,3
4ktA0c4RU4MgOx4zW2fe24,2,2
4l1k3bK6OGwfRqbW5HiyT3,3,3
4l4wZSPLrRwtIsvlq5JlG1,4,4
4l5nn3zlcrKSB1eyfuWHhu,2,2
4l9YKebWc0WGhcNbtJFeRe,2,2
4l9rJRwlaMnPYD5DJtIIFo,2,2
4lF1ldtLPO4KkXss6TBM5H,2,2
4lGSIRb6BlkjdudJ7T41Ai,2,2
4lI1izPJwDoyDCrxgMCWtN,2,2
4lJX2CpRZKPWAIOzOdvENF,2,2
4lKuVRhrSO9le6tRbgrpKC,2,2
4lLahP9nb19QJux8cSXSIX,5,5
4lNlpSis9yqTpltXzCl7j5,2,2
4lOw9U5IDaRHOYM9p1TGxv,2,2
4lQkVJzDlpAVmQ9Rz4AFfd,3,3
4lSLtHGwXLZOaOCrI6QKDV,2,2
4lSs8Q2cYcrEy2aps8MPgx,2,2
4lTIVHttNJYHG1PhzS8CAg,2,2
4laAKIq9ZxBCwf99rauPYb,2,2
4lb1IHBZ2eYTk49vPR0bMg,2,2
4le6DvrwMv2rpyN1SPeL0g,2,2
4lftmZjJPhQ9fR67DFiO8n,5,5
4lgEtC1W3xZSRFoJuPLmkk,2,2
4lhqal0Hq63U2wETCeBdG1,2,2
4lhrJ3QFVhegXsm7Bm9znL,2,2
4ljGFqApJVMvkkhnVezg4K,2,2
4lmtILzOIIvOzMBPMUzvKx,2,2
4ln5saFNkiRauF8k4Zum9r,2,2
4ltC6PrqkTtpcRNi5lvS4z,2,2
4lupTQUPLUwzlQoyqCzURl,4,4
4lvTfq817mnTPF2eibBdIP,2,2
4lvfOnCUxyT3aKKamZ3WXu,2,1
4m0q0xQ2BNl9SCAGKyfiGZ,3,3
4m20UzV2cmiPuOlRjvltuD,2,2
4m3ljlctmzWajEZPgxXOBb,2,2
4m4aQLiPbWFyE07xRoJPhc,2,2
4m6JdrQrSbSnjYc89qKvEj,3,3
4m8ttWM8IKXyhpv89E867J,2,2
4m9fRIegA8wUHdBEFUzkaG,2,2
4mBmsPcPa1Eu4LDTHq55Ab,2,2
4mDCwXhl5GRtolTMZPPWN0,2,2
4mHXmiEElvvB137jsGnzEa,2,2
4mNj7IGiHfDKo6qtVqKLc2,2,2
4mOlv94AfgVN7fRcdi8A1S,2,2
4mPZipDmUysKaLxZTDEVsx,2,2
4mQ6f7PV6XaCDRzMtZFoZq,2,2
4mQZp6NPkTwwMxlnDsRUBF,2,2
4mQpBIJKBpd8lcrtZ73SP8,4,4
4mRDHNAFzVK2UvdzZaB5fA,2,2
4mTLnLuHoGhA2xd595OMg1,2,2
4mTfLX2itUOUlydzoIumb1,2,2
4mUiW3rsg9kicTIYwjwSsG,2,2
4mYrbFGkk5u3bnDhTj0jAO,3,3
4mecZsH7nSz3zUkqhdZTd6,2,2
4mfq9pVzDeUvrpoE9dvE2Z,5,5
4mhjR2kHA3XyD6nLAwwYbS,2,2
4mj0eDXQaPjTIub0CI9dpW,2,2
4mjjr1EeynuE236oOWeEMK,2,2
4mmOFgvbHW2NVWrj2tulMZ,2,2
4mn2kNTqiGLwaUR8JdhJ1l,4,4
4mtGAPsQCIlD4ZXdpRi0wf,2,2
4mvlERMC6Bfc7F5Gx5qfyn,3,3
4n38mzJeXeCPQpXS9hMsGG,2,2
4n3mp3DC7JrdXYJCDdwKhd,2,2
4n7jnSxVLd8QioibtTDBDq,2,2
4nBG4RjDuiAa6Q7akigZI9,2,2
4nChyydft5jq1FpXKuXCCM,4,4
4nEFEGZQ5odJGjb7xm2kDh,2,2
4nGy2XA9QGxYb90cNyHguO,3,3
4nJzTpnrmdSw6QuAXnZh4S,2,2
4nM12eRb7k6pylJGGivAQp,2,2
4nOTezy4NW6TNxyvZd724n,4,4
4nOn70NoLWKOwqSaSwbjR4,2,2
4nR3XZ882HTOmXkRPbrgzA,3,3
4nRbhflKt9BAc6YulQ22ga,2,2
4nTj9uSRpyhHWGaeZRUeqQ,2,2
4nX9XlGazE4EkOJQyrT64j,3,3
4nXYkqCZ3MEvF7v9BYuHOO,3,3
4nXkbcTj3nyww1cHkw5RAP,2,2
4nbQx3shQNLs8ySv4uUV9L,3,3
4ngQO2l7l5hAGKDo9q8QDw,4,4
4nh0aT30hfj3smH6flWU63,2,2
4nhL5OXYTOLqJhJGXwEpFE,4,4
4njALT6SfcKtrAc8JdZPgd,2,2
4noOfdgUVxheBJnvOTSKhB,2,2
4npXGz7CmayWQ0gIfMldbF,4,4
4nushtVyhmJXKMiHWA0NLH,2,2
4nvLuqwTOZdEJI1fcHXv8h,3,3
4nwKdZID1ht0lDBJ5h2p87,2,2
4nwkxiAVNFMlF360A80vqQ,2,2
4nyF5lmSziBAt7ESAUjpbx,2,2
4nyN0a40cy71y5kWMLL6A2,2,2
4nyY8oVjbX2d4qzlpiVM5n,4,4
4nydCE0L7G13XLKPzvLlNs,2,2
4nzIpIeHWiuFQnOV5ZELnj,5,5
4nzbkdiJ0GzxNUhVFz43j4,3,3
4o0iMjd9x3znoGAYGJL2ug,5,5
4o1mYiItCSE8Fqlx0rOVgs,2,2
4o1s691Qn6lUmFh1Bl28NG,3,3
4o3XxiQ9BljY4OU38zanC0,2,2
4o6J43bSBDERckXBIpVmye,2,2
4o7Rszx7VVCzrCr1RPlPot,2,2
4o7qQwLjPPwXNNSTax6yWr,5,5
4oANLzDNbbY2rPpwGU3EsS,2,2
4oE62AqzUuiwV09HGxiMlu,2,1
4oFFOPiPg2xaIYJ0LbpYke,2,2
4oFjWv0hf8gPkG6ASFJTHz,2,2
4oHq26hX82ls9HmKGqZGVH,2,2
4oNnnYe8eKMxTcNnPOtAzr,3,3
4oOD9dL7rtVz2s83UBElEG,3,3
4oOPtRCqhe9ROLXr4wS3it,4,4
4oOmRoG2lWjv6COrTT8Z28,2,2
4oQ0u90vIpHYPnc85OeS1v,3,3
4oWF3TczPs9bkEaoQd0P2g,3,3
4oWyUeTIwhPvnVBF3FKwuM,2,2
4oYuZ3msCWFJX4rMphHaYK,3,3
4oaOiFsrOQFqRnIU3hg3cM,3,3
4oaU0fMSg3n9kqOwmLPVhH,2,2
4ocDKtGkfPHFpUlmkOfAiy,2,2
4oeKCbH4TtLxtYtEFru0BY,2,2
4ofwffwvvnbSkrMSCKQDaC,3,3
4ogofzmHYfcuv9ZTyy3OED,2,2
4ohvBiO2i9USq8LhxvFSSQ,2,2
4ojxYY8trYxQBH06Ej6EPk,2,2
4ojzpqoerMJ6SDnzrWcHSn,2,2
4osjIuJmxVYQN7YCtuWaPB,2,2
4oviAMVnj3noW22hfvgFQS,2,2
4oweCKNeJoLEp3qpcLz0OC,2,2
4oxLMRYgu8UBUchMm4OR3V,3,3
4oxiWO9whM6zCHxFZwmlVn,2,2
4p25wyCj4N2t4zNAC5UPrI,2,2
4p6AGgNYuN2y5v7dTqDMu7,2,2
4p7na6NSU0F7lMOhx9kg9k,2,2
4pBykn8eWxl3O9JvIHZXj4,2,2
4pGPLc8H9Br5JGnmphIbcC,2,2
4pIO4Hi73yRGnXt8zRbQ7m,2,2
4pJUzyPGGBdV2yKlqYLNTN,4,4
4pKsU5Z63kNVCgf2JhWnp8,2,2
4pLokvMIhEeWJBNXshWBW2,2,2
4pOYZ7wg7OaSu35iAwbuDU,2,2
4pRqq3MwcqitKqNO8rOrOb,2,2
4pTkDIlpFNoeWbahu8pVXW,3,3
4pVe1RoexcnBcIJBErd4SH,2,2
4pWawf1Rq4qHDv4Ktqjg2D,2,2
4paTIojVRwNvVfS70Q0nvT,2,2
4pbG9SUmWIvsROVLF0zF9s,2,2
4pbMu6fRhg9mEZcHaO4NNo,3,3
4pbcWPWlVftf3uSTDE3NQD,2,2
4piK3GzwbnBh684LRIdzVe,2,2
4pioeMejnqa4T3QAEqwVA3,2,2
4ppd80sFd0vJFuNBH8TJrm,2,2
4pqPoUxXjbk8iqL0vSaRg7,2,2
4pt5fDVTg5GhEvEtlz9dKk,3,3
4ptDJbJl35d7gQfeNteBwp,2,2
4pw7EuK2WTWGHI51jCKuGJ,2,2
4q2azQakSVVyqljRiCZtu3,2,2
4q3FCy1LpkERlvZ6wTscLe,2,2
4q3PSUb7HxCrXvXutLiv2p,2,2
4q3biaQQoADspV16lbsfPH,2,2
4q3si6Gm6keb48hg3T7kZT,2,2
4q4wG8XmmGaBKYuH64vg6g,2,2
4q6ZHerrtO7gcF67KFX0BF,2,2
4q7bQLZgF27HNZEWaqgDJA,2,2
4q7jvS0znF9gBVk7WblXnm,2,2
4qBoJAVBL9qDEfUOlYeCyY,2,2
4qDSaWPRtxqc6fsxL4qn7C,2,2
4qEJ335QcS2azvUJPgHG7S,3,3
4qFgFSv8kYaM9zE2W5uPGX,2,2
4qJRHweiDSSpGDZ4yB9V5J,2,2
4qJUOnvMJvr3sXpIrY8zJH,2,2
4qJrq7Q4ibUcpRt0dOjN52,2,2
4qPNDBW1i3p13qLCt0Ki3A,2,2
4qQeZxkEruWOmxgkk7yz2O,4,4
4qRcjFkFqSpLBzcbLDt7HL,2,2
4qRe7JlY6zvKzrzlXTugo6,2,2
4qVR3CF8FuFvHN4L6vXlB1,3,3
4qVStkAhz8A61r7bfLqPvM,2,2
4qbEaaJ29p32GI8EWQmm6R,2,2
4qdciGWDHMCQrXz86KMt7q,3,3
4qeKW6iHErETwNb4sgdYkZ,2,2
4qfj7D3fL7Q8x2vnCpfMrN,2,2
4qi8jkURFwMPQmUGRtFxI4,2,2
4qjQyKpwS8wFskimnRyDer,2,2
4qjvr0qMFUo26SxwC4VygS,2,2
4ql2jVYt0hD3PFvcsKYVLP,2,2
4qlb4cHm1GmndU5p3Z5s4T,2,2
4qqXbRF8ZWBLP9wwL8QtzB,2,2
4qqfI5oNO53a6W7nWfutKH,2,2
4qs3VTYXin3xtLs8ydodQI,2,2
4qsAYBCJnu2OkTKUVbbOF1,2,2
4qsI4NwXnOSmmIBdVEDpRe,2,2
4qsVPnhbvEooD1bSNqvvh0,2,2
4qtdkdTY1t3RmlmSbWykzR,2,2
4qto2kJITIHyE086P4WtkU,3,3
4qu63nuBpdn0qHUHuObEj1,5,5
4qxInLVzSSRdV5ARt81xRI,3,3
4qyfir5Yr7nfo05g6cyFMT,4,4
4qymdn8JY94UOj1rATccbp,2,2
4r1Esr3fUo4oVeVMMmTlvB,2,2
4r1iag8SixyX9KiRxWVswH,3,3
4r2I7ioBFYcUezMRnPVlYx,3,3
4r4APlZYwRDLt0m91auppo,2,2
4r4eTvYnjzyQnMpWei7Qgb,2,2
4r4kqIofeGj6lms3R5m8Y0,2,2
4r5Z0E4EGbaDni0sX4cBwG,2,2
4r8JqkhpTb5tzSKKHnVJIJ,2,2
4r9qyANhnnv7q2ENG2ggre,2,2
4rA4v7povU8MXhZXOB6DcP,2,2
4rCFiYk6EtafNSfr7cvqQo,3,3
4rD0k13kpwBhFpinTCgGar,2,2
4rE4qF4baoXpustrgtnFRw,2,2
4rF72sAKXnQ2t2Q5aZlreW,2,2
4rH57RWRqo2PrKwYGagrB2,2,2
4rIAqwhHGfWChQvQGYwEfR,2,2
4rIh6qpabjGU9JEYygzhud,3,3
4rQSLX4qMiUWL81hEQOuPY,2,2
4rU28rW9Gy49LmM4ibb0xC,2,2
4rUawbJ9qurU9Rb3NpT4kH,2,2
4rXPkKTkE0oYd9OltdFG9K,2,2
4rbGx9YrJdivpcZIYryZiX,2,2
4rbXqH5cfnUCOH1hZx21zP,3,3
4rfhAoZjGwraqwX1w47uij,2,2
4rhUCUk6QLmddwPfek1pRk,2,2
4riBORG5X5kvQThwODPDDh,2,2
4riVJ8dOg2QpIp3rdFh8kq,2,2
4riu4aBQtqszCfyX2dbF7d,2,2
4rkgXbMWRodQ6OIup8EGcE,2,2
4rlYrov7VH5lsLQklkdoFt,3,2
4rmKHaOjNcqZRb58ng6Htz,3,3
4rnmcbGtbxQA1eFcmfIbN2,2,2
4rpFg7vffIW6v3MLWmVWOR,2,2
4rq928bInvxoDlfWr6nstY,2,2
4rr1OPf80f71BYsDv26G3F,3,3
4rx74n3FvoM0zWU9nZesMw,4,4
4rypm0OAHbU1IXLA8atiGE,2,2
4s4huMzMAmAAbEuSAmwt6b,3,3
4s4odJtCP8YlXssj1VYrp6,2,2
4s5F9S2VO5yEcVfxdvMgCO,2,2
4s5YiAfgPWyq37WukmceRI,2,2
4s6LhHAV5SEsOV0lC2tjvJ,2,2
4s7Me2OrjR7tIeeiWmZnK5,2,2
4s810RJapePf28HaMO92mY,2,2
4s9Na0ywXodZXScgvXmJop,2,2
4s9eMbBfWUDtBEFHC7sNp7,2,2
4sAqdPUG9RkPWLWnCXxuk7,2,2
4sBchehueRZr8z4gg3OgbE,2,2
4sCSUQnWQ6HJsOMjfPicdn,4,4
4sDbdBjuYQVdNNB4PiHUPo,2,2
4sDtOypFLuQGujmcic6aUv,2,2
4sGtZZD7zBZ1oqoQjkBg1z,2,2
4sHxclJmWy9lEdbZZ3WAfW,4,4
4sIhqSb3u7PhFWE5k1Xwg3,4,4
4sJAm5WXrKBycKF20bgEqB,2,2
4sJqSKPc5fZ5OZ8JiVI44N,2,2
4sKqId5IFr8A4CjmdtG01f,2,1
4sNG6zQBmtq7M8aeeKJRMQ,3,3
4sNiMTu47WkUgW87qeUlWF,2,2
4sO7A5yF6SfqiHeINS61DE,5,5
4sO9tnvCH3DJZ3AAXoixjd,6,6
4sOX1nhpKwFWPvoMMExi3q,2,2
4sQZkvEugFqfWQ7OUsssZs,2,2
4sQqysUFcKrpDorWBlGDFe,2,2
4sRmzVSedvFkENbSJ342Ex,2,2
4sWgyKsbRnd6HprFmLQEVP,2,2
4sXc3d5u0z6N6xt3EW3xPS,2,2
4sYPwKoJeFPlKHz3Dwa9NB,2,2
4sYjub31yWSj7eqaNNVtmA,2,2
4sZ8lJPjbScg28ylSLeWk2,2,2
4sZc1lIErPY5VbcMkEhvCw,2,2
4sakBPqSpuj6FJti1rPme7,2,2
4sebUbjqbcgDSwG6PbSGI0,3,3
4siZLgCKM0IKnD1ek6Bt4d,2,2
4skUseiojgUaMSHoaYIvYp,3,3
4skbQNtyjy8A7mo8oqe2oD,3,3
4smkJW6uzoHxGReZqqwHS5,2,2
4srcMdbm2qzVG98tJajHxp,2,2
4ss438WFZnJP0Be4lc2r0t,2,2
4svJStfE1Z3lMpcPeqDYlD,2,2
4svaKoxMMP7ImmKrD5hfQu,2,2
4sxDA8NwmjV3sPfusOPIf6,2,2
4t1DXTyp454P6uY7FL29rg,2,2
4t1DkxexoMbIHfSHS4Uiyr,2,2
4t4vkPr7LWZXxrkofl8fvg,3,3
4t53NE3uBLkTwW9rUgiHC8,2,2
4t8FOtt2xPRrxlhiqW1sKz,3,3
4t9a07PAghtQMRAIP9FQ7Z,2,2
4tA1UpSB34EiIZZPQBeIdD,2,2
4tAFgTwOs5mVJthAx3eMck,2,2
4tERsdVCLtLtrGdFBf9DGC,3,3
4tGJ68OwrbEobOLzyqsv1V,2,2
4tGNtRblzjwLkHllmH8rIS,3,3
4tI1u9uQXYLnswRzcysxDo,2,2
4tKNaV5CxlztGumpxi5F9F,4,4
4tL0U1zThI2buyH4gZZyjM,2,2
4tMBFkwGyBlZj2Rl1R7mwP,2,2
4tPL9PeVZY4c0jUPtSD5nx,2,2
4tQeEHoii36QEGOEacAybz,3,3
4tRSUIr61rjZd4oUQuGVDe,2,2
4tS4bHAZvTJdEl3jFoX08z,4,4
4tV6ku4jEYw9L5gZuNpCbP,3,3
4tXYUkChA1E8u7Qlbg2BAf,2,2
4tYFy8ALRjIZvnvSLw5lxN,3,3
4taoA7P7oh1whE2Z4EHJGc,2,2
4tcm76DyNJiOhj7x7u10va,4,4
4tcoy9e3wbgGlXDXusZEra,4,4
4tewc9qvcbRaqD2Q4cU1wb,2,2
4tifWCOacnfT3xbQr06UQ0,3,3
4tjLYTXFqZhkUDga4bQ0yl,2,2
4tkk65MyQNzYOQKgVbLCZ3,2,2
4to8RSl1qZa7q3X8z4nOk3,3,3
4toGhOrpjQfweDT9flB5iq,3,3
4twICqafR4E6Aw9pesF292,2,2
4u1MSjULnQ95O8w3cJTOzl,2,2
4u3qi4mgvCQzeTSIuUWHzl,2,2
4u4EnZpoThBaxVRLMHyVOA,4,4
4u77rxNx2y59B8vWyQuzPI,3,3
4u9f8hqstB7iITDJNzKhQx,2,2
4u9jtJXU6fAbBBmWL6VB0E,5,5
4uC61EsjWIOyGlJKGqRkD9,2,2
4uDhts78RdwIDjEqPrYVKp,2,2
4uGIJG1jYFonGc4LGp5uQL,2,2
4uJSCrI7r0usNJ3aaHAuC6,3,3
4uJTecbkoIyPH4Ka7u9ENk,2,2
4uJnQswt7f4r0tuI37wNFk,5,5
4uK0M8AI6gyFmyzUneQpbi,2,2
4uT1QJXoGPRaVRh6qQFk4S,2,2
4uT1leY76vDaNl88JABqic,2,2
4uU6tfWR2mywqpKn2akUwV,2,2
4uUG5RXrOk84mYEfFvj3cK,3,3
4uZKz3TLaSEY4vVb86jyAp,2,2
4ua0IepBEISCWwF8dTJvcU,2,2
4uarTKOJ0n8NLBANPvfhRE,2,2
4ugBXQVxTzKLmdCRL7yRRa,2,2
4umLzOBGXqKqNVAuYJqAGi,2,2
4uoR6qeWeuL4Qeu2qJzkuG,2,2
4upK9OgMepvBFEGD8CDE9A,2,2
4ut5G4rgB1ClpMTMfjoIuy,3,3
4uuPCAxVOrd94oxoKvbg0P,2,2
4v16scAVhylOWvkkcmd4DX,2,1
4v1Mn3RGGbSlCqangJrSnJ,2,2
4v3Iyw1DP578eRpoQPpcv9,2,2
4v3qiVO0JzRL8wKx6XpGZ6,2,2
4v5aGcoGfj22PEr53NJOHN,2,2
4vCiNW18AyeaUAZosVnX61,2,2
4vDwtuYOAax6JkphCGDO9Q,3,3
4vGWyNHyhNS44QXXwxaLRV,2,2
4vHUDuEaQeGvKlW2n7Mwbt,3,3
4vJfxpYeM088ddkHtSNqP1,2,2
4vJr55lngvhSM8WIh9CjQc,3,3
4vJrtcgQoULwkPyFkXNYCx,4,4
4vLBnQtece15fFhqWxZvJP,2,2
4vO9dmzNRqDhFY3jD1a3P7,3,3
4vVTI94F9uJ8lHNDWKv0i2,2,2
4vYkeBt4WSX0nVzC3MArPC,2,2
4vaSrWwFJokTqzy5h6eTPC,2,2
4vaVOrCyqWKDosCS3Qr3mr,2,2
4vcDc9heFLPOk9xADiukVP,2,2
4ve9p2wRIRnwM7bbFHmtZG,4,4
4vfzROmNsxedKICcHod5Rh,2,2
4vjpLMyL3ZO6aphdYr8XYw,2,2
4vlMdXsRpAIXYggwbNHZSv,2,2
4vnlMcxPWvjMV2A5Gl8AY3,3,3
4voJGwEr7Uw54pr3RSRIsg,3,3
4vpXjguMioKefak80ytICn,3,3
4vpeKl0vMGdAXpZiQB2Dtd,3,3
4vtSrQhuel5pwCmpWTbADd,2,2
4vtX1U34XrXZ6T8A3ycGzM,2,2
4vvCo9Lxak9UqHVOyFmjFT,5,5
4vvsoE0obRvFalTtxHGnTn,2,2
4vyG9ZhHT8MKJE5mTICMFC,2,2
4w0kFToo4KieF43IMDb9ED,2,1
4w18QmkrEx6IWAawhyqNBO,2,2
4w1KvmhzAlFP9kVd2Oj6TZ,2,2
4w2W5Gh1GjbbSWGF0TD2iC,4,4
4w2dwWRCQSvNUt2Hn8LEAP,2,2
4w2ffrCVQm9X4ToegFseY2,4,4
4w50X1lyc0QOO6AGcfVJyI,2,2
4w8niZpiMy6qz1mntFA5uM,5,5
4wAA41xlqHTgiTc9da7xtP,2,2
4wASBXZ15QVnypp0SY8Jhm,2,2
4wDLjJxeBBK3S1rblfa0Ud,5,5
4wFp5KBeZ4ZDVjGYS5HiBO,2,2
4wHIGHz0UTHPVFSMoVVmcI,2,2
4wIdLHtHAI98UjZqsPOSnE,5,5
4wJDllCkGy6QIKIu7ZHFny,2,2
4wJSJfK4TpN34ijo6gWTmZ,3,3
4wJbCmB4ldmHdE17RnWFwa,2,2
4wL96O7QlsAKX9fwb2dxqa,2,2
4wM7V31TsZzzDBEH02Hltb,2,2
4wPKUEm0EOoyUiFtI6mz1a,2,2
4wQA4Fcc09gK11bzdkDSpE,2,2
4wRqmqh28WCSZfLrKVPA6N,2,2
4wSMi5urWxpBPbnWqfI1Ht,2,2
4wSehsk6FBUrrLSn6acBtA,2,2
4wSmIPQYPWbR72mnkpyBLK,2,2
4wTJ5BMVyeAJ6bvgULQ40u,2,2
4wWe3qI7pyxkNVVA3XTYoN,2,2
4wZ7ZLN0dtrNHs7S4yF5Lv,2,2
4wfyFIRnxdIN0v4OGtXcX3,3,3
4wit0NHnugHv2PqEUtxmiL,4,4
4wiv0itDHcgSB8IjOxn4SA,2,2
4wjKsLqJqLYBzaEO7iD4Fp,4,4
4wlPXKxC2oeiYYPldZaR0s,2,2
4wldV3Pos7n4Ui60bgezZD,2,2
4wobSR77IcbVP58BUwllTy,5,5
4worcVBM2RyWpQIyE7hJj5,2,1
4wphXa88wjquVPBxJbJdji,2,2
4wrBDkZ0ntiBdu7hpHSuAG,3,3
4wvrMJx6Y1Vc5ZZ2KR518W,3,2
4wxm46qMm1P7JH1ivm1BQ2,2,2
4wyxBb3LEuEKPO5Huxwc9R,2,2
4wzHOPBchA7Ab5wOmBHkiO,2,2
4wzjNqjKAKDU82e8uMhzmr,2,2
4x0syYhWwD6zafzXsQXa1t,3,3
4x846NsuIJW6tSxXgL7EWc,2,2
4x9retP0JqKa35zZZhNhNS,2,2
4xAMacCHE7J3Mv875tIYWa,2,2
4xAmbn7xiy6wGOs4oaxv70,2,2
4xCM9zy2m4MfsC8EP00rBz,3,2
4xDcGgOzoQq5Jrfa2gkY03,2,2
4xDwCYhobDehSBGUmd5H6Y,2,2
4xEHOrM6L6J6KetxEVI3hd,2,2
4xEaMLHW5nX3IeMBKZsUqA,3,3
4xEpDppVO70KW57yI0kWEW,2,2
4xG1egDLS0WxscEhf7eSL1,3,3
4xMbBESczlHPUO8QeYi56p,2,2
4xNfsvj9mOVnMTvHZZ8HNk,2,2
4xU4wWPzUNlQgTfaKCcheW,2,2
4xUqqie4bBKufHtlMuZS3k,2,2
4xWLLGFpkCy8qXUq1HsuMV,2,2
4xWzDlOYUJSzJda21R27G6,5,5
4xXdQBMlwphSnCl5thfXFK,2,2
4xZwBITWeGPWVTDVmLfuDf,2,2
4xaECM92qrcin1GVjjtlX2,2,2
4xbXuRfZ2ZLktw5QEdGYnX,2,2
4xfYNH75F5Ji7CJ1v0OMM9,2,2
4xkQxDPC6RBV1Yfx6vkLsO,2,2
4xkm03zMAQXHc0QHl0V2Rm,3,3
4xlEKYv7HmC8zXoJIbpZKM,2,2
4xmq2DFdbkwVqimOKQGZU7,2,2
4xnB2yGAeXOuR3kJ9KTD3b,5,5
4xoC85cReQ3fobSv12Oi1w,2,2
4xqay5NL9jPHSCP2mo3U67,2,2
4xxg28R4JsE5OSyDFlZEmZ,3,2
4xyFKeBM18JfbKI5ksbCzI,2,2
4xyO4ayrykXTCNXlo3Jelt,2,2
4xzYXvgKLkX8YRgw8kuvvZ,2,2
4y0AUgG6XhQac3a6Li93QU,2,2
4y2QEmnp3DRgXjdbZfUs3X,4,4
4y2so9vmKY8h26tCxCIeT3,2,2
4y4QE9HvY6vyEva4ctibAh,2,2
4y52IOOi2eSnO7V98wFANC,2,2
4y7l0LemO3ZXKPjP87oDeS,4,4
4y85iyRxpimSDOOU4ht1Rw,2,2
4yB8TeiQpL09df92fxn5sZ,2,2
4yBnMsa27AyqItNRCJZieA,2,2
4yI1wZFvbyNE26RRV4oVVD,2,2
4yJ0w4kj79TiKyg0klsxC6,2,2
4yJZP61jBhVTesHBZ0gpQn,2,2
4yKFAIgwISeVWcNnatlxx3,2,2
4yNk9iz9WVJikRFle3XEvn,2,2
4yNoaxUJjnP50AXYoAZx4S,2,2
4yT5usLhavd4mzP14LSiPU,2,2
4yUk1knKtOuUEPT2iy85Xp,3,3
4yWl3aETWDnEqM7ZUN4I3U,3,3
4yZFRsi0Jn2Ws7bLeyY67b,2,2
4yeNEikDoJHQQhARd7atfR,2,2
4yfFraZrNnh2zJTok5fzq7,2,2
4yffABDkB5A9flvr9vQFck,5,5
4yhJHhXYQz7uVT2ZmgS6oF,2,2
4ykupenPLxxt9wnjBEe9SH,2,2
4ylGrwZtV1LlXtCYKldorX,2,2
4ymzjLJIaRsXoTvO8sfDpZ,5,5
4yp2yp607NbAqmpvtvk5Bp,4,3
4yq61v0vaI2MpifznBCpBh,2,2
4yqNNPoc2JCqHwp3EDLrXE,2,2
4yt0DRCLWr1608bGXGcD5u,2,2
4yugZvBYaoREkJKtbG08Qr,4,4
4ywAuNo5FKUBLQ948tn4nf,2,2
4yyHYUoZqQLDITFi2a2GFh,2,2
4yzE8wAu3EvPEVCnRoJAb1,2,2
4z1N1HpvoBnptR3zP7Q8Ai,3,3
4z3RNAUb0whdaLAudM9EHE,2,2
4z9WDbNAKo2wAfGaMn7yjh,2,2
4z9j7avEnPRIcSYZfmaDcx,2,2
4zAEL7TeQ3bd3EeEajrTaF,2,2
4zBXE3hymk2qz1LIk9Swph,3,3
4zCP9shp3aiL68yGQ8v8DE,2,2
4zJLkYcHGjWuf2Ui0eVAso,3,3
4zKExHG2zgXyPwaYo0rGbT,2,2
4zN21mbAuaD0WqtmaTZZeP,4,4
4zNk347FJz4yDDcjUhJJMI,3,3
4zS9qMw5JIQBNU2eiVvskr,2,2
4zVA3cDdUlycQK8hfZpMTk,2,2
4zXRMjTaeflesB3Ih4eHnJ,3,3
4zYEGiXEwmsDVt8drtQ5hg,2,2
4zciNpj3c6qIfiikaihQnO,2,2
4zdQnUf0viZCBLaRLtFzCn,2,2
4zhIB60quftBWvAaT6PIgL,2,2
4zmRo7Flwb6bzx2J0Yel6Q,2,2
4zoQ3EqopTIGmK2c2rPV5t,3,3
4zoZQvmST8gliv9S9L8lUw,3,3
4zqoszH8UVaYPx9HMNlt0R,2,2
4zrKPIygugUDKGFEjVwpSB,3,3
4ztaiZfY9lPy1ItQ3DoRiT,3,3
4zwthrpGFN6edk5u7FptKJ,2,2
4zzXm1QJQXWLyUfFhWZBRg,2,2
500mvzh7TRZ0YdnVeHhj8b,3,3
5024So4R2W5xFud82QDAKe,2,2
5025qrQ61sslcVl5yw6Lo2,2,2
5029vpQu4KlJp0Kqobuc01,4,4
502YAAGo4tiKD8xIqa3M5N,3,3
503OTo2dSqe7qk76rgsbep,2,2
505Pd7CPHoewIE3Io2EpWd,2,2
505rTU8E2KdQEhzJKyuOaE,2,2
507IFqPuG8mBQoKebfGG9t,2,2
507bYMYfbm6sUS9iEAaeSd,3,3
507tWaezxWNqkTQ0t8SUIg,2,2
508QhA2SncMbh5CnuxkvUc,2,2
508gR1552CzZ7wI7nGkhf2,2,2
509LhtMXUxTHkIfjJrrlAC,2,2
50DMJJpAeQv4fIpxZvQz2e,2,2
50Emj7dvfU5NTCQsS7ECJ7,3,3
50HURWGNsCiJw4qFDQu40X,2,2
50HWplVj4mED6x7Hgv6wgb,3,3
50IsRhksHs6Uic61RaGoed,2,2
50KzUnn80DNmBJJPx0Rynn,2,2
50MkrUXSXsS1Q1bn95XQcm,2,2
50RFZ81kvSH0FKGumrw8sQ,3,3
50RcuWjfUcoJfWMNegXF0b,2,2
50RwvvEKX5Q7AZt8FTAwIF,2,2
50RxCp8dmcpd5P66b95u68,2,2
50XBRLPcMBn5vQFN1m6tLI,2,1
50a2d6g5kpr3wt98Jw2Tns,2,2
50bPnkzp6o4AdSBNisle9l,4,4
50f6Sc85lbQgEaOfQm41Zr,2,2
50ff07HwM6r1LbTgVYpsB1,2,2
50hnHEOx4uDcdAev2EcOFC,2,2
50iADlBXOAWPysimCXf6XW,3,3
50jXnyrzW4mcBBqFTMEoAC,2,2
50khO0Eyt5WqIN8D51ieJn,3,3
50oS45iNMFp7pKIQRAWIUP,2,2
50rvOETHvgInvjoWzxiTtc,2,2
50ryecGe7GwSIICiReKbP1,2,2
50u2y4zgROMZq2db8Qx94B,2,2
50v8t9bmnwyu9iuMNJIIaG,3,3
50vHd5RWEP0FTHdWEXDDTK,2,2
50xwQXPtfNZFKFeZ0XePWc,2,2
50yvBhmvDKCpc7Yzwobew6,2,2
50zpoWMidTPVoCjBBNMfMP,3,3
511zIRlXGOQs2oykDi4KwT,5,5
512rk6iIuzhzOtBGHTUVUS,2,2
514GW1c9Jn21KgZmO6mZIE,2,2
515BPozxiMm95vvsA6V6En,2,2
51EUKH2M1QGN50iGUlnxmU,2,2
51FpZbIYAtkWtbFzZVLxUk,4,4
51Gk1czQl7NjX0jHwawO1G,6,6
51Grh1RyUDcMBbpuyUIUHI,2,2
51HoKwuVUVcv0DHPT0x2Qi,2,2
51J0zLsmKb265vmylOJGMr,3,3
51Lilzavn756za2bGDOnYt,2,2
51NAGtuMHI3x2KfrMc86z4,2,2
51Of5p3lKZeOg6itfs4og4,3,3
51QhZPWIe5gD5PgSV7luyl,2,1
51R9caoQ0l5bZ1ahBeqJq9,2,2
51STsBZOKUGMXSBBiBDubh,3,3
51TG9W3y9qyO8BY5RXKgnZ,3,3
51U1zaqf3F1YdERcBnUkgX,2,2
51c94ac31swyDQj9B3Lzs3,2,2
51dGpRXdXyODtrBj49OvE5,2,2
51haCqHVfdZMZC3Y3fffgA,3,3
51hrri99KuNwhALxbRRJnq,2,2
51koc72Mp0vRafJHGE21wK,2,2
51lPx6ZCSalL2kvSrDUyJc,2,2
51p7NpYENytr1NyYJSP2M3,2,2
51qhR6wqpb6Gm2PSOwBPCF,2,2
51vDZKthBfkjyjmq4XpkRV,2,2
51wZeWdtnIHtnvnAlXlonu,3,3
51zLJklDhB01krdntnfaCS,3,3
523rBG7JujtfjDokUxNpSX,5,5
525GY0mXYnxajolwgS8Eaz,2,2
527SR1b4bqUhBpdcZjU9kQ,2,2
528CAH5pTLq86oZ52fHifA,2,2
52AHKfP6qQ3feLjPCDTiRI,4,4
52Bg6oaos7twR7IUtEpqcE,3,3
52EnlbXcODpgPX7U6phQrX,2,2
52HAHV1j93s5B8GoTNI7DJ,3,3
52J8M6yRizUekEQ03p6coa,2,2
52KT9rZ08EwZM80YJIbxFq,2,2
52MCmoSCtPRbVN5Njdo6G5,4,4
52Mwe2iVyOtsGEmZNCh5jy,2,2
52NM8alcaVAejBlIU0KO6Y,3,3
52PY3yWCrqfArNo5zHM4Xr,3,3
52SOucRzWX2GbwBgjVa4bk,2,2
52VIdyKqp1pJRSyUQaxKUA,3,3
52VSOpFbg4GBpPNNv4ulbP,3,1
52VZR0uCDHuiyLpkgA84d8,4,4
52VgFTD7QmOmAPJZfxnPVK,2,2
52cFhaPuS5oLrmFoJw4J9j,4,4
52eqBJDEx57uQSVtSUp5TS,2,2
52f8de9fEY0ID3c3XtYAf0,2,2
52gGYiO7QQtQMpvF8OBHDV,3,3
52hZLSS0r4MczyqvoZScIt,2,2
52m9IF3nfNwL4MCL2hg35v,2,2
52pduFPbWVQ4zqBVhCj9z2,2,2
52qebMWeKw2x34v56DPFcl,2,2
52sFhFKlOwedbsQZh6tZKQ,2,2
52sfVsqWuccWqrHbd5znb9,2,2
52u5RRaWoi6S6X41aKNw85,3,3
52x9OFz2Nyj142900cBjcR,2,2
532WuZy5kwDhU8iNUbLKQK,2,2
532a4qwtCf56E6qjiAn2EE,3,3
535yXKG6YMymstdOwlGYS6,2,2
536QKi6V9mUEgl2aZ5pvCz,2,2
53DXM0bHfB7xkqJZYlksuh,2,2
53Ij4HRTp0f6DTlmXWh46h,2,2
53KAjgxWKEqw7nOufSKRQf,3,3
53SnCRcGrB2UCqNGyYZhJD,2,2
53UKOu8knQIiceqiPiudV3,2,2
53XCa30Ua1FGl4VeAyCENK,2,2
53XpYnPMm9sDql7MDj97yJ,2,2
53ZLwlLA0AnSSS7d4a1dEW,2,2
53a1XZV2NxgucHtBld8vPA,2,2
53aldgyl3B6Zvpl5wP0UTf,2,2
53c9YHuifgAWJoqgPOgPUn,2,2
53k1gKFpKrDbktUzrB80f0,2,2
53oBTbL9t13HAyxN12PDng,2,2
53oMTo3YvCRB4mDmqCck2p,2,1
53qyJwZ8xbHr1DIOx45tGW,3,3
53rqZwcMhjXuXDy1IxRi22,2,2
53rvxSNmKhy7wMAAygyYWr,2,2
53sOR02nAN4tpAzAkL2EnB,3,3
53tpLtadGWykXOix1WZ7YU,2,2
53wwYV2Dx9d4mByCvmzbEa,2,2
53xKlevoXT2OIdDQx3KDl1,4,4
53xXTqz8QfadLsXbs411si,2,2
53xnBJEIk3ofmNbKQ6mMxe,4,4
53yCbC8zjcNQi5534UDoWL,2,2
541jLF5Yu9QIVmcY48CJhX,2,2
542C7PqR1oEfl63hlhQO4V,2,2
543YXXfaDoKTdcVp0tvPgG,2,2
543jStmHR1VrSfpxmjUIn6,3,3
5453frA2hsBPjGRVDHm1PJ,2,2
54CEXt5kP0lFQTaRXYHXYw,2,2
54CKOkvipLjkP2PJxe3ghI,2,2
54EJ02S70ikT2SA2q3MmUI,2,2
54EMjNxl0bGdQY8nkd9hFQ,2,2
54F792TiwJOWmTJpbUqbXu,2,2
54KiU4M8K8reFSj5tcVxyH,4,4
54RIrgjhCmUvAwmUuDqJTA,5,5
54S8gAjWou3sGde0vU4DxY,4,4
54TlQ4tnC8shv8cc5VSRqr,2,2
54U8KseFLbjpPYfq2DEB7B,2,2
54XZSt4qoPwUh0s9q0A7oA,3,3
54cBqIDAX3dH5Ys1DKgDWR,2,2
54eZmuggBFJbV7k248bTTt,2,2
54fygPF4NkI5lEK2GxsStU,4,4
54kofthDNPNcQVuia0NuDl,4,4
54nT4FO942ks2YkomKl7cc,2,2
54oEOJSjmvxNN8NzgzDsJq,2,1
54otdw8MmYNz2ewGHzmaTP,2,2
54pqWohuwelL4bDqYpOwZG,2,2
54q7FLhWb9FEObFBziNRTq,2,2
54qG9hpUjLgkgTJQ9qvB1P,2,2
54qt0W69bdDuWRimXd7gXt,2,2
54suAFhsGjOKBhrUedu0pm,2,2
54sy1DVLpbmEQ4d3kYsjH8,2,2
54toa3frFPD8yJdINp9hp1,2,2
54yAfxuhZqdm3Sr1i33goh,2,2
54yLLvpezvPO1lA3GspiZj,2,2
54zCdkbIALAnv8Ihi3XWlD,7,7
54zn5NDDEeKOVWov1RtXCK,2,2
54zrIs7UXX7kp3sFj7mlvG,2,2
550FeVqX2mcfBgriJPJRzz,3,3
551qy5vUgrUfEUc4dCNfht,2,2
552btQqImGwYpCQj1uWntl,2,2
555NYWQ1PbmLJiTW6XFwtr,4,4
555f0RSOl18sRTYXAfiNvy,2,2
559NPMJR6VfISMfUR7Dv8v,3,3
55A2PJuVAmaghsWUvfmYtY,2,2
55BhqtuMPRai0ci6AjY8PK,3,3
55CoMnQ1b9o0uk6CjkxO03,2,2
55DJrqFrvuDb29S2InYklj,2,2
55DequVAtGoUO3XiGKG2od,2,2
55EvnM7MCxN6cbcrOsH5XG,4,4
55Fpeuuc2sbQiy74eA1gTt,2,2
55JRVOuDZzBrBwHecObTUb,2,2
55Kb9jM9W9s9axYfaZ8Op1,6,6
55LK166LWHOpXOroZ5g82J,2,2
55NyDBnlI5MidVGzyPr3OR,2,2
55TIb9EPxSq3AP8COlVl98,2,2
55UNnoJxklGUHG0TVXtEKv,2,2
55XRXhQeU25IwqVpjQqxkz,2,2
55XrFge2dEZwYzNl128DwN,2,2
55Y4oE6oE6XBT2e71vK2yA,2,2
55bfXeq8wXtyKQtSZB3KYF,3,3
55drdNAFl8HaAo0yqnU2EJ,2,2
55edeqAk47nZfiAHz2KcLX,2,2
55kDJdv7pymmG4URJlVTYR,3,3
55mJleti2WfWEFNFcBduhc,2,2
55n4sFy8tjysBcCjQFwX3A,3,3
55n9yjI6qqXh5F2mYvUc2y,2,2
55rn9bs7vZBsEK4Y4URraH,2,2
55sgQENF3LY1sUcJUwasLl,2,2
55tehuewleUyLqkKuovHkQ,2,2
55tevo6vHJEn12nzuSdJ6R,2,2
55usOKmOdjhZvSvgV4Zu7b,3,3
55vxJOfCXlkiFzELyNTYQm,2,2
55ylf41631zamPuw4f2SLH,2,2
55yvzYuvJYG2RUEnMK78tr,3,3
55z0yEsG9giLqLI31XmGSW,3,3
5604H05rNS7jguXPJx4vgm,3,3
560Ac5wm8qT64yGNRKRhpN,3,3
560HUCEM1YHuhSeZ1dWTCo,2,2
560hhPa9vwZonMVt56uSMd,4,4
563SfWAHJs4FBZMkRN0IFN,2,2
566q5nUowuz0IokqAHcO4A,2,2
567EwOGPAXg7Y9DQZTEFEE,2,2
567h66xwutP4POoTUCCuua,2,2
569BGSWQapYD8Niuy67Cal,4,4
569hk4SuiumGEtW4Ps7Hph,3,3
56AD3PBYdPepniv4VtsV7s,2,2
56AWIKxIgIzRAOWh4u3kNE,2,2
56BBkFOvo0iS2sHoNVHWoD,3,3
56Dd9uTfY7Ea9tZPUibgtC,2,2
56DeYl4hyvAQzi1CzD17zB,2,2
56ECskEyc7XqOCyRPruZ37,2,2
56FdRY4mgXyS4HC0lZdwkX,2,2
56FjTokFXI8OJIkVeP7yGA,5,5
56GH1HDx3NzS4wDDdNQVe9,3,3
56IhGBCFIRw9reDg2NTZSz,3,3
56KrcJePC8P582pi0P2agY,2,1
56OLAHwj0Y4wqJFfsf08rD,2,2
56PJQTInyU7P70BQ0IrPK4,2,2
56QI0cHMqOQRBw4jbNFGZD,2,2
56QcaKO4AdCvmXgPSiXHSO,2,2
56TOfxnRzSRbFRw8J6C4IT,2,2
56ToH3YiSMT51y1H2dygOX,2,2
56ZB19eqTsiuSkAz5aQIuc,2,1
56dhkwFTzbq3AS54dguEEH,2,2
56fkAaSu91c1E2k43wGPFC,3,3
56jlrdCvA7Ih13L9OMcfDS,2,2
56k2ztFw7hQRzDeoe80pJo,2,2
56nLHj9HJr3xpbLarnr0l4,2,2
56pKxbJR1QFD8fmcqNI4R5,2,2
56pZSBGVI5BOlITppHLGVp,2,2
56pvqFKGXPjubh5eY6sOlv,3,3
56rkFVOXvz5MXXkkd5G5E2,2,2
56sk7jBpZV0CD31G9hEU3b,3,3
56zZ48jdyY2oDXHVnwg5Di,2,2
572GakOVkoIZvOGXcgofFO,5,5
573o3RPFGAXaob5lqXzli7,5,5
574pBc93Hwmzows86H5fSx,2,2
575A4uzmh4OIHn34wRD6Gy,2,2
577q8gGSTryRxX1YHWSjWk,3,3
579dIsL1u8C60C4o1BD5Bp,4,4
57BrRMwf9LrcmuOsyGilwr,3,3
57CZLRVyGf21PgF573ZkPn,2,2
57CsiQ4zcINqMHL03VPNGW,2,2
57DMz3byMY4JzlhEZuMkjQ,2,2
57DhVYA7E1CyrE4OKuyLb7,2,2
57DvS05QXPhreHY6cpQNiI,3,3
57E7YfHbw3SpJsQrEkQY1O,3,3
57ECsM5I8Y4Jyyy3AEYW9U,2,2
57IS9oJ7M8rkC3pXy2hSD4,2,2
57IXQJZFawJUwC2PCKn56Y,2,2
57JAYiwPmU93oowUWKwrEF,2,2
57NChv3uzjm8y4Y3x3Y8g0,3,3
57QCT8L3kFQiN4AXkBRJxW,3,2
57RA3JGafJm5zRtKJiKPIm,3,3
57TrQP3nPUoc92VsooFB7p,4,4
57UPqpbJiPqtwJVk5VmjhJ,3,3
57UkuOwXZ1sZyop4Um4RC6,3,3
57VPW07ksriiQIFUzLDvBJ,2,2
57WO3RacxniSNSeHwcrkVZ,2,2
57Xjny5yNzAcsxnusKmAfA,2,2
57Y9YzDxXB2sVlhvqK94sK,2,2
57bgtoPSgt236HzfBOd8kj,2,2
57fhqwIkHMUIzcvqODgf4l,3,3
57g8YWAbS8dxuTqViBVsfg,2,2
57gHJpELHEZjwbgnkAV90t,2,1
57gVVLb830Hh7w0L2QT9Ut,3,3
57iDDD9N9tTWe75x6qhStw,3,3
57jD6Or02RD8uTV2AmdET4,5,5
57kHGfhabS1KDPd1860BlF,2,2
57lzmrirh8ORbMLrSMoEnI,2,2
57n605a9nDDzchHanKhP0u,2,2
57ou24UwjNCXY2umuGtoCf,2,2
57rnZ6f2YgQW0iw2kT12Kt,2,2
57sk9X1fPLXRfkw74XNrmK,3,3
57wRFUIAiZfURSiep1assa,2,2
57wqtkZCqDIRh23XyVhOJR,2,2
582QmuQapDg7uo1jcAKsgN,5,5
583f0IBk80MRgaTAOZyGDw,4,4
584A0PrNqDNS5pMmCaCgOm,4,4
584GnCDcDhRV6R8iZ7gzxC,2,2
586yBRVKdA1vy3tes2wjmB,2,2
588nvLslNmjeDEDzOkwe8t,2,2
58AGoOGbwsQMhBbH0eFLRR,3,3
58AS4weYlUWvGztZbKIuAU,3,3
58CQmWVeUxIogEfGrmQcSh,2,2
58DITAWlxgR0FQSbKGqXUi,2,2
58FsmlVRQxpjFmXF8vSKMT,2,2
58GqU6yKrt3JqJMmNGT7ZZ,2,2
58KsAFSLDNb4lKcINxB8WH,2,2
58MX8DomXoMUzXugJGRVXS,2,2
58Mh6zmqSo9IvysPAXnG0h,2,2
58MigIpgulw4ugnMvxCse7,2,2
58PeAWeOz9yVemSLoeYyKZ,3,3
58Qq7oDXsKfuDlRM00ahoa,3,3
58RDwkonFMOkoytBtIQetc,2,2
58SIEtTjWErr0yEXVBKxvd,3,3
58V8EB4yZaB1MFVsnU3I06,2,2
58Y41zAyrk8ebaXT3XqNNh,2,2
58c8pMaXi3xdpBIVfG6WGC,3,3
58dGRQrNmAJeRMFuguUbvD,3,3
58eskjXndK4EbVBnCKcfHi,4,4
58f4twRnbZOOVUhMUpplJ4,2,2
58gqyeFXhOttZW3yetJGPN,3,3
58kMtTP8vxuQufw7XyWwXN,2,2
58kZ9spgxmlEznXGu6FPdQ,3,3
58pGQUcHKB3WIR8ecRuo08,2,2
58pYOqfeO87Uk8zPHuOGBu,2,2
58qX77t2VWMWcycsh9zKLc,2,2
58s7n1XdbmiUDYh4cGkHKB,3,3
58w68w4s8h9gw3xrDaXyuj,2,2
58wQ5quXCton56WxkXZWLA,2,2
58yD1ZePlS6V4gImXGV8Ed,5,5
58yZtpN3F83AV1hGhati52,2,2
58yspqPHi2W7bPfyuQ8HsP,2,2
5902W4uHWzhtOff1UK7the,3,3
59045ItmzUQOThHA1C1yJF,2,2
590JYe8wv0UUaE0kEty4qa,3,3
595KzWuJcU2snbm5xFoD5J,2,2
596C0Jf31sDqGQSgs9Dcfq,2,2
597aCxegHjHbYJDaiq2cSF,2,2
59BweHnnNQc5Y55WO30JuK,2,2
59COuEJRBxGGGCo6BIQ2lL,3,3
59EohlfMvYOO1aVm8F91ZR,2,2
59GgbFYUQBDwJ6DB2ljPZe,2,2
59HKCnY01wQLydrAWqbva5,4,4
59P5MoE5SawsaMpBVHhj6o,2,2
59RKA7Y1F04gHND7Gdlfy5,2,2
59WN2psjkt1tyaxjspN8fp,4,4
59aPEtpnCoWhUWiMd238zv,2,2
59d6pKXq0vbneJNlfiX82Y,4,4
59eGOi9E4dV8OE3twHmvFb,2,2
59f4tfFgiOcoY6X2PjAmmm,2,2
59kUyBhO3IHu58nlggfs7l,2,2
59klEKEftzx76xnc5Nq9cX,2,2
59lBAMCis4C6NsPdUV35Vz,2,2
59mGCC08pYEwStwO3oTLfH,5,5
59mrqUmhpmcfUns8BKkV30,2,2
59s4wikOZ2H0YpHVz9Bfsu,2,2
59sD9VrnVLXSCC2iK0a8PN,2,2
59sSq8nXYCeNzPQI9dnIMH,2,2
59tBqJGkzbe0pz99EU6MIw,2,2
59tawqUSoRWHe2rRPQXWnn,2,2
59tolr22QPXGEfykN5Y3lD,2,2
59ujQJCSRNgLtKQ1ly3b7c,2,2
5A2VY74odRFW9gVnFo1CRE,2,2
5A6E9cVlxYAmEvdbEE4w9Y,2,1
5A8jUZatix87xG0Zj6HSKG,3,3
5AAaghHx8jedNGhHZkY8so,4,4
5AMMS8dWO1A4FbVjpJ44Rs,3,3
5AMWj2Dc7oNb4qCHb5cOad,2,2
5AOrknyCsTI1KUBr92efWi,3,3
5ARrtxJLVCeTv5TWo1oKgC,2,2
5AapsFftm3jjb3e2eMLG1E,2,2
5Aaul8Ti3efsx0X9q22rCu,2,2
5AbU5I0K9Z7muuvUw4No4n,2,2
5AbfOKYiI5nuuUsyVeTQs9,2,2
5AbneHiiYTNHNrbcrKCImE,2,2
5AbtfzFvaTP1iQfIQMN3AF,2,2
5AcCFMfAjIxq07cibmttEo,2,2
5AePsqvBUFJhzzrUTgTN5r,3,3
5AhQvKYthnzVx3d0EGyc0c,2,2
5AkV53fo1u01mi8r22JNeF,2,2
5AoZknxgY6F25gAcVahO41,2,2
5Aq43Qi1j27J5KQkKYYKq0,2,1
5At4JXNbsbGcmPoH67fULT,2,1
5AwXAAPFy9Jxfx4ZwkPsJe,4,4
5AwfOQeLYaIELT5MBQz1BL,2,2
5AyCE2bPenuCUcClBYWZi4,2,2
5Az8KU81g2aLBbJN67F2CI,2,2
5B4gUqNKYgU38ULSWP5Bzj,2,2
5B60XFKzm8WsJTdVyt4u4I,3,3
5B726JjKRgY2wdm366ItDP,4,4
5B926EOOXF0hxdSE1DuOEL,2,2
5BAJDNTutBFJL27pKunac1,4,4
5BAODh8vkoYLH0A1dVN9Pl,3,3
5BArc3UpONi77FMkNT4LYU,2,2
5BB2dYXvO2Fqfz4UzyTmvx,2,2
5BI1XqMJK91dsEq0Bfe0Ov,7,7
5BK5IvPzmTZBGsCnYRjSue,2,2
5BLRlpMYsxeMMOjrcWRhIs,2,2
5BMOKxB68b72YxWVnbq6Zf,2,2
5BSflJ1ehYRK7cqn9hrYGd,2,2
5BT0sejkliP4fAzR59DW1N,2,2
5BUEPIEXU0KupMQRwCUwPi,2,2
5BUncTD8W5aUBF67ni1pKU,2,2
5BXqaWb8fRDDe1fDi30MfC,3,3
5Bb7YCLmeCNOeKYKOF3tou,2,2
5Bbfzqvb818wOUH5skkCr9,2,2
5BeOmmGoxAvDus9Ozpc0MI,2,2
5BeV0OiC4VQ3TG7ZlNHHsz,3,3
5Bk1ArPcnMgeQzSqLjqaSW,2,2
5Bme4jcIfvFAF1A0jE2Hpk,2,2
5Bo0ayLXkp6ttsjCWJvOHJ,3,3
5Br8K1CLLVB7AuuM0t4G7r,3,3
5BrWiBVIvZrhyx6ZKrfp3l,2,2
5Bti0azlFhMattVY76qFr9,2,2
5By7Pzgl6TMuVJG168VWzS,2,2
5C0ngbdNdOEfnB64DyQQhO,2,2
5C1AnMWO7cmmLAxOODICmv,2,2
5C1RYhiWM3mPIVSxeBZYiw,2,2
5C6UoWO8yA33mdkRTv2Pdg,2,2
5C93WFYiyIBX7rwhEAdHsd,2,2
5CBe28J8qHaBclf9YeBhHU,2,2
5CCIZR4O3Jj4Eq86EN5CEQ,2,2
5CDZmaU9cwtVREa2kzDbZt,2,2
5CE0k1VmTXgCtaa5L288LP,2,2
5CGpPUcUahMuLzkNK9ZgPP,5,5
5CI4uc5U66KH9g4nklN2JO,2,2
5CIBPhKt3X7oLNO3jdBR39,2,2
5CIW5yZEzjsJHI6Nv340Fk,2,1
5CLGzJsGqhCEECcpnFQA8x,3,3
5CPXR6lDTvngxtmMZxnWmC,2,2
5CQ30WqJwcep0pYcV4AMNc,2,2
5CYIXts8BCz86OAfHSSlHG,2,2
5CaIwevHOqEFkn3hBJ0cNW,3,3
5Ce9z7GqSknXccyppRxNLY,3,3
5CeWyGt9oMtsBBOLtYRTl5,2,2
5Cevkgj9FyNRFIwY3xSCn8,2,2
5Cf1ZjqNuF9kEnIk4gVlgy,3,3
5CgkbROq94tTSnXnrfvtGH,3,3
5ChTVNcSgb3sC6qCuhDE0M,2,2
5Chw5PSMz5PcN8qxAxg8EN,3,3
5CkhGGuCO3r8Tv9dqYM2af,3,3
5CmGnAY7I7Ggj303HZBbkX,2,2
5CqgwvGdzmYmTAEDvRMKxA,2,2
5Ct6xnkAQJ7lZXp7vHM8uF,4,4
5CuO4SNNPEnNsfwzeF6LIq,2,2
5Cv9UBYh2VkiCspwh4Wog5,2,2
5CvERxbaeHHQA1OGJzeOzt,3,3
5CvaeEX9dU9ZhwyoVIIgTO,2,2
5CwV9IOgmKbN7RdUTPBAYY,2,2
5CzixCxDkRXX9mScCmah8O,3,3
5D1zGVDJTOqwaGSzYw5TtP,2,2
5D2xX7ZQEPcd5sUK6Kd91I,2,2
5D4EyfccDLlOXDRb4XmE20,2,2
5D5fiDX8MhK3lfHJmZZmpt,3,3
5D8Z75wGgbvGJiYaNSSWvw,3,3
5DAjrJqXqYtgr67pVhmUeR,3,3
5DCNAwyomUF3LXunq4NSpJ,2,2
5DCSxks4JKj8KaEss9ayY4,2,2
5DEmBsouGyKFcoDbTrPMEZ,3,3
5DG4dGVLEmul9xSv7mEun6,2,2
5DGvwXAzpohcIjQkoPcWUO,2,2
5DH5PdLCY67GIkjYsfWtNo,2,2
5DH6Cc1lFD0kSuwL836Oue,2,2
5DLN0LQbIAD28k53GJfRPq,3,3
5DO6h6YjA9531IA8B0ahBa,2,2
5DRUnUWYHCmuRNlYsWHHyp,3,3
5DRxbKcBMgMT4nR8eMBjgR,2,2
5DSgzNSlB4EHCIi8YAXxWn,2,2
5DU0TdZSrSldWJd8Xtnh7C,5,5
5DUAKXpyv3nL50PnAQbPS0,2,2
5DUOMqtIps27xFZvCxGWSD,2,2
5DVAtP5U4v22AUwjii0bvx,2,1
5DVFVF9v4XZqzP5LdaZP0Q,2,2
5DWEL5TPHgaLaUUh26K1Wc,3,3
5DWhp2mGKWtxVk7Z2md8jg,3,3
5DYfTyqUNBmOnQtljQjYk2,2,2
5DZNSYxhFA1WA9WEJg9TNY,2,2
5DZwfsbwZXnKuUPAvrzipC,2,2
5Db8xWFjgozOIfpR043Ukn,3,3
5Dbj2Gd94eQJoNrpEaUcKc,2,2
5DdwOYaO8qF9wEphjjmFM0,3,3
5DfMPwcEud6Xn0VOJCv8AE,2,2
5Dje6vp12fGgkoXQpKZfq8,3,3
5Djt1AQnhfhYJjs4m7WS6G,2,2
5DlpfpK9KnFSSDJewepWlv,2,2
5DqdesEfbRyOlSS3Tf6c29,2,2
5DxXgozhkPLgrbKFY91w0c,2,2
5DyYcwMw0f6z3FefXNLOHv,3,3
5Dz8nrwQlPLE68WaTEIqY5,2,2
5Dzzlq0PaaFFOB4WExDcue,2,2
5E0Rk6dIfej6CzPN8yuH7f,3,3
5E30LdtzQTGqRvNd7l6kG5,3,3
5E3BVY66TEDexFutOO5GeS,2,2
5E3WpecwN7XImHJJK8TcJw,2,2
5E5O3l8coDuDDy49J43W98,2,2
5E5SCNQl5KkKkx7ciV2bQd,2,2
5E8pCmwdxQSnYsUwAtkLGO,2,2
5E9DHsz711lPbtrr74WK67,2,2
5EA8K8bSRUbTbNSs2KoCDJ,3,3
5EAc78vmm6ycypFqT5rsNc,2,2
5ECXNOI8OA9Or0JRogCqTK,2,1
5EEhXlG2oUjNEycxDEsdk0,2,2
5EKZ2wb7RIk5Q8X1ZegaQX,3,3
5EL8He4J2hrTWl9rxbE3DY,2,2
5EOoMWIB9iK4ZpcSex9Ec7,4,4
5EOwnW8B5tPuwy036UnDnb,3,3
5EU7WoBqQQzvUPm3lbZCMT,2,2
5EWPGh7jbTNO2wakv8LjUI,3,3
5EWpGkNQ1VvZrpUv0ikVPP,2,2
5EXFP96IEtC5zdDvb8yZG8,2,2
5EYZZvmNAH5VZCwuzYJqoA,2,2
5Eax0qFko2dh7Rl2lYs3bx,4,4
5EbTHYIQQtNNMloPNirkKi,2,2
5EdqBLQrzOgQsHIs7A3fxA,2,2
5EgFVmxJrYV6w3KyZGUa0x,3,3
5ElpusNZMl7iKKmVuxC6EH,5,5
5EmYrG67fk5qRxboTSuKAH,2,2
5EnAvLC3Vx3Rns75y2JIRA,2,2
5EndcDV7pcbLO4jE2GBZwC,2,2
5EtMSb48HPvR3cV7CkEKvX,4,4
5Ewv1Onq6GMnoWxyuChLIW,2,1
5F1KlBhTmtwHY0qItKsEEg,2,2
5F1NSosEmbphChdfis5umk,2,2
5F2b8ExevODMQehJcEVjz9,3,3
5F38bWepavLdPnAP0s22Xo,3,3
5F79ZdjOwGOhUKRHx94sr1,2,2
5FBgJPVb2akL0l2oXshmjT,2,2
5FDdviWQzhw7NWH2TiDl9d,2,2
5FE7ZCFPAjl2rK5q1qeFpI,2,2
5FFOPT5ErpRGwQlZPLaj0r,2,2
5FG3XTSTOuRgbJmfPBbx8O,2,2
5FIXbE6CQqC6P5G9eyQGsZ,2,2
5FLujJzRm3xvdEeSlXwQFk,2,2
5FMsd0fQLiSM2IQKRmMAVM,2,2
5FPnjikbwlDMULCCCa6ZCJ,2,2
5FQXMRDSTkn9fowDJ3kZo8,3,3
5FRIaaCcAlC3GBjqYkVBbm,2,2
5FRL2sxhLNlC1Ms86qajcq,2,2
5FTkJggemdWf4Kr6CyWJv1,3,3
5FU3G8Ey9QMMBlC698jxUB,2,2
5FUXLd5vcwtR36lGLtKsWb,3,2
5FVGptKnubKqWGHknfEDFv,2,2
5FVbvttjEvQ8r2BgUcJgNg,2,2
5FVd6KXrgO9B3JPmC8OPst,3,3
5FWH3Ng6Xwhsu5LIYRL4o4,2,2
5FWXZQDgu0A4hS39eYrzBF,2,1
5FXDEoou8xwImUJH3mLkAE,2,2
5FXMRdJjKq1BIX4e8Eg9mK,2,2
5FXYwdQivbaBa74NC1ibEo,2,2
5FZxsHWIvUsmSK1IAvm2pp,3,3
5Fa7z8XzhlGzFdARu6dd5S,4,4
5FbRok5VvNvgKFsockjSd7,2,2
5FcQcDHuwpzP70vhlCqVi2,6,6
5Fcr7a1C9wAwReIOdzdZ30,2,2
5FdhIyuyIvTvTrWERpE0lF,2,2
5Fim1gaXBgsiFfsQAfQSDS,2,2
5FkEhuXoU6xk7x6xtmkG1z,3,3
5FnXpfVnx5bIza2T90Sqg0,4,4
5FnpXVgDOk2sLT58qM22Of,2,2
5Fo6raKxBGpScXX0Twf82e,2,2
5FvGI8KtImlEbOsvEW3pfX,3,3
5FwMLFEARYqd9faHGljjwM,2,1
5Fy7SqKg2CxJosXcHLFiZR,2,2
5FyQffggpTfBCkoiizxXI6,2,2
5FzQdXBL2jOH46ZQinjNGT,2,2
5FzuDFYmUFcvjraadJXv28,2,2
5G0EAfi4qeZ3KtpmCgcRq2,2,2
5G0NPSOTLepHxUhEMlVjWj,3,3
5G0VKvMNCOFgOd7NmGOS3K,2,2
5G0oVoL309pqsvGDzhMOwx,2,2
5G1sTBGbZT5o4PNRc75RKI,4,4
5G4roC38WFtOEF5Jo7vLUR,5,5
5G58fsWcZc1d6NY89D5yiq,3,3
5GCfGYBzhQ2szULHf8wJYm,2,2
5GCz9BOkt17aI6ZOR3EiUl,2,2
5GFhplbG6fZDvs6Qdwqy4P,2,2
5GH12BKxAfpn9W3DUhgwkG,2,2
5GHY1DFWKz3Prg2V0Iodqo,2,2
5GIE4sOL5Dk9gLbowUtUpT,2,2
5GJPqaqlCSN19ReZ3Hmue4,4,4
5GKcpbYj5beL11aH0bloA2,2,2
5GMw6X6BbCDGO9gApQYRSa,2,2
5GNH4c3DtYopcN3QcEzOxD,2,1
5GNkskB1Gg0T6JX7yptUAa,2,2
5GWrhVfgP4szBtCOXbSki8,2,2
5GbVzc6Ex5LYlLJqzRQhuy,2,2
5GcjIiSS47T64N1DFxn1UK,2,2
5GdKQayfNJloGuqAmZCRuA,2,2
5Ge0VqIV199LhntVwdiAHa,2,2
5GjPQ0eI7AgmOnADn1EO6Q,2,2
5GjnIpUlLGEIYk052ISOw9,2,2
5GjxlgXBgCMbp0zHLFUaug,2,2
5Gk36wgJ5QwSCS2WFqlpRf,2,2
5Gk8mWK6bJNuc6LjlF6UPd,2,2
5GkoEIpPvBmXzLW1mFCLYf,2,2
5Gl0Oedhzp5KzHeajiZSxQ,2,2
5GlPyea0WIbj3PI66a9Dft,3,3
5GmhrrcziQz36B3R4AyJYE,2,2
5Gox2FHWcB882eGsRIkdrt,2,2
5GpK2be6lGPawut1iSqOKN,2,2
5Gq7G9oXDG3KhSYXsJKDR3,2,2
5Gs6NY7QTgEq77V3DtPagv,4,4
5GwPTFXjE3WLJevK6KLMyc,2,2
5H0kIgpWNZm9HF6VkU4dow,2,2
5H0rkrwdQytofgRjhZe9XF,3,3
5H0xR4dppOkdPqAQXd78CF,4,4
5H1tp2k7Ck2KPBE8t4zOO1,2,2
5H2RIq9BmVHWqoPIhR385G,2,2
5H4rKylLnO8KrmdXTRhj5s,2,2
5H9bGkHgHgtsKxZhg15MCU,2,2
5H9nnDuwE0UCEyQgN42XCs,2,2
5HCTDz7xlEpPN0hTW4mMGh,2,2
5HCyWlXZPP0y6Gqq8TgA20,2,2
5HDBWCdgIWgEUE8qHfEvlg,2,2
5HDmqQZ3NYoiQkbrTris5y,2,2
5HJqLDDjgdhON8LL9U3Oa3,3,3
5HKv1sFHbXgmXBih203HxT,2,2
5HLMKSAMyuhSkZwTHWC73A,2,2
5HMJgPXgoCbBKwgRvnrhTm,2,2
5HNCy40Ni5BZJFw1TKzRsC,2,2
5HNau9WX6OmX2PcBn3n24r,5,5
5HOlPj1GPGrp8sbad1BPDU,4,4
5HQTZbMOzO7LWmopuf4hVm,2,2
5HQppSYyU4whulcnaYZyFP,2,2
5HS5L6qK1cbjsnuU4QVilK,2,2
5HWR5bZ3SBN6zA6zHJS3Y6,2,2
5HWSgQrP9DgRSSykqOjkRu,2,2
5HWgP11CJLvBBQtMWkDdjd,2,2
5HYSet3VZ5JPcUouFsNrOb,3,3
5HYXtTdr5aaYhM0wACx1kA,2,2
5HYZ9a7ftaZDxqjzAyKZxP,2,2
5HaGVvE3t9r7aWig5KSmwA,2,2
5HaTv6nHDSVO1LqjwoP7RA,2,2
5HawUC3cvtq6kmPsjL2mta,2,2
5Hc5uFMVvvtc9YYJmXtspy,2,2
5HfjKD2GdTKylx57dSemch,2,2
5HfvyTRgYaYTwcZZvlmx5Q,2,2
5HhYHpxwdGTCO5YK7dycoT,2,2
5Hmg9uA2YvrRSxH5WBD5WU,2,2
5HmqzCeCdZFF20jqI6p73T,2,2
5HnS5kHBcUEleSVO0IooQD,2,2
5Hp4xFihdOE2dmDzxWcBFb,2,2
5HphhcOuLFWBj9IghbrKJB,2,2
5HpivGfblVhlWwNTvmyzHL,2,2
5HpnLY6fuuYilWgbD5oIC1,2,2
5Hr31kJatQNG33yW4EPj1z,2,2
5Hroj5K7vLpIG4FNCRIjbP,3,3
5I0cjHs6AmHbp2ivVhdgCT,5,5
5I0lKSs4JGYWO4F5Xe3BrY,2,2
5I29F9GR0OkaU1nuxp9hU8,3,3
5I5IM7X9IILbuPoYonLKfv,2,2
5I75piAbJshLXw4t2Up8zK,2,2
5I89rHeQpxFGVseikEgY12,3,3
5I8DslpztOwOpwERbGGDTC,4,4
5I8uxn5rQ90r6ZiXzRx0l9,2,2
5I9Wovsej8nbTaa0AMdneR,2,2
5IBBlGZ3dwIMIEGCKTAGdu,3,3
5IE9m0dNaRoVbdYUeRTkSl,2,2
5IEYuPuSbReekSa8Jvx51t,4,4
5IGsV7tGijVH9R7KtneqKn,4,4
5IH5AcpMQCGSv7vtAL5c6X,2,2
5IJ9Q8VXDqD01m41OUF4hV,3,3
5IJb3GtAnACyhkrMIdy9mW,3,3
5IL61OxHy3t9W42qZOnw3m,3,3
5IQGREio8IGThOqLN7eiIl,3,3
5IS7RD9LIEracUSlTZvHQy,3,3
5ISBiJcO6lfpOLqE1zzGVC,3,3
5ISy0AzfziXIsYde5UdsN9,3,3
5ITw1gs95vZpnZlS0JUwkS,3,3
5IUGggKb1vh11R6hE0rPpm,3,3
5IVA7WzOlWrmZh8EqZqMaw,4,4
5IVmvtXj1lNGd87EqzSi4Z,2,2
5IVqIRad9HF0f41fjpZBKa,4,4
5IW9WRaLxJblCkVXhC1vye,2,2
5IX4TbIR5mMHGE4wiWwKW0,2,2
5IYVUNtGU7dncfjjRR79YE,2,2
5Ib5W64RwrPCN3bnRO4C2W,2,1
5Ic9qQ1QSofntnNasxAN0E,2,2
5IcTrw1JntFyNFpWLJgQrH,2,2
5Ie5RZQsRAFaBy1EIBnc5e,2,2
5If7QGlDFeLgn5hHy0OZAE,3,3
5IfCZDRXZrqZSm8AwE44PG,2,2
5IfkPX8IQP35lYoR2ILOEx,2,2
5IgjP7X4th6nMNDh4akUHb,2,2
5Ihn17ITiif3OcLPoYdQbv,2,2
5IhtaTempjlVlPmSgI0FQS,2,2
5IjTZ1g8KrIuV97N3OQZ0V,3,3
5Infc095QF0BDwCF9rMyxD,2,2
5Inoy4IACJrdH93CBfGBsi,2,2
5IoDXk7FV7GiXDL7ma1WHj,2,2
5IuLKhyo8vPi51kAv4k3pH,2,2
5J1YmqajyODgkIA7oUmFBI,3,3
5J2CHimS7dWYMImCHkEFaJ,2,2
5J3KvaUjyGz4eaDOi5Vs1a,2,2
5J3Mf6dyqeGy67yuQ7ql9B,2,2
5J4pDyvjRrYfcgHetKjKSj,2,2
5J5IcNcokBBSrn5k7hqaot,2,2
5J5VBW8G9ViJfzX5FEYvni,4,4
5JAqpsCQzkW5LbLgPPLNec,4,4
5JCi3pyggvk4B0yd0BK3ow,2,2
5JCiqYJxcK4XO1mbQyPNdk,2,2
5JDcQAztvZTIkrWoZihgvC,2,2
5JDmVwlWTzbwpxm1Qx9oFh,6,5
5JEx7HbmvHQQswJCsoo9rA,2,2
5JF06Y4Ukc5HwRj33mWzQZ,2,2
5JFNmodMEPCT0k1KhmQ7lq,2,2
5JG7sDluJPAh8zcW2JuxvS,2,2
5JGCS3oySt8hnSQeMOqDGc,2,2
5JJPfHpByZ66XsEyCNVi2p,2,2
5JRcDiHOMtl30Bhm8glskp,2,2
5JVe7nJ0MqVBiKAkjE9UXW,2,2
5JZGFSGzpRkEksBPu8n1kY,2,2
5JbPjRk4CJCPWJPQ6SQO6K,2,2
5JbvDBWAFvOnlr53Q9cD5P,4,4
5JcaA4A9ZoXthwEnxOxWvP,2,2
5JdLUE9D743ob2RtgmVpVx,3,3
5JeBHduTGxXxytZFXBcIlB,3,3
5JfCThSgcFgzV6gGi7BxBP,5,5
5JhfwQbFvnlST21evT6Qle,2,2
5JiRNiFW0qVuN3TkbpRnyJ,2,2
5JjLUIj2Oczvct2Yp5Spdg,2,2
5JmBuvUAjNnzSPIOF4Z6ZQ,2,2
5JoagKn5ANNAN33FjWY0GI,2,2
5JpyE359EeMFUxMNlitKqq,3,3
5Jq8ISsgnm2mPRqJi1swaZ,6,6
5JsvjL3K6evbrybb49X7SQ,2,2
5JuEJHeydYTaObYY1h9MgA,4,4
5JxfniFnfVXxL71Bs41G9u,2,2
5JxyDHWj4XMRgvuRzWd9JK,2,2
5JzX4z7nOrstlzGbwd1hOJ,3,3
5K0MAKgSzTxGqiKhdwW12j,2,2
5K5PsYGecXpFRoSNYHvhll,5,4
5K6JpLRCdbIQigdJp2jFWQ,2,2
5K6Ssv4Z3zRvxt0P6EKUAP,3,3
5K9SD8F6EysPm6tI7nX0pe,2,1
5KCLv7T5gWryrIuLBdItuZ,2,2
5KDeKHT9wILGR7w38RiEIe,2,2
5KFmTSVzYmvpRPUxdqB9NS,3,3
5KGYDSI57XnX1xqxhOvW2Q,3,3
5KIOfWtUEKrxDNi4OnIpg2,2,2
5KJaEu2ZMIt9FMvofqUgmg,2,2
5KPSKv02jtAsI7fmpT7enC,2,2
5KTBaWu8IOczQ0sPWzZ7MY,2,2
5KW8kOHmXqkDEdj6JyP3dJ,2,2
5KXhpAEkmtJ1BsuugIzrAv,2,2
5KZfM2W4L74di6cYgKoUE5,2,2
5KZl7Cymt0Vm6ol0ErO2Sp,2,2
5KaVoEhxf1UwParyAjzHVA,4,4
5KcWjNtUm8gnNEMsfAYxlt,3,3
5Kd77wjelqgsdtdPIzo3LB,2,2
5KnqauuLF6qyZA9RzfeKxG,3,3
5KoRwyRC1Yp3fTQQuZeMbM,6,6
5KomSS7roeHMj6r3THWiWo,4,4
5KpBYmEiClvljtwbjEhIJq,2,2
5Kpqr7t4KCI8vrnWrQ4H7B,2,2
5KsFfEXWbddaODkBr4Er3D,3,3
5KsKRVuyqD7AvNdpZf0T9g,3,3
5KsLlcmWDoHUoJFzRw14wD,2,2
5KtFijRDUJIyIsqEp8xUnb,3,3
5KteBzvgHmFUGpjJ8iN3XY,2,2
5Kw7j9uxLKMy1g4G76Q6gG,2,2
5Kxk0Jj1oMhMNw3xzt6wr1,2,2
5KyvxpYGgAUY55lDfnSROX,4,4
5L0oNcUAPW4zFLBekccycM,6,6
5L1WpemIJPb6U4f3ylBCLe,4,4
5L7VBYoosmkmiiDlzumdCe,2,2
5L8R2cyft2HfQ1IlfVAbcz,2,2
5LInOGDHqrgetnMlnvaDNq,2,2
5LNymP5gA4eiqi1Rt0tMQp,2,2
5LRnKVQjcqslU5QV3RB7TG,3,3
5LSyKM2bsIpSHhPgAjatKW,2,2
5LT3VAtPcUbfurNpjQrOwI,2,2
5LTwjTZjxnpAe0o0h5RgY0,4,4
5LU13fIMdPYFJpRMltjBGo,2,2
5LXaBBZePqShzKxM6b9RFU,4,4
5LhSIkQhAkINBgQZIyzS1i,2,2
5LhYDk8wnGGeaQufZAe7ce,2,2
5LiWJsSSjZh7Y3hqml18Ki,2,2
5LjHZiGtvpwWZoHpsKnVIY,2,2
5LlVixZh85sugPldv7Cxeh,2,2
5LnKmt8Gc9vrqeFdliF3vM,3,3
5LpyVD81GEyO9GNLsNI7QU,4,4
5LqdIFraDk9bpzD0pRoBdl,2,2
5LtfkPYweu6J5mDpOkCO5M,2,2
5Lu0vv78RmKZeBPpP1N8za,2,2
5LuQvkBG365ue36BMujtSz,3,3
5Lub3JBkk9adIl7J6jLk6J,3,3
5LyRtsQLhcXmy50VXhQXXS,2,2
5M2xtafLSB88W29ZEKhFU2,2,2
5M5TD1Tlpcgq0Fj1l6Mz6Z,2,2
5M8e1as5YJkh02XWaM2J5L,2,2
5MAK1nd8R6PWnle1Q1WJvh,2,2
5MAM4PXb95MPl2JWSlMI6L,2,2
5MG69A9XyXDbBbeOxdR3Tl,2,2
5MHVMHpukPz9DfsW88Bo9f,2,2
5MMnwYs0hIxkENRsbkWJ2G,3,3
5MN4Z7ZCqfL0XMKsmR3l8o,2,2
5MNxzyo5mrSoy3UkL9wbvT,2,1
5MTsZG10E0hTvAkdioyPnw,2,2
5MTxU2PS6IJVhFHtzMlvyB,2,2
5MUz4yymObmHrdgG3Zg62s,2,2
5MZWvWUZzhdysz2J1igSjN,2,2
5MbszOoRyTOwOIJEOIZn6v,2,2
5MdZOhx2f37BPtxaEn0F85,2,2
5Mktfl3xR4CNPO0u5QZRal,4,4
5MlyfdO19mwghNMr2p2hzb,2,2
5MnAi6ZF7cE8pAz7wYr9Ta,2,2
5MoDQWMDMaAGDEiWsJfeCi,4,4
5MqCuiA5MT3O141lvV1TUX,2,2
5MrP5dYqiWpjM2unv3M3JK,2,2
5Ms7TnzfvUT4FVFc2vR3CL,4,4
5MsydV2Ii4A7r85gSgh90x,2,2
5MuWGLrqeqYEcpqWMq5M1w,2,2
5MxNLUsfh7uzROypsoO5qe,2,2
5MzcMEsNgOEyd5D1E7FYMu,2,1
5N1ede3QcEvtJNtM1een6B,5,5
5N23UhzMfAuCYjwhSbTQwH,3,3
5N5CCm7QFaZaqYlmZOAU0i,2,2
5N5k9nd479b1xpDZ4usjrg,3,3
5N7TL8pWAyblwk9B4rLFyQ,2,2
5NCyqYGMVv9XJbymXH71d9,2,2
5NF0LZXnT008vwJiNbvwtr,2,1
5NItI4mEfxJqhnyaVRjMDR,2,2
5NOds8na1gzgwXlAo1eGoh,2,1
5NQYyej46WQkgCbnzGD21W,2,2
5NQbUaeTEOGdD6hHcre0dZ,2,2
5NVkktUlAylhk7f0t63eth,3,3
5NWDX573125Bf6Hwb1KDff,2,2
5NWyhQjPTh37ygOq4UHYZk,2,2
5NbR7c5zrOZN3Dje3JVJEN,2,2
5Nc2SsX7qFymhcA6dStJdQ,2,2
5NeIONQWJ25uPylJBJiO4c,2,2
5NetSTs4dgiR6GLrZOQcwJ,2,2
5NjfO70bhIyNOOFBcXb6ql,2,2
5NnXWsezmRvC5oxhguptYl,2,2
5NoQvINZLBV1wMYPdNmReL,2,2
5NpVwsN4IvmWUzWdn22ILw,2,2
5NuKMMoy6wz6Q5iv1uuDVc,2,2
5Nv8sEUqdqrrNET339wP1X,2,2
5NvNo6iJw4lZhjPGYlWnMw,4,4
5NvOZCjZaGGGL597exlQWv,2,2
5NweCllA9N4YRAFWwHxioK,2,2
5NykfmxWT7UILu4Xd9zk8F,4,4
5NzVGIho0voVNwcWv1jh1Z,2,2
5O3XZbXoPs3KD87OH3sO31,2,2
5O7A6fe7HJ5S3CmxKrfjzE,2,2
5O8NTmi6nq47lg0XKHzUZg,2,2
5O8sAf3rns1o6Y9lItpuOX,2,2
5O9Dz0h08LuBi0aVvDcylh,3,3
5O9R57EozcpLKGQBzadPVy,2,2
5OCFWPgrCCNBukB3YrDD90,2,2
5ODvKnZslnCF8klu7w0Vcg,2,2
5OGpsZeJRZ3t3MZioawcZW,2,2
5OJb83nV3B5lo2fldAhWuR,2,2
5OKmnlBQhekcgbvP7w9Oh1,2,2
5OLWhgBWQYUN6llsmYkPGp,2,2
5OLwMBA5teE4lKBvINS4GN,2,2
5OMUXgfXsSukZ0zxelpC3b,2,2
5OMzsUSgwjyRcyDfdLD4jS,2,2
5ONJ9mrQrCkO3G7LQi4wfE,2,2
5OOPYQor9kRh18B73f2Vci,2,2
5OQDBVmK02eSIw4s7cpe4B,2,2
5OQeh0hl86gwzbhKJlCMLT,2,2
5OQsiBsky2k2kDKy2bX2eT,3,3
5ORPYXJKlpHWIdceavSGrL,6,6
5ORgresDxzvFKqe7fLkt9a,2,2
5OWWBPmbl5abcQlsCHieFK,2,2
5OYCHXsuACS1yIWLgxgltY,2,2
5OdNjYTpLjuDDPCBNWonRX,2,2
5OfX7UiCkPu5PbZ7Nzfsfw,2,2
5Oh0WdiogFJP8iqNMez6Lq,2,2
5OhsGNXNLzKlks9amdXFAw,2,2
5OijISff2hfWgcXsRg2c8G,3,3
5OjCsHeByDYEGxMrb1z8KQ,4,4
5OkTqoiq2UBxRbDyKpJbV8,3,3
5Os2tLxqWCi3FexbWdWDAm,4,4
5OwwWMZDh47EptyLoIAG23,2,2
5OxclJsdFESni44YlpNpkR,2,2
5P11rW6aJErF37MTfRZS31,2,2
5P1tKRDdj7gJEFuqtKYJPA,2,2
5P37Tk0fNnnFBo68frcGhA,2,2
5P3o95Jf0YBQRQ4j2XPpfC,2,2
5P7P56z3BWvsQDh9MrEwaW,2,2
5P7RUK1ibNNyuaGoXgs4W6,2,2
5P8INbk864e7LllQ1HxgSn,3,3
5PDQcqpa5gERZQabpJu1eB,2,2
5PDSxvzJnXM0WnhVPBUvMS,2,2
5PDUqXNuQQhhRwwA85EjE1,3,3
5PFO5wajg9qK427Bb1aLF1,3,3
5PGtbjfmWEfKkj2XrYNSSo,2,2
5PJ8TxMAXO0BR5fBJc3OX7,2,2
5PJJk6CpId3Feu6i4PFZVP,2,2
5PMfj1XAp1t4yhRJdl4QmZ,2,2
5PQ3KfvXm88J5h5mXJusPz,2,2
5PXsZaT8cOxb4mXrA20PMQ,2,2
5PY9fTLp4MPXsbeRouS8gd,2,2
5PYkaSvt6fipSZ4fSce4Pf,3,3
5PZ2cqh9Yem2g6cTSOLllz,2,2
5Pc6HHW8FLEfZqYloxgbuw,2,2
5Pcskq8iLMAGMuJP5DCHfa,2,2
5Pd7suZX0i2HTHnhJSf5eG,2,2
5PfEiDJQNLsk0XCZ0GH1FJ,2,2
5PfrevbzpZzMtv4bVld9xq,2,2
5Pg4qYTcvCUBBq3jBhKq0t,3,3
5PgBTczNS4lpNmHVaPPqoU,4,4
5Pgt3FSjtVOz8BCkquMnCB,2,2
5PhShslWTooBj2SuyeHnBm,5,5
5Pj8qBEzA9i0vK6Wdt889w,2,2
5Pjd6gzQntVPYqTiVodfYe,2,2
5PjdY0CKGZdEuoNab3yDmX,2,2
5PlTDE2RLbcC9vBzbGAG4y,2,2
5PmtPTXrLqgqQfqngsUqZp,3,3
5Pv1UygiOvTIuFNUoiYXbG,2,2
5PvFiy6gfcrs6n4ki8vFqS,4,4
5PvwPy5eRO8BPwpRzCHK3D,2,2
5PzWVmfzu7rePAuFkxPQf0,2,2
5Q1fqIi57sHMKThqF1gsmO,2,2
5Q2JcngKRkAvJx4yhTlZBk,2,2
5Q2xFmSjxIlfzO0FJXLtb9,2,2
5Q5TNh4wr6CPoXKrI2H6gx,2,2
5Q6fh8OEhBYepJaORz9lxe,3,3
5Q7ayTarb9Tpmkik5cVMug,2,2
5Q8eX15GuWpmp6DviAgSwm,3,3
5Q943XYZo0Xvq4qUQebmWC,2,2
5QAMZTM5cmLg3fHX9ZbTZi,2,2
5QDLhrAOJJdNAmCTJ8xMyW,2,2
5QEOjnRNxVATerDuHofS47,3,3
5QGu0Yr6B8oHjlNNG9ncRG,2,2
5QHRON3xuXFOWlXeZU4oVF,5,5
5QI7dW354oDl3EwjF53O8K,2,2
5QIi1Vv5Wyb7Nw1Dz01xS9,2,2
5QIxA1EalEnhkKHxg9qAg8,2,2
5QLH7zAdcAJLgR25gtvtoK,2,2
5QMLTolS9JqMTqouRtbSWT,3,3
5QNFpjUpjZ2X9YgzIdDDhy,2,2
5QQDz4QWjzRUPqal4qLKol,2,2
5QSe2vbcBasm02vr76vqg4,2,2
5QSxwHGT5sxyhDmTPJhbho,2,2
5QTlj4L7ODIKNnTkhDE16p,2,2
5QTxFnGygVM4jFQiBovmRo,3,3
5QVHNa0ppJUOoqSd36ovQS,2,2
5QWGib8UBj4U9ybzmpuTUv,2,2
5QWR5HivGtat7XXOCSAdlI,3,3
5QcBkYPvcuDm0AYGYj0Y1h,2,2
5Qd8V1vtbxkx7txNXtKiUW,4,4
5QdrB78t2pyqfWha9RWdR6,3,3
5Qe7NHxeLAn8KoLTNLSdwe,2,2
5QgCQ26Yowv9Zx8fFZDhjE,2,2
5QifrqmnjHzdOuBAheeeNU,2,2
5QjuTblPokfD03fkfHUuVK,2,2
5Qjv35Ja2TDt9CXRRo51hh,3,3
5Qnrgqy1pAm9GyNQOgyVFz,2,2
5QqSYrL0dN5fvwQYEfltOa,2,2
5QtEFRYavs5S3GHtFEq7A4,2,2
5QtQFSdyZEl0w4iDxAyv76,2,2
5QvU2zJrEVw1gAVL4D4iLj,2,2
5QwAdWCnauw0GpDzM3glrO,3,3
5QycaevmOwueIMWMHuCc2t,2,2
5R02WO5PUrHxynXWfheAqN,2,1
5R0xj5he44K9pSZoljwXy7,2,2
5R234KEG9dj0MhKE5grfZV,2,2
5R2ZDKN9EOQxg2ApKCfTYh,2,2
5R4YNUrn32685RHjuDg5NK,3,3
5R5ZHUcjOoQ5H3NqdLNUDg,2,2
5R8rMNXiq8FPT7yze8liIb,2,2
5RA1kFN9rXDAY4ylievepD,2,2
5RAZlINOlt1wJm7FcnW0As,2,2
5RBkxxZAYHU7R9GuzEZk1g,3,3
5RDqGhMi8dw7ou1PFAN9Br,2,2
5RKfi7TDigyZwSdgU2tHH9,2,2
5RLDbZPiqULNl4cr17eoIV,3,3
5RO0MNa5hBKIM4OcjygadU,2,2
5ROUkE55LI83kG3ZRmAnum,2,2
5RQyJnbaAbwFZuTOCqK80z,2,2
5RTYEflSyR3t9mp6nX7bjf,4,4
5RXmLhscstsdvWPN0XtUa0,3,3
5RY0RuSxwsbEBurhE6IvmB,2,2
5RY5Qnk9IFiVuWRGM1Rw4X,2,2
5RYVjXky8GkIMEJvNobgWT,5,5
5RZ2onkccYP8RbSamO0hXT,2,2
5RbMlPFL4gVyEHW2lEOuzG,2,2
5RcAGLNN0UbnUjBqDLFkVd,2,2
5Rcs3fREgibWujLUlUb8KA,2,2
5Re7Mp8Bh2ldBx61DSxU0M,2,1
5RgFlk1fcClZd0Y4SGYhqH,4,4
5RgWfCrUzK35rBUIeswi5p,2,2
5RhWszHMSKzb7KiXk4Ae0M,4,4
5RhjDFqXK8YNnMeJZk7URW,2,2
5Rizj5FLb2AyNKu9esjYY6,2,2
5RjOdVrGkXEo1hEaAlHgq4,2,2
5RkJMrhW5aU2zMuJcZUNmh,2,2
5RtowNGRzi71N0vz38qJ8R,3,3
5RubKOuDoPn5Kj5TLVxSxY,2,2
5S0yacsFpFnsZH2Kh4r4Zu,3,3
5S1TBgi9opW9tmK7aXaZyq,2,2
5S5ZTjnFetvswBSsz1IyCn,2,2
5S9KnOMLC5vRckzbvzasEs,5,5
5SB73InpxuEQ20qEWhOQFV,3,2
5SBYmJR4hq0n6wIM78t22h,2,2
5SBm6jz3bNhnbgerw5sJ9g,2,1
5SDcksP8En1l6RtTY1wzHc,2,2
5SDmQxd4wO7fe9kbap9daT,2,2
5SEcSx7GCPT6G5AYZykRil,2,2
5SGjzbR81S0tCudlec1NXW,2,2
5SGoc2TZZ7xGdLQ7kpU06d,2,2
5SHguvOUbyPTINNjCvRo8K,2,2
5SIvk89WNJKsl02ojARSYh,3,3
5SJ7wxV5pDvhxs4xjgb2cW,2,2
5SMCxyEHdPJJf9VFwFYo4B,2,2
5SNDGulFALe3DpSbuYarl7,2,2
5SQIEHNedYoJqOAB9x2DDF,4,4
5SUlhldQJtOhUr2GzH5RI7,2,2
5SVYqPYpje5JDG2O969oz6,4,4
5SXom2SWwb8YxyfpUOQUp2,2,2
5SXwKl2nWY1No4wZ0FJDHN,2,2
5SbE5ptbYNFahUdICaS6kp,5,5
5ScYUv4grVUOvOECp6TiKZ,2,2
5Sco7mbJy7p7vdDtJW10fZ,3,3
5Se9PXWc57LRT0zthjI5cG,2,2
5SgFX13gtlQfsNUpoPshwD,3,3
5ShkPfQmBWA1BT2uqu8S7Q,2,2
5Sho3kEbYXopoXPhPACqo7,2,2
5SiENLNplsuj9uC7GFOPbp,3,3
5SifNhmUO8iSEoWFQU8kxH,2,2
5SldOuztcMLkVUP4EUvULx,4,4
5So7fa1VDWpsQaSRnS16H3,2,2
5Soke8VrytkoSA44NABRHa,2,2
5SoyQfSOYcegt3mXLdlqSl,2,2
5SpGYwR8nzi9eMaHL5Ucyq,2,2
5SpkQpc9OyY4Tuzd7fgpXU,2,2
5SqrY9AWeRXqwgLCnLO2A0,2,2
5Ss7C8bSDZMm0pt9pXqObC,2,2
5SuOikwiRyPMVoIQDJUgSV,4,4
5SyFWmUPpCaw09rCZs1eCi,2,2
5T2ZZiBMDGh3TZDUbxg4rV,2,2
5T4lERmPqhO2ukZoGJ5sSr,2,2
5T5BaEe2xK2VjPuNo1FWIw,2,2
5T9aWINkvC8GtmcFI2TZAb,2,2
5TB6hQCVrMaK3zPxr2dKkg,2,2
5TBNZCGMR1NJtJrrg606m0,3,3
5TGCLU2l5cXw8VYPjkxJr5,2,2
5TGNzWQ0JPGGn7V5SOkpTw,2,2
5THxirvtOzQQoUL9wLldgP,2,2
5TIUgAE7x3xmJJUMI8SrgM,2,2
5TL3UHuEBRMPbAIAOiPJmc,3,3
5TNhjanmvwvmjCz2WYwSAv,2,2
5TQDtOeQ3IU2VqKbCn6Rwq,2,2
5TQxS54o7gw5KOxikHxnUi,2,2
5TX28ct4JQjGSla3OPM87a,2,2
5TX9vLC0E0ABNOBVBDtbzC,5,5
5TXzVBQj31PD1YIS2Ll1mp,4,4
5Te4IY7QhJGFfAg1cmacZ3,2,2
5TgIPCn0sNM0PNXjhgbTuU,2,2
5TgS4dcUAU8EEb506d8wAT,2,2
5TiFvMOjuHM55p2IxMvmr9,4,4
5Tj1ohvoTgMyk5KyatzI88,4,4
5TkQbhQm9BXONk2agDo4w9,2,2
5TmFTHZp7HjBXjjsFvCY6h,2,2
5TmKvbzD7zEbZLNfhAHTar,2,2
5TpYmSOWMmtYLRXdOLdLaW,3,3
5TqUmeZKb2MJUMrqY39nmS,3,3
5Ts1dR3cOr57PopiHRFUep,2,2
5TtVQeYpMJ7fED6C44p9CU,2,2
5TuTzdZVv2k4Gtl7Rn6pow,5,5
5TvE3pk05pyFIGdSY9j4DJ,2,2
5Twubz3SaJmTykgAn8t7IS,2,2
5Tx1d8pU6gw3TpswVgl8xk,3,3
5TzpCPx20n4hELdE9Vw6ZQ,3,3
5U0t4SMp344ER0F4jYb6xI,4,4
5U1g4OWjCCkZtWNreyuHtw,2,2
5U7qAyfc6gyWSeqjDtzETa,2,2
5U8EeispfUCYzLaM1oKlbm,2,2
5U8xc7Ui7hC3o4X4KdR94V,3,3
5UAGqaLsYS9EgPJz0WvrB1,5,5
5UAtcDuXrfjU2jUtnEtYMZ,2,2
5UEQgrbhzRSn61cawiXtOP,2,2
5UFr6YU5nIp1ra63Yusbp7,5,5
5UImaIPLsLI79H2jfPk8IF,2,2
5UNtPhsi8vPmJI3yeaiKTS,2,2
5URB0NlMLJGTcEylRnDfvQ,2,2
5UStrdTMXC3qwEQSEv1HWo,2,2
5UV9ppR8qEEq9VenQbsOct,2,2
5UWwZ5lm5PKu6eKsHAGxOk,4,4
5UYYQuk6SjY3S892UuLXE3,2,2
5UahfndzuaFbOk29YyAc3M,2,2
5Ub5SzOZ2kGwoazjnQSfdS,2,2
5UbMGtksfz54ZgAdMNilyT,2,2
5UcpS8tiqIBonv1O145xlq,3,3
5UfTNVAB536Op3MZnwY5dk,2,2
5UhTgNN6c7js2HT2nEaPZZ,2,2
5UivJ02lC3RH9MmAysIltU,2,2
5UjWlEX3CalR4eFkXjJ2AS,2,2
5UkM8D1WUBLvnXGRwt2lXI,2,2
5UrZ1UfrJhyB7RMmWaRjXO,2,2
5UsPHCjVvPx2GHtpmIebvu,3,3
5UsfWcP6SThHlZ4oAgx7ge,2,2
5UtKxxlSjyGoY1bODWBv05,2,2
5UtcEYRfaqBRzXsoG8ARts,2,2
5UuUL7HPjllNxSXi2WyqBD,2,2
5UuikgHTxSRFRnC0zXx10i,3,3
5UvE5QlINnvEc7aFO14DVL,3,3
5Ux35kbZec0DOJXLOUGRNn,2,2
5Uzvhr8aMXs0pdJdFOERjV,2,2
5V1ohWM2iv4w8TUfA1LZGa,2,2
5V2UpZPblgQDcalvrIucG9,3,3
5V6XcXBrCGI6JOeYr4Uyo3,2,2
5V7c3vhgVN0VXJrRfAAcp8,4,4
5V7mTIcXVU9k2JNu0mE6vy,3,3
5VCiHDSwirlQ3yGZAcW8sh,4,4
5VFKfahPr6qgucDOv7oMIh,2,2
5VGBgPVFO3e0lWz4WHYntQ,3,3
5VI04pADTXoIzPjACCHm7r,3,3
5VIZnHRkpfZB9f4KoKomBx,2,2
5VJkEUAvmEelXkmKAE21U6,2,2
5VKz3I2DXveqU7vLoYIo4z,2,2
5VMPBdWTXlBkTOinoxfhHI,2,2
5VODRtqd2P5vUH5oHBEUmf,4,4
5VOJiy4ZseTafrksLPCxim,2,1
5VQtzkdA45dJW2DkSdo4UG,2,2
5VRXsiG9SmI3znIWtcp4FQ,2,2
5VSJ9OfZx8V91A7u8Fuoh1,4,4
5VUQsLff8A3ruAyCdTxqzg,2,2
5VVRRXsJ77a4jjGZCiIpAL,4,4
5VVaoVH3Hj0PlhzifnQuAy,3,3
5VYBergVrUDcb8QyEg70cF,3,3
5VaEDgy72bTbPnat9WHe5y,3,3
5VelPjakTvwPBHjPhl2Igv,4,4
5VgFJaOH1qioBhopvu1r7B,2,2
5VgsXmsfGIBOqq0imAv4y1,2,2
5Vi0u7cGTcPrXk6ZOoppnp,2,2
5ViWZbiMhr7VWS0ihZku6V,2,2
5VsfM32WcLbMlznpWpprkH,2,2
5VujK2veNOmeh7jNj9zq1p,2,2
5VuwAhMCz9EMg3RHL1KUEr,2,2
5Vv9gXd6HmKtjMgeQbYWq5,2,2
5VxelyYvzdyDBGp50tw1jr,3,3
5VyVQuqtPkKZt1jaXKuQkR,2,2
5VzsokRZMpEDLTaXBPfUdJ,2,2
5W1UtLcQLQOFZDpDeNn8Gi,2,2
5W1mgkhcE7GveRKk8267Tk,3,3
5W3ih1h8VhaLDIvwgMIRvQ,2,2
5W7DOVGQLTigu09afW7QMT,2,2
5W83ErFkO3aKAIS1WMi6u0,2,2
5W8HXMOMLtXLz0RGKUtnlZ,2,2
5W8YXBz9MTIDyrpYaCg2Ky,3,3
5WA3rl0o0RJwdhsB2T7p1k,2,2
5WHTFyqSii0lmT9R21abT8,2,2
5WJtuMqSdxcbuNvouacT37,2,2
5WL6VbqrAs7qYsMkCvShoN,2,2
5WLaJoYalaASb9JB7Yk5U6,3,3
5WNKAbOTfyJA1OVYLa2WI7,2,2
5WOXdAAtSQIIGXQt96uJJH,2,2
5WPbkilyXspX1yiKAiR1oO,2,2
5WSsTyBvMEFG3ac6JKb9gY,3,3
5WTKiRTdoDk07YJOP7y8DU,3,3
5WV7sVt2SrS4etUgwmNp4f,2,2
5WXezeBcPemshsXjMCyi9b,4,4
5WXnGRRg6o5dkWArWOWelN,2,2
5WaXrtRow1brEASUZsKgCW,5,5
5WaioelSGekDk3UNQy8zaw,2,1
5WgW9bG91h4zRUnBr97d6c,2,2
5WggjuxMubr94bo33Aan4K,2,2
5WigPvAtaOYC0bqkxgVNzd,4,4
5Wj3Kbo5Kf1gfHzYuS4LNJ,2,2
5WmulZwnY1U5566pqYWstk,2,2
5WokFKscrfGEGGLPTu3jgO,4,4
5Wr9eVJ9Ccpx6uYTLETkbk,3,2
5WtfUKzXircvW8l5aaVZWT,2,2
5Wu5OEKxm5RLC3ZnaPVcWc,2,2
5WzfGg2ueNoOS5aIkaR9qX,2,2
5X15W4gnll2D1vUaWkYKtO,2,2
5X1VGqaNrpXC8HBPEA4uDT,2,2
5X4tAxxNC5XaSgcIW3xhj7,2,2
5X59Gh7j0so6cDqrFdvDDS,2,2
5X5xWnr5e7bDpfIXqipcBw,2,2
5X7UA8fbdiFr9BgxhDeClb,2,1
5X8n5YZVPnFgfZpZ8ZzqBa,2,2
5XEYNhZdOT7QUfoXxVSdbu,3,3
5XKEOyjux8e6IM0lpKB0ee,2,2
5XND8aufA4UvtqAgARcjfN,2,2
5XPQQLzZUXLIT6mLnLRY83,2,2
5XRFBZNuGxgqW8mdAwUfAU,3,3
5XRNXsQhowtR0AbhaI7kIb,3,3
5XRwsXxExAn3FVewv4W9mn,4,4
5XTOStweq2Z2q0xoX8lzfw,2,2
5XUuldRjPXcP5QxyEN4IXT,4,4
5XWANb1t35rvZLytVAnEXo,2,2
5XWtnEDX7CJC9yK6F7KeK6,2,2
5XXVagaaaeWjbjdwggIYu9,2,2
5Xa8AhVrlg4W5deVWGb22G,2,2
5Xak5fmy089t0FYmh3VJiY,2,2
5XasCazsfBeMrrKdB2MFVm,2,2
5XbjnXDZgLSLTfh1R8L7vM,5,5
5Xc74Dn1ZKH6H8XaVGOHXG,2,2
5XcZRgJv3zMhTqCyESjQrF,2,2
5XeFesFbtLpXzIVDNQP22n,3,3
5XlvOh5YbJMp7CU3NoksNf,2,2
5Xm4SSav7wJziO9GxCfwjY,2,2
5XmWr9rlKvjMLmnq2A5HF5,3,3
5XnDEUn0QHWdr2bMJGIL1d,6,6
5Xpn8seuohodh7p0DFk13V,4,4
5Xs2wcsqZwZ6bfLSpAs08G,2,2
5XsoDbDt98b0FkFLOhsJuS,2,2
5XtQX7YAnDR7ki1yJYfrUU,3,3
5XxFY11r0YA6Xoyh1O9WsR,3,3
5Y0WJtsVB8iHfpBbjbd2zd,2,2
5Y0fOjIwvBC7ZZC6l6dOPz,3,3
5Y1JDF28qQDml25pVadnzb,3,3
5Y35bkxA5od9mlkPuN9Tit,5,5
5Y3OxkwWPuFZc5rRoJE45A,3,3
5Y7Lt08Xc885tzG5kKTZ4u,3,3
5YC6XWGWSlH4rxbmzvmCQj,2,2
5YDbSfN5oKWBoeyf9nBA38,3,3
5YGUJZXgqyg1bjC8JHia5E,3,3
5YJtMNWKe55yr49cyJgxva,2,2
5YMXGBD6vcYP7IolemyLtK,2,2
5YMoQXGtn0cBUQQZX77NrL,2,2
5YQQja967EmqiE5KeqJ4sV,2,2
5YQVUZqMEPJdb2bTsXlwfC,2,2
5YTUCrGykjWXPwhqE2w5Fp,3,3
5YUyW9opqNsMSEzzecZih1,4,4
5YVmHTAsdWnoanWXB7AwZX,2,2
5YVuTCLDxjS8pORppZhNsf,2,2
5YWW66ptUmdgUNBKU72sgX,3,3
5YZQDYnMUM9VFWBgmDBzmL,4,4
5YaqbhEmoxSpIbdBTPG6KQ,2,2
5YaskwnGDZFDRipaqzbwQx,3,3
5YdnOm5990Kfq1Jodws98B,4,4
5YfYbZ4bgXC7iBzeVCR8qI,4,4
5Yg3kRGlB8UB6Sa8Fq4njc,2,2
5YgjfOu7KQo7kwTvSUkNCR,2,2
5Yi7LVz0rVo2aYN34Hyv1U,4,4
5YkKpbHgr62AmlkLh2pwDc,3,3
5YmCD6XNHTWgQqoxwLGmHG,2,2
5YtIkHosMnyhM3ZwcAnvtd,4,4
5YvXxUicHxAwIM9xNIgLrl,3,3
5YvY66JItF2jFFKeB27pmO,2,2
5YwVDOWMKH7T0KtvpPSESQ,2,2
5Z01kGFWQcQA3XBRxjAzAJ,2,2
5Z0cNlBxEDa3fMkLWdlbm4,2,2
5Z2hgvhUc6zFukmNVkB7Re,2,2
5Z2iVSDPvCScP5M5atIt5v,3,3
5Z5nDrUm4et2SBtLDKnF38,2,2
5ZAUiOlYURVJEJ5ktV03v5,3,3
5ZBBRl6mi8L6Fob07xKdXa,2,2
5ZBeML7Lf3FMEVviTyvi8l,2,2
5ZE9ktS6Qbrha0oZKmO3Mi,2,2
5ZEDdR3gnXAudntQOn0yOC,2,2
5ZESanTyKmIOXBu7se7z6U,2,2
5ZKG94fnjiuMH5yrC5S9lS,2,2
5ZMYqjKKrxDweaVPvmzfhQ,2,2
5ZNIGfSGiAWJ80MPJTGWO4,4,4
5ZQUoZUqQ1D7QiSOmtQCoI,2,2
5ZSIKIjJtKnqT9lJcP6BvM,2,2
5ZSl6gDoV6bPPxzmLeneV9,3,3
5ZT0rwBZW2xaNrSBNwi9py,2,2
5ZWbnDBQ07zjDIBDSB9eAV,2,2
5ZaKWYtQTpOyRogPpE5Tyj,2,2
5ZdntuIyPOpVZzVZ5HvuJP,2,2
5ZduaRci3iNUiDfJbBfAaf,2,2
5ZdzNVOmCSp5HFLk0EgvJS,2,2
5Zg0dSOLzaveXUTGyahSnB,2,2
5ZhaKUsY68U0lgREFWfoxg,2,2
5Zhm8qMnDwXR3soSSurN8T,3,3
5Zj7nQgikLMlf2Gc8ss0BE,2,2
5Zk9paAVhGvRR1N0s3e0BA,5,5
5ZnOG96081GKWdYzICCzIu,2,2
5ZnZ7ezEglEmQrKkNOtQEH,3,3
5Zrx6EtgUwkeyhAocvZtBW,4,4
5ZsAhuQ24mWHiduaxJqnhW,7,7
5Ztw19POZVio1lQE27ZLVO,2,2
5ZzjNL4J31lqU853Un7T3f,3,3
5Zzlx30trBD0YtHJelBF1z,5,5
5a08oj0c2yj1JxlY1Zmhdh,2,2
5a0bHLSL5t4eRNKjmh9PyV,3,3
5a11x5PUFvJEadMRqtNtTr,2,2
5a1Cm3iYkS0nWn9fTijOq4,2,2
5a1iz510sv2W9Dt1MvFd5R,2,2
5a2UEK7RTqh292NKyPUyqd,2,2
5a3MuZQW1GMuLWBg7nwBkU,2,2
5a3ZlfUdkef5uuXYcYNbUP,2,2
5aB2i5mAcabrEA1LwRCbBl,2,2
5aHHf6jrqDRb1fcBmue2kn,2,2
5aJfbWiKcwC4Fh7ymbKHHy,3,3
5aJg39ukLHsiCtCwoIHcF3,3,3
5aJsZdmc9DKHPgN8P9uzvP,3,3
5aKeoAh8dF3mZEt5Av3LvZ,2,2
5aNH8inF5BsbThDeOLs7zs,2,2
5aQe0faFOjeskrHwpleXLJ,4,4
5aRJTjJ7XbxXJmsZWM682b,3,3
5aUSEPNd3m5xliFK4pn5mU,5,5
5aXTfpNOqLj35ydEiLio67,3,3
5aZ1TeiMuTKqqPhYIR5hu1,3,3
5aa4zMfrJ16iDnS6UIKtlL,2,2
5acSb48zFAcXTdL5Wsk8xx,3,3
5aeIj88MLdekYvObw5Yisk,3,3
5agR9SuTKeI049rv0Id5JK,3,3
5aj4UEKeW7T3eI4ETaN7Me,2,2
5ajfRrXpInejkZUxZOX6Rm,2,2
5amAJIEdIVtWYEi4wGp7Fn,2,2
5anCkDvJ17aznvK5TED5uo,2,2
5aofZWOmeqAszZkhWXCO8M,2,2
5aulWAWeV1uSJUJmDGmrw7,2,2
5auwSKx96QcROy6CTGnHIl,2,2
5awDvzxWfd53SSrsRZ8pXO,4,4
5awljpWNO5TpXCyjpvCBbs,2,2
5axys0aO71B1dZDfnrxHvy,3,3
5azdR0MZxdZjGtb6tFLEav,2,2
5b1je14Oz92lpIlIMLieWw,4,4
5b3C40EzC5DBit14cLfby8,2,2
5b4ja1psqZ59QnyrdwudFW,2,2
5b58AS0u6Xr4vaxWnY2C1n,2,2
5b6enCVP67LsqqrfTs6rxr,2,2
5b7PFsHhtWAFV2AZC869Mf,2,2
5b7u3idwfY2LyqMQlCwscm,2,2
5b9CYpi4Sd89Zocvyo7djZ,2,2
5bC6ONDsL88snGN6QasjZH,2,2
5bDvBPW1eWPUbWYaqPjmXU,4,4
5bFuHlXKw66Uu2cHKn5bf8,4,4
5bHHfNEUp1p1ReV5zUhMVx,2,2
5bNkTWNPZT0YrBjUiI6BHj,2,2
5bSwFsWS6Koxno6xGBNvyK,2,2
5bU4KX47KqtDKKaLM4QCzh,2,2
5bUeN1bZKkmP4SJb0aft8B,2,2
5bVUUTXB0Dg7EzuSZC57ek,4,4
5bW5BtZD24h2zAAaFKet2M,2,2
5bWsrvSklKrDrYbBgqknno,4,4
5bi1cIE70zeiRhAcTm3Ejg,3,3
5bjmBCyGJexqPX5ZE01CXl,3,3
5bkpKxDCCTpeW1v2JcFTQ7,4,4
5blcqgpsuKhm0WQwMsmywj,2,2
5boa5pUNMOHjpXuKyIGcXj,2,2
5br09BQU134gRX5M6HMnmr,4,4
5bsGv6kAydbH8VTW0xup9D,2,2
5btL5b8tZqaoRNNoCURgxC,2,2
5bttUhX2smfy7urwlidPfG,2,2
5bv4X76LlWX66wLKPpSJpr,2,2
5bwnexvD5cm2E7Wl75mQ1x,2,1
5bz7w9uBpH6YKuADn8fIEq,2,2
5c0N2qsBgz8C9Kh3YDv2hy,2,2
5c1E9iQocE9TMJ0ltS1d1B,2,2
5cA8x7k6EEHgCfg5bN9xK3,2,1
5cBmwNnKGLPRCQWzFS0r0Y,2,2
5cCcTvZstIyX4Rg18MhVOJ,3,3
5cF0dROlMOK5uNZtivgu50,2,2
5cIArreof1TD6LLYhvA2Oq,2,2
5cJJdUtacwBrphoMjh3tKG,4,4
5cN75zXR3M4si2toC2eF5C,2,2
5cOdPnKDyhdFnB6X3V3JkK,2,2
5cRKj1kynNFqiliT2ndZ3y,2,2
5cS3LwObFvrv6Vfwge0D6R,2,2
5cTapduezHvQifo0IYIdYh,2,2
5cUH0jGZStImc41LbHSjhA,6,6
5cWtZM21FH4YL0aWq3Syfv,3,3
5cXTVq79Ei3i3j00QSckLp,2,2
5cY5o3LJZpC7K7p4pyAn8n,3,3
5cYeAqS2jRcWnhjzjb0I9w,2,2
5cZJVhuhs4aXpftslha4Ac,2,2
5cZkudJYkjAKcU4Cs0BM6H,4,4
5cZqsjVs6MevCnAkasbEOX,2,2
5ccsZWf2YhhxSZjmi5FdIw,2,2
5cepAtqnEQ6yVG6088zMMu,3,3
5cfct39EqJAkG0cqRaARz1,3,3
5cinRwHiqT4b1CpOlDdLWx,3,3
5cozKcTbz5DUdHHfgNdGOb,2,2
5cpJFiNwYyWwFLH0V6B3N8,4,4
5cqdwnYqRTB5dq9AQtMtFL,3,3
5ctgndouYusLD9HgXhSzRU,2,2
5ctrWrTwgy5xLZA4OWgY5O,3,3
5cuKznB43EbsEP0YIJ2wD8,2,2
5cxE8QZLrhP3OQjslZ8Lux,2,2
5cyDXBdzZk0p3keqDAVkCs,2,2
5cz0T1Q8AmpY18TDLAe2ja,3,3
5czB34FvxB37x0FgDMcFcK,2,2
5d1OeQBC6zyHO8jc2svOZz,2,2
5d22scOOfbrK7GHy3ZTT3s,2,2
5d3muKRbXucKhDBFgo4M3R,2,2
5d4jOVHBxlbRZJlBfarH41,2,2
5d4uNYfeur24XphGI2Dbxw,2,2
5d6ZRqgbz26Sg4bk1oifQw,2,2
5d6cQDjQFHKdUamJwXMlk8,2,2
5d7HXbygC36qy2zegmGxAT,2,2
5d9RSSwDvlTyuwfmeafUah,2,2
5dAMXZx98EA6x3MiqGt2DY,2,2
5dAtKXyrQoQW054LZqJ5dP,2,2
5dCsHs5nynTHGdua0raMRR,2,2
5dF22TUprEIDwQAiXmX7hX,2,2
5dH4xnErpUOIDrGySWGkfJ,2,2
5dHfNQUBWMbjn8NeRNUPgW,2,2
5dIz2Q54yzcvyiXHRnvj4C,2,2
5dOtg9LgnUYyUsIpV1AAlQ,2,2
5dQRYJYKpQO3ZF4CTO6AQJ,2,2
5dSc5BbU8wbGY0dHVpf4Ys,2,2
5dTHtzHFPyi8TlTtzoz1J9,2,2
5dUMh0ugelpKfoFp3qChuK,4,4
5da9b5VNMVtlcODdACt6Tc,2,2
5dbg63VvmTjGvnapJC6LgQ,2,2
5dcIjv7GMNMSaQ7nAkoFNM,2,2
5ddZVXA9ZF6gdSu5CzjWgm,2,2
5ddiqtnKYhGULuJATEAJsM,2,2
5dfmapXZPohL1PgX3y5jGm,4,4
5dg4ZDlBtLr3b91LS0ynip,2,2
5dgHBBHOxxNXhfk6t7DGfG,2,2
5diYEOacejP4yRkWlYU3Cu,2,2
5djhdzQMGAOIoIIpvZYpkT,2,2
5dmC4IGuPsAzJNigeCFLO9,3,3
5dnHw5AJ6YTCWG2em1GD2g,2,2
5dq2dQHbAq3BCbBX1OXcV7,4,4
5dqWZZQmtkuQtwbumKVdA7,2,2
5drK2kTE2mrUdV33iHWyrx,2,2
5dva7BVCxokQMBpa6c3iBi,4,4
5dwANCHdFm9JGImYZd3ZGH,2,2
5dxgUzUSEMddBRjMZk6bj4,3,3
5dyihZecYMcEPq09Bk2OL2,2,2
5e0OSsSpWpQ2kS7Z9CGLDu,2,2
5e0cpLRbShZxK2w3LOR5Zb,2,2
5e0s0MXXDCMFJ3690neyY0,2,2
5e2ZOmiFEAOFEgXNj1mHEk,3,3
5e2c0iKOJju9ESAjpFDiwG,2,2
5e3YOg6fIkP0wD5TyxcHOH,5,5
5e4uOUdrpFCKC2kwnXWWtY,6,6
5eBZPQjBjCRXKsu9DnfS21,3,3
5eF05n2gqGMhPPaylRsrrU,2,2
5eFiEFtrq5dLgVHSZANUNl,2,2
5eG8QuQKOBvDeCyoOeMkhT,2,2
5eGsHi6RcL33gb9k89UYaB,2,2
5eI11836uL4Ek3jGS1p50y,2,2
5eKHYWleV51jmRVtr6sAzY,2,2
5eQ65mobue34pbrlcx8IuU,4,4
5eS9JgnPXrYmU5azR9ySjQ,3,3
5eYQMChHFGtMlRPZicBtMC,4,4
5eZrW59C3UgBhkqNlowEID,2,2
5eb9KjDxy61Y6AYcfirYNa,3,3
5ebmgjX1AIlMPXmAvmxfoH,2,2
5ed9YUQoRSGibIZWy0uIcG,2,2
5ee2y1hdrYRYlGzKfkQdBw,2,2
5eeWHpZyV0xqWunkjahh6X,2,2
5egFjQRWKSFGYfnPbE7gCg,2,2
5egqKwgK5r5rvGD1LrtR7J,3,3
5ehoXwpw70o6WEEufJm1q7,2,2
5eiNZ6Bta9NSU5AJ2Gfsd4,2,2
5einzDm0JVThmbqavvqFpi,3,3
5el5IEyb9ki6rxmGckY0Hk,2,2
5elW2CKSoqjYoJ32AGDxf1,2,2
5enNdx4oAh9GK3sXWzpge4,2,2
5enzKZ2YzoY4LFaamlRhFV,4,4
5eoeprRHwpMtrqkJM8Cll8,4,4
5erkBzi1uzfVzRotIEDevu,3,3
5esZWlW1SijQtw30OcWyUs,3,3
5eufSf7Ss9wFKGoEuqfNAv,2,1
5ezVqhuo9PDNqsGKsKOPyG,2,2
5f0M1GxFFvfrnQUNAaST4L,3,3
5f1aVfi9nYxMHpcA6h0wOK,2,2
5f1qCD8JhSU1frlTwk6hHW,2,2
5f2zZawBtGBEw24ABweErz,2,2
5f4rQKuQVqkVuqlUKOCcYr,2,2
5f5DBTOW5Y6wPiKTVcYVkg,2,2
5f8xBaP905M0O65CGHwDl4,3,3
5fClRRa7P9nPIpstj50veV,3,3
5fGYsQIipt0ZYwEtcedXDm,2,1
5fGw0HGVVI8kZk1DsMC3hU,2,2
5fIWOnufnkAtDp9SDqRMD3,3,3
5fImX57te2ofsdSqWuF4Pl,2,2
5fJD7wh9yoSTpl9d5rgl7l,2,2
5fJX0XsZwvAtiE5M6tUF1y,2,2
5fKF2n5jmZDMTVbg9bW6R0,2,2
5fKyecQMay6dMwjf9VdYkk,2,2
5fLunXV4vxS9HDpnUFS1za,4,4
5fMy36xPHP4PEgsirxLmma,2,2
5fPIx4t5vomPE9cWnTL6gv,2,2
5fPWflMcJ7zT8BSnHQD9Wh,3,3
5fQYoR7st5kgsDw174m7UB,2,2
5fRvePkRGdpn2nKacG7I6d,2,2
5fTZEl1XxMWwTvCDiqMmNr,2,2
5fVZC9GiM4e8vu99W0Xf6J,2,2
5fWG4JDot8nHCte7gUdMUS,3,3
5fWRLdgfMlbKDncAhdN9zI,2,2
5fZ4BFeBjmntYJgrGJBa6k,2,2
5fZS83DoIkvSdwQKTRYdMF,2,2
5fZtkCqJLX4tUcDZXAovOI,2,2
5faD0zZ9fMa3J5ZN3lIWtp,2,2
5fbQCQt91LsVgXusFS0CCD,2,2
5fdhNvwWmlqnzICxp25b1G,2,2
5fdnkYsudjoQtvkk1jpk5f,2,2
5ffAjEtQBzn7d7I9pl2kB0,2,1
5fhcuVxuBWfgNXGuyAtLmr,3,3
5fieveWqFKZ43shYUfc3xl,2,2
5flnQRzZYpT7v7BvNoLsQd,5,5
5fmzL3Ogapgp9lP1SDzhTu,4,4
5fnA9mkIfScSqHIpeDyvck,2,2
5fpPd6Di3TCFDBF4Z2QxBW,2,2
5fpq1wF8xa5tSSlcKHdmGQ,2,2
5fqDXVrqZRCtyOVFQBONc6,2,2
5fqtDZNe7luPDPYZvfcKWW,2,2
5fqwMwFjtp7vkqCHTyVU2J,2,2
5fr1gqzvwrPrGS76ltBsFK,2,2
5ftfVzSLIi5ZxYdNbRtf41,7,7
5fvESB5vBG8Rs3bYkNrbQX,5,4
5fwRhPXAvGgzUxW62ZCvEg,2,2
5fwSHlTEWpluwOM0Sxnh5k,4,4
5fwTnv7jYOLuOuWtNIxW6s,2,2
5fzii5v8A2PmlvML2ziF9n,2,2
5g0IODsL7hiPxExwKNjIPo,2,2
5g16JoBfDBqq3Rb5DvsYVX,3,3
5g1BARk25uUJtEPSUwcjnU,3,3
5g1i02FYQMmVj4L17Gis1C,2,2
5g3ZD7PmrEQlQZKDW91yGG,4,4
5g3tq4BTYSNSPueWgXq2KU,2,2
5g7bsxCqNaucnXpexUoHg8,3,3
5g9aRY6CDZx8KOwahk0DjC,2,2
5gBW4PhXqiUVL8FJ5K9opo,4,4
5gFfoZxgMHgMiArpO4Balz,2,2
5gI0Acwuv7iBUxbgtlDFk4,2,2
5gJKsGij5oGt5H5RSFYXPa,2,2
5gL9KwWXfHSin9oSfbC6Zu,2,2
5gPmpgnbsl3d6u9s8bIMcb,3,3
5gR8M5w1A7AzeAGZDf1Lqf,3,3
5gRcv46AMTrosmTOqrOV3Q,2,2
5gRjZANENPGzKGrOsBIVUa,4,4
5gSVKG0R4xc8qtDIoyDNy8,2,2
5gUINRqrT8H4rI13ulJg39,2,2
5gUxxioIeJdr61AgjVYznI,2,2
5gYd4FkVfXLclbFdnguNkb,2,2
5gaaYjMifOCZX72OtAuP8H,2,2
5gb9UJkh8TfrNMRYOJNbew,2,2
5gbCiZXLyMxwNpf92QplTV,2,2
5gbxzSqABThINGDb7vIiwe,2,2
5gdg8veEXwC9qPnmXZN1x1,3,3
5gePc5Ns5P1lBhlSrItWwK,4,4
5gecpIlPtD5CP6ZryVfDUx,3,3
5geqxGTn2dFte1KywqcXYq,2,2
5gflgO9EPbIBf16n5TKnQS,4,4
5gjfhL8mRK8cW6nQn4YvmN,2,2
5gk0dcTvWZGg7Tlq8PEfNe,4,3
5glGfEWwxzPLOZOnTbZAtS,2,2
5gnXJhg3zGHWvrgplrVrxH,2,2
5gnuOwxhhGPrQeqs5DBE4n,2,2
5gqm23iFgOEwCnwrZGoJeS,2,2
5gu88ZDe55PBYke6F172SJ,2,2
5gwLIRjGFf3hXuHoKEsWLg,2,2
5gxakaZJUKXaPZPPzVZ5Tu,2,2
5h0x0UIV8XFVh57X1NJMBn,4,4
5h1L6nOR9QYXeeNW14aeus,6,6
5h2KtePTFGLYjtNTy0cQ4c,2,2
5h2YLD9MLviHF25NNYYi9j,2,2
5h34UBBKsOZaoFzmLds3by,3,3
5h3PtoxLaZW2d9wKi46pQX,5,5
5h5LOXw9vBTqMoPDOHxbar,2,2
5h6SovHOYpIMlAkafxcbq3,2,2
5h7e9eHY6RnP617D9zzzKb,2,2
5h8jp1tzNDBhETtY4l1pjI,3,3
5hBI68juwgVWKLrf6xOP8O,2,2
5hFv1SIDrWucD6FO7sKuWX,3,3
5hIIcMRyRDxvZ8tnFD1J7V,2,2
5hL9yKGJAMUxfwsjFnJ0aR,4,4
5hLiMgK0oIx8t9AwO3Pm3P,2,2
5hQll2t2rfpVARhVjDVOYJ,2,2
5hRYqAIsLf6I7zRP3wOoLw,2,2
5hXEcqQhEjfZdbIZLO8mf2,2,2
5hYirmwaIUUGTFwmJl1WXM,2,2
5hZyYFoURxBGBTFDiQMQqV,2,2
5hcG3IBVv07O07nISLz5xA,3,3
5hcGrtw0zsuAvdCHDm0pGP,2,2
5hfxpv8PKfvk1oBg9PV9XF,2,2
5hhF25sWnZvXhimOHLjTRE,2,2
5hhNbZ5i5kIdgRWd53jjTh,2,2
5hljqZrl0h7RcIhUnOPuve,3,3
5hlxswETS4FB4oCg6g7JHk,2,2
5hlzz0D0ttrhZk8XSbbBVC,2,2
5hmek3mrSYvfSElBsPNbxo,2,2
5hnGly9RuGiixupoVrLTNI,4,4
5hpfHL17kbeafCT2GGrfDx,2,2
5hsExtdcPmoDQTc9rhK6ui,6,5
5hvIZF56tE8sAwMA9cKmQQ,2,2
5i7s3sB1LzxeVz8CWVEpAO,2,2
5i9YJPhJo1RrWHKjkbkgmk,2,2
5iBHQdgvYptTzQzLPHxbXz,6,6
5iC1ZJrmutqWWbyyirrDuZ,2,2
5iCY0TXNImK4hyKfcplQsg,4,4
5iFwAOB2TFkPJk8sMlxP8g,2,2
5iLvprNgPn14wije5V6djv,3,3
5iM0mfAZx3H6G8D2ZCejWz,2,2
5iM8aV6Ynj3zuDsxqQm2Sn,2,2
5iMObLrpUubKDBD5FvVZA2,2,2
5iMPhdSTH7OovnhUzo2juY,2,2
5iMa4kxn6paKPkvVzkglbu,2,2
5iThumrwP9a0zMWB1ZDRF5,3,3
5icOoE6VgqFKohjWWNp0Ac,5,5
5ij7PgYsUYHMXMFDWcZqww,3,3
5ijySEvA18lrJVfCfG9EHm,3,3
5ikqOXTK8YGVJqq8NrxuM2,3,3
5ilB8rxSxwmJbMZPqv2AtX,2,2
5ilKR6ucV43TXQFLoLVpsb,2,2
5imShWWzwqfAJ9gXFpGAQh,2,2
5inWUDecQMC4l2eOFzaIaf,2,2
5inhNJDsdUL02QKh4nCfwa,3,3
5ivhfpfnoHhD8rUI2t3aJG,2,2
5iznkI4FXblSG31LN4hcun,2,2
5izpR8PlJCjgJexf7JkMa9,3,3
5j3QqRGflS4o5jbsFSwKW1,4,4
5j4efyqEcrNX74JQJOmToB,2,2
5j5a0uWJly5tOvBZiFJbxA,2,2
5j5gYFCv8Du7NEVll7pbOC,2,2
5j6fNm5pfsmJBTtuEMQUQn,2,2
5j7FeEzvAhUG8XbhzQk3i0,2,2
5j8OKKKrBtD591i0rf5Jov,3,3
5j8hhWf7dxILKgMsRSScbM,5,5
5j929KlzL6RcXeX2LD4dgl,3,3
5jB7If6pecb89mFSeWyeQu,2,2
5jCp5A9hMitx5zeo5Djofm,2,2
5jCuwPfj8tpOtmWXIfpz48,3,3
5jDId3iv4Jrzd9aeCJZjOO,3,3
5jGQrDqkxAnsBcZJfvaQg0,2,2
5jGbxKNLOEWZoOmVpcYbJO,2,2
5jJku0eSaZrMEBEqM7IbTU,2,2
5jPPbInoWNDVOBCyKCvvec,2,2
5jQxNgMrDlbuYO6LQ3aY4Y,3,3
5jRHfr4DXK8SteonU1uQjm,2,2
5jRM57e9BCpKm2F0iQmReN,2,2
5jSV49gFlnc8FgpvjOCcM4,3,3
5jTnpbclNqXTV4trZSjoJE,3,3
5jXrULyYKHjkAMk4TXZFoG,3,3
5jXwDTzWWPK4AzJwHEHdkQ,5,5
5jZdUmR7UmVsw9XkEsPGZF,4,4
5jbyNzbiXyioX8q462Bb76,3,3
5jbz9ONajDOe1AW5c3ob5U,2,2
5jfkhjOOHwuZeNQ9hpIEYE,2,2
5jgFfDIR6FR0gvlA56Nakr,2,2
5jhIWm2hXdVQJaRDE9AGhW,3,3
5jjZikDrEd0by1o7V3fO4y,4,4
5jkFEHWraBRMHSlEQ7pU4g,2,2
5jkbw3FDS3bSSb4oLKYbjf,2,2
5jl0UgNHaXiCR7ZpHfHNul,2,2
5jlWc3WmSTZ73RNmCqCQP3,2,2
5jo7iW8CAGWWTrImvn8Ynh,3,3
5jp5OUZKjiaeLnwpACZ8kA,2,2
5jqBYCKbXjoo4rgjOfFQzE,3,3
5jvwBfP3afteHaLNrPrUCN,2,2
5jwbubhOVH3QhkRrvaNwa5,4,4
5jyPgh9K0YlyhlVGQzFsbO,5,5
5jyUBKpmaH670zrXrE0wmO,2,2
5jzma6gCzYtKB1DbEwFZKH,2,2
5jztY2semlZDUkLAmwxq9f,2,2
5k02Wjsu2MdpF3c9VFQD0k,2,2
5k0xcYedZDXWe48vkgehCc,2,2
5k38wzpLb15YgncyWdTZE4,3,3
5k3U0OGYBccHdKJJu3HrUN,2,2
5k8kM7FMh07pr7R97VR7SY,2,2
5kBemeXHWOKqsoLS22qGFw,2,2
5kF56H03uu8j24OFv4tsX6,2,2
5kFWp8In0sIpeXPfPuJlYE,3,3
5kFWqLVb9idG4f52ZVD99r,2,2
5kFx4xgYC8DZG1N1opikks,2,2
5kKSQULHCPFE7CKMPrkAtP,2,2
5kNCog1amNsI8z2iD5634p,3,3
5kVZxyMY1gfdCLiChsfjn1,2,2
5kW4weQet1sxEKE9wJngDJ,4,4
5kWMV8yuPP6zSdz4MZhjVh,2,2
5kX1LMGQ2gjOti9j94ehdT,2,2
5kX2eRxwNj8DNa5eonHZ1D,3,3
5kZbD9TCr2Iw9HoQFHB9Ec,2,2
5kc94sZMpuzSZdbfiCr0gh,2,2
5kcvIemT29FwXaHvp6W5iA,2,2
5kkGFMcYcX1h3sQkyJcLHo,2,2
5knuzwU65gJK7IF5yJsuaW,4,4
5kqNIqFjijuzvVLhuY9B8j,2,2
5ktc8d1y2Gd0ug5OpNm6Ia,3,3
5ktiAN5ZmNa3yO5ZuXnFJ2,2,2
5kvFBu6jDJMECOqmD7OwUx,2,2
5kwLY3eUcdPTaelGBrpydA,2,2
5kxMnTTT1CMmE4VFxitybl,3,3
5l0ZKLOBQDoag51oWfjWI2,2,2
5l3jfz0MIWsJWEs9d1OFSt,3,3
5l4DU5tgUtLqFSxir6y0dp,2,2
5l78PGbrC8CPSIEMlhGNR4,3,3
5l94Up12BJSjhH7Mhr2ji4,2,2
5lACcY1yxa2N9at0ON12o4,2,2
5lCZRY69UnWKdApn7kmpfG,2,2
5lGN9hkorYrkMRdERpzwI0,4,4
5lIAn4lM6KBYzpNttHWhAZ,2,2
5lKoQE1qdSfbvbkldmMM3A,4,4
5lN1EH25gdiqT1SFALMAq1,3,3
5lNf1QuG7smWG4GNzMIHlE,2,2
5lQo8f9bI3j9w8FTuf1Ii5,2,2
5lQsiPTAl0XIYiq1snPNpZ,3,3
5lWntBx6CC4JbbHPCb6ftj,5,5
5lWxhOZyvgTrCxAbcnCAeB,2,2
5lWy56wzG69YCts5BV9fth,2,2
5lXNcc8QeM9KpAWNHAL0iS,3,3
5lYMpFuFYlgpSDIHBV2Goy,4,4
5lbbKWBKV65RjUGOI8C4fd,3,3
5le94AmYDEMG15R5iRfgxJ,2,2
5lfWrciYtohtIMVDVZd0Rf,3,3
5lkDeLVqRKlrBhHUecobqn,2,2
5lklfOLrLueIi1xibiuRhQ,2,2
5llJJM8CQpZhfUBwrJzp4c,3,3
5llUt0qTSnz36eWev5Vh72,2,2
5ln5yQdUywVbf8HhFsOcd6,4,4
5ls7oqk4nnxgPAJmGqZyTw,4,4
5m1i6hq7dmRlp3c1utE48L,2,2
5m3GmwLuZSP00IzHdxsDIV,4,4
5m4FuvMmLOnq7Gpt0ckAcf,3,3
5m5I3KcV83zf2p2qbsnr3y,2,2
5m5MfbKRYr51hWN2bfpacp,2,2
5m9uiFH9sK5wxRZdfN62n9,3,2
5mC0tSmdI2MgY9ZEqiztUP,3,3
5mCfBswaQFbJ2i1OovGZP5,3,3
5mEqD00bdFcsiVd0MfvEeF,4,4
5mFMb5OHI3cN0UjITVztCj,2,2
5mGloFHrHDNGR1pY8iyxGn,4,4
5mJXpSeA67IBHEnLeCxCEN,2,2
5mLllF9AIePVdhExTiNyyr,2,2
5mQJTsR0OWKxg0ib1y145I,3,3
5mSV839zj5rWgD8iKYr2Vo,2,2
5mUl6GfKv2cGnnF7KsZTup,2,2
5mVW4nXaUzd8bRn0MWQb9H,4,4
5mXkwFSEKXMDikxK6x6lDv,2,2
5mY3UCVhLzKlOmLvKEWKgj,3,3
5mZ87Cp5PvnoejFLwBqYkm,2,2
5maosvba9QkQP14u6vtxog,2,2
5masKPHeAOVNgxdLebIcK7,2,2
5mblm2qeUbMbsDNsIE5OQi,2,2
5mc6EyF1OIEOhAkD0Gg9Lc,3,3
5mcxpGvbTqusAuJNYGiO4O,3,3
5mhHL6HAEcwkYoGSUBekjE,2,2
5mhWD3cDX9JTP0ukiEzNWf,3,3
5mkjplHZNNa8ebq0ZEucBh,2,2
5momcZeBnYAHWzxTxVO0pq,4,4
5mpUKTdskZea0gStWzeHUZ,2,2
5mplGTxbzVHglczrA1l9qG,2,1
5mq2tutI68FRDD8CiYOsYS,4,4
5mqChkogh42ie0pKbPb2Ql,5,5
5mqjkbTgyEzxTQOArWTOs6,2,2
5mqzhMuUpvnMfwNz6iepmO,3,3
5mr30OeHHAQyWq8O0E5paI,2,2
5mrfBg8A92Ypp7yZcZLzZ5,4,4
5mv3fJMtGxKUoDVv6R3gVi,2,2
5mvAPEp2FA2myWJAE1FYt3,2,2
5mwJeX3MET7i33fC0rXsHy,2,2
5mzEUs7MNr7aC4Q9gmiaSQ,2,2
5n0CTysih20NYdT2S0Wpe8,3,3
5n1KwNkJXixrG3HK0tq5Cy,2,1
5n2S5HSEs2iLV5ro1tc7bL,2,2
5n3vjDXcIR4gS9hkNFdGvI,2,2
5n40SAKMk89wdWyhTfWzx4,2,2
5n5VSFQ1npojFIMUihcj33,2,2
5n5d39gcjEstUpM6kadJYF,2,2
5n61zg8XyBFQOYnWscosYZ,2,2
5n66lPIb8QuuIwRJlVjGgV,2,2
5n7Sp2uHvRWbKYU1KIqaNA,3,3
5nBqvq3hUl8n6HtKtwNphW,2,2
5nCthAh3jt4xKuLJAifAaR,2,2
5nEd78QQGTPg9DHeoUwt6x,2,2
5nKZlWtiV5Lx11NL4gGjRi,2,2
5nKncxmtPde9s0y6ufIvZL,2,2
5nNJEUFkgZB0olDGybR59S,2,2
5nP6bZZpeT9hbtvePmy9ko,2,2
5nPOpB9GqZO70ZKiPLfJ26,2,2
5nQqnfHX5cr2FsGszRtTpr,4,4
5nQvUs9YQeg3vshSzydlRw,2,2
5nSdJRpyM8OkYOVGa5rlsw,2,2
5nTbPFqLKmQdIg1SD8KgG4,4,4
5nUVK7uNLlaj5AroBKBrXg,3,3
5nXr1lGKGDKcnBkjosJzpo,3,3
5naar7XewEOAjOywIp6Jjq,2,2
5nbzkaoGC4Ga3mxgezGo51,2,2
5nekfiTN45vlxG0eNJQQye,2,2
5ng6eQwdiQb8fX1jtq0Fzt,2,2
5ng8nlMTWoDyLL5LhiXDxp,4,4
5ngF1bL8ot9MMqmiOtoLgS,2,2
5nkkVqGi9YgFOwdbn4BYFM,2,2
5nlKcuzD8Pd79njhGXt1vT,2,2
5nlTbPMCpCCEr7zXaRbvlq,2,2
5nlwgUs9iUPoRr8kPEHONO,3,3
5noCgCx4mDlq6fIa4z7YST,2,2
5noSkaAhiPUZZpKqgFWiLi,3,3
5nrdOK0i7daIsDAt4zRbHM,2,2
5nsFJfYtAFZmL9PbtYKYcA,2,2
5nujrmhLynf4yMoMtj8AQF,2,2
5nunoXw8Lr71pGSoTZDp47,2,2
5nuyCix3R7RUitKPxkqIac,2,2
5nxE00HIKaYhGykHypliPR,2,2
5nxcR7W60CU3cvmGX1jBzQ,2,2
5nxmwuDelvrQPTofGhF6nk,2,1
5nxoZa9rMVL5HO1G5lN3FJ,2,1
5o4cciCu6ncIIs92h9Fp5M,2,2
5oAPoGFM22cx3jxU34kIbo,2,2
5oAvb7LpUBwQfBtQ6hmS4Q,2,2
5oDDFjWMz0KiMmRzWSFfQ6,2,2
5oDVOrP8U5lxQIuV4814qA,2,2
5oDkgd1jpgrT0wcHwtsSQq,2,2
5oFLARfYC6YY4lXNRqssl7,2,2
5oGgwz30cuWaSxc0l9emMa,2,2
5oJgIQPvytf2nR7WX3vZLn,4,4
5oL7vOxCz2eJKAX6G4Yluh,2,2
5oLrJ9cTOkFWy9KMBUVfUW,3,3
5oMLOe7ams9wPzBiQLt6Na,2,2
5oQcOu1omDykbIPSdSQQNJ,2,2
5oRF3J9rBRWCNMTi0odITe,2,2
5oWzL5dpPsJxjK5KWIJLlb,2,2
5oYRr51VatOtkFeEOursuZ,2,2
5oZ0VS1ppSqmHywxgfjo4j,2,2
5oaAx3LoQLdQvwUvneLJ5L,2,2
5oayPLOM38NrQr8FzKa3os,2,2
5obwLR73JZh0JFHRbhgg9s,3,3
5oc28pk0mVfFZVSZb1f7iN,2,2
5odOSnLe89YWZ198e9SJ8O,4,4
5odlY52u43F5BjByhxg7wg,2,2
5oeFEW0WGSGEdXMDKNI4z4,2,2
5of3PSyg5wOnMjEXxISjqK,2,2
5ofoB8PFmocBXFBEWVb6Vz,2,2
5ohfpKB5tt275f4Y4lQ9F7,3,3
5oiNJJdKqJ5Vfwion1dR1n,2,2
5oibpY8nzNR2uCPKMzLeK0,2,1
5ok9IPHLTPbhMjouDHYMrk,2,2
5olaF84x7e8jKLmLsm4aA4,2,2
5omEZ9V6ytpM0WNBcIOavc,5,5
5oml4xfczWBiTpaDff4MjG,2,2
5on36dq2B35S2RRGvNQCRo,2,2
5op4dOCfAiYDMgmOATf2Lo,4,4
5or3DfWwQPvoFSEKhifZaq,2,2
5orygsZ5Ga0jEOvftsXqw2,2,2
5oybimaSGL9SQIoOnr7BJd,3,3
5p144lbzJw9kMCMOG61SF3,2,2
5p7ujcrUXASCNwRaWNHR1C,5,5
5p9IGH0xpbhJI9d8YWJe47,4,4
5p9XWUdvbUzmPCukOmwoU3,3,3
5pADCvrgwvQn82LhUmEXa2,2,2
5pAo2q7eVt65OSkwYgqhHl,2,2
5pBaIDEQbrXKpplRE9sU5B,2,1
5pBiHklTQ5ATW1RXeL1Iwk,3,3
5pD0jmWSuoCc7hwJLN3VJF,2,2
5pDwjmDQQS8xv3FcYMjOSI,2,2
5pEp6XC5eTYltaCChB85BH,2,2
5pFKe37vrYun2WzsRD5PeO,2,2
5pILd3WHCjJa8trmnjfRBO,2,2
5pIXg8cywRwdTyFeVsWtht,5,5
5pK2Elt8xOENwe8xAGfASw,4,4
5pKCDm2fw4k6D6C5Rk646C,4,4
5pKdvuth8EyC6pLxMu3aSr,2,2
5pPzzsa9g8Y4GU1qOlkSvm,2,2
5pRElcsPZrgZXkoON2o5Go,2,2
5pSxOv6lbvdz2fddSUPdSA,2,2
5pUrlEGxrzuC2PzjcqBFRA,2,2
5pV61B6b5kcy1ysaPL8iON,2,2
5pYVlQB1b9u9JEjaLmIDNB,2,2
5pZEThCuY84PiajfmeOJ3i,2,2
5pZVsZ8TOGly1KnYFmZ61B,2,2
5pcfYLrIw2w5TmmDBkKDkB,2,2
5pcmtf1lwrMqmAWWm248fY,2,2
5pdr2j2EGUed6kAh3ZmJdC,2,2
5pduJpTDrTl81KH8msHDIq,5,5
5phqPWGuBctKI3eNxsJvaN,2,2
5pj7mwGSWXhS93DuYUlxUn,2,2
5pl3wsilqIY02ZmrjMNkYy,2,2
5po9pozWBdYmpkGAEoo6dj,2,2
5poevcmYCOZ8uZQnUuOPxC,3,3
5pov3V37DnTkVV93lWgHqo,2,2
5pqLVH7nAvrTO9W4VIWI18,2,2
5pr0RW6itk3yEfJHkg4DIF,2,2
5psDzu1jxWGPuBfI1IldbF,2,2
5psIcronqyDyYWBVFNSyVh,3,3
5psbwXbjlWCqmLVzIqif7Q,2,2
5ptQepn6HP5jMllqHCmr4F,3,3
5pvHO1kSuob4imoiqa3fey,5,5
5pvy8p5jyXqr6bjzQRDPjm,4,4
5pz5S3ZqMPnd8or4IGUVho,2,2
5q2JbCNi4FcnglgPfxcV65,2,2
5q35GiekvBr6oAsCsW8YlR,4,4
5q4gc4nzxSgtwIBnIuCT6M,2,2
5q9f9s7oJXJsa1vF1wAkK2,2,2
5qAdzXNfYbtdJc3cLfoDsI,2,2
5qClija8yUQ1XteweCeqRm,2,2
5qCpcgqwL1Hum85sAQz3W7,2,2
5qDi4Kv0CZinm0K2KvaXXU,2,2
5qEZvemAAeZ8E9KmyyGaLe,3,3
5qEn8c0MBzyRKgQq91Vevi,5,5
5qFhSnV9eDeYNOlCNPASK7,2,2
5qFxuUIAwJlzO60vqOiL7y,2,2
5qHW3YD2L8vvtWtD7j5pmk,4,4
5qI9gSVZRtAcbkw1Xzx0B9,2,2
5qNlMrawQu9DeWErxDeKZA,4,4
5qOolZ12Z4kucBfKlUJeYp,3,3
5qQYeV15IMHX0dqcgLa1zB,2,2
5qSIn5VR4Yp1xcb7krEJQy,2,2
5qYroveHW4ju33vECggh0o,2,2
5qZxa73r5VUTjMW0Eoz96f,4,4
5qiSzhwTxVWtvgqwANXXoP,2,2
5qjZgLx35G3YbZkI8cKlkn,4,4
5qkWX9sQjSQqcMnVjBG24M,2,2
5qkkSsCPrgIw71pjscyXrw,2,2
5qkqTlLXO0kJ0H22Smnl3G,2,2
5qlsGohL4JSjYFYnCsljHM,3,3
5qm0KiVKMXW1kq6VrnIhz5,2,2
5qmdJ43JhLyQU06f673RJ1,2,2
5qn8lrBA1qlgfzPEVDiDRg,2,2
5quvv1x6E6EkLLyMc2iMbg,2,2
5qyEyqpT0TBVun8W07MEmR,4,4
5qyq1H5OPMlfuvZQ1wQNo7,4,4
5r0x87jwTbkVjA3FQNOykz,3,3
5r2z0FHOoFI06GZEVGDjzM,2,2
5r43qanLhUCdBj8HN3fa6B,2,2
5r5Lj2MkgwQJz6TaBdL865,2,2
5r5cp9IpziiIsR6b93vcnQ,2,2
5r9VYut4Olz5p0QAjWTwt5,2,2
5rAM2UW8MeVtBxKoNTRXUE,2,2
5rAxhWcgFng3s570sGO2F8,3,3
5rETbVSxYPrYF6uzSCkXrg,2,2
5rGpLp3JxWYJAuRsuDJVv1,2,2
5rGvxTkDXn5lIuV7Qh2war,2,2
5rOzcHIZaF038jMeHkUZR0,2,1
5rPUGvnDW35yYRk9KqmkuY,2,2
5rQ8KYGO7MetiCgqnn4hby,4,4
5rRi4RW8F99U24EAS2Cdte,2,2
5raWEZXYAapq6Qw1GIEIkU,2,2
5rf92DCtbJvUj39BifS6lT,2,2
5rh2zHFAI1ebnAmO3FfbaB,2,2
5rsIUZDVbqneGM0GWs7Obd,4,4
5rsiXpifJ6NLCpdhTgOWU6,3,3
5ruzrDWcT0vuJIOMW7gMnW,4,4
5rwQGBi5mdmU7dqNM7x9Oo,4,4
5rxdmYi9c3x86gm1OiRwjP,2,2
5s0AxcVJJD2YYPstMb61ro,3,3
5s0e986tlNvseDl2YydUc6,2,2
5s0kp1Q25UTUNlGP6O1Yyo,2,2
5s5TLBSbM6AEeOIF2GqQcO,2,2
5s6WIBsDKXqs95HMpjVmpq,2,2
5s76Adm7BH1gbWsVhDKrnf,4,4
5sBZXoRrk1P2AQb38NH4Et,2,2
5sF78pP6esVqbBuPErwTbs,3,3
5sFDReWLrZHLFZFjHsjUTS,3,3
5sICkBXVmaCQk5aISGR3x1,3,3
5sLrsH9u2lsp3PPZPV3Szy,3,3
5sOHEiisdvTE72NZ2wFJvG,2,2
5sP7Jb0FBF2fatb1CZ3zpa,3,1
5sPQZv8GaaGrRFLa5dDzRK,3,3
5sRPpR77ceAwkp5KbIjmvo,2,2
5sU5tHfxGMCMMI3WmgUQ0L,2,2
5sZ7F3XUiW3LismMsvoEG1,2,2
5saBHi3sDRRcrtLUC4zwuZ,2,1
5se0sLcaUymYKRUm0lCBgt,3,2
5sev6W7EhkB6mQVzy1OmqK,2,2
5siP3no83iDXF2uskNj14a,2,2
5siu3VgukcO864Zsgmqvde,2,2
5smthiQvz7Nn5IKIy6d38W,2,2
5so1wKv1JCcpllBGxrOjjL,3,3
5so3Q5ihUoWp79tmIm8z7l,3,3
5sqkarfxe7UejHTlCtHCLS,7,7
5srKMwXoeyrRnyTnNbpgIW,2,2
5suBTMaVFuSmXUdhoXSCnL,2,2
5suxJuidFcfQjpTJHak11G,2,2
5swvY8PV11FXc4khaWpW8j,2,2
5sxhnFWkN6W2zfIOGD2k5t,2,2
5sykvfEJHupA8mjhhgylVk,3,3
5szAsnAZS0BoJ4TPF3MmKP,2,2
5t22v52YE4S82SVLYUhYSw,4,4
5t3LIycK7lAXshCf5eSjig,2,2
5t55kJTvxMSGfCR3rd3Q3B,2,2
5t5NtSHXgRdREs8wPM5LSz,3,3
5t9YU2mww4eiFCeTBy3EFU,5,5
5tAa8Uaqr4VvA3693mbIhU,4,4
5tD1hLCu8eQek2KSq1yI8a,3,3
5tE6O5aR5b7krAkQnPrkYC,2,2
5tEcfo106PMFTrnGMZ5rRG,2,2
5tFrkZF1LBDo6uG3Z8UIlI,2,2
5tHp131qFB3T7e01x1xsO2,3,3
5tIxnCzabHrRTQeUfMOqRe,2,2
5tJABPAg1BCw6np2l95fed,2,2
5tJqtSvAfTJkMrV4Wst4Le,6,6
5tK6iUppj2bO72397fd7NR,2,2
5tM6eTpydHiDAeyUOcDNHm,2,2
5tPC9sy0oSG2snV5L3PYB1,3,3
5tR13oIwi5J3elcTZPTTIU,2,2
5tVA6TkbaAH9QMITTQRrNv,3,3
5tXOuIoDO0ZtGLijEOD6HZ,3,3
5taYc1q2cpXe2xUuZAVAr7,2,2
5tcZPB2Cyj3FdB5nQW2Gog,2,2
5teOR8KU4XNWY2WlVUDiIR,3,3
5tf1VVWniHgryyumXyJM7w,4,4
5tfXiTRzbakgMHOiLNTFbX,2,2
5tfqO6elC42ZwXfIN1aSDk,4,4
5tfuXF09XVnvro9l5l9Mle,2,2
5tg6rotffM3eSZDRXrRJ6S,2,2
5tgQAAHw30mSCYMRW2DGwB,2,2
5tkZJZiaeQExZNjCli2CD0,2,2
5tlApYAutps4wWZLzNbaZK,4,4
5tlMPoBvqEWIV8XOyM6Zcd,2,2
5tmxPmmXvgJPU7bIukFX8p,2,2
5toSzfFqh7gfTLGWW3Z8Zv,3,3
5trRvKzwCDZ5yNsHzI40YI,2,2
5tuDHaJLO812gIgdf0Llp7,2,2
5tyReDTH3MpN7J5pk2LuGx,4,4
5tzcReCKuj6qYbQQVS0ehG,2,2
5u0SXop8q1ahuv5hKQ87Ks,2,2
5u1cWcqIX6sbKiVJn8PR86,2,2
5u3QcENd230SCBXgovfOmm,2,2
5u3l2TONYacJgmRPQVaF9y,2,2
5u4VcoXxBsONkn9iXZVso8,2,2
5u4jJAAD6jd0Z741eT7XGP,4,4
5u6VbAXEvkh8vvDcMXcZ3z,2,2
5u6hY0h8gUWfPQSdNuKgQb,2,2
5u9yE5EPjKsuYItPZ1E0nH,3,3
5uBxWyHmRbUCzJ87E34MP8,2,2
5uCb2bQ9HcCY3c7kLq4Iur,3,3
5uEYRdEIh9Bo4fpjDd4Na9,2,2
5uFYYOyT3EclOVhiFzPJSz,2,2
5uGCoNepb3NfYHzdVDXQtC,2,2
5uHy68Q7ZWe8Qq9k7EAprS,2,2
5uIPgZYAPggdErCVj6lY56,2,2
5uM1JSanEe5PcQylkKXn6k,2,2
5uNEaSgkkPw6vLCUh3KsdQ,2,2
5uNnGViAuZIkoUhVwmFWlr,3,2
5uNqdE8cONo36NgRXIw5hK,2,2
5uOXTXLkre2vdiCCpb5ddx,2,2
5uQhu1FZsno6WKEW55Q6qW,2,2
5uRJ0oirdTBD7jjG7VhEhh,2,1
5uVUmnrajAJCvsTDDwaufP,2,2
5uYHDSKVHfHxBLgYf4H6SH,2,2
5uaIbU3oHHcSOK6WFNK5nj,2,2
5ubgAizDbpIWezMZ2W9Nwt,2,2
5uc8qnreoDC8ZxVZ8EjZRc,3,3
5udGjYNG57hYIUD61rfcGL,2,2
5ueyLj6e6oVaTY0KQ6yLaA,2,2
5ufI5Y3qHuOkt9xXQrXktF,2,2
5ugEAELzfwf3k07D3e1WNN,2,1
5ugV3rhvi2h6l52e1cIfLw,5,5
5uh9wvwU20dUHQXo6eAVhG,3,3
5uiBmCd6b6PhQPUl4KEOwZ,2,2
5uimAVNyZMQ3s2kU81KEfn,2,2
5ujaK9hLZsIwMRBYbG2y7V,2,2
5ukH66ZJQJ13FyZpqQrVA0,2,2
5ulyMRVraAUV3OC7cbkRpF,2,2
5umz6SUxoP2wswxA8BUi7W,2,2
5upbYedO0GhVf7wOMcj2Lk,3,3
5uq57c53VeLYlZd2byrIwT,2,2
5uqr3lCMWkyQx6yTvoMl4F,2,2
5ur1ROwagj4u672Hq3QAol,2,2
5urYiIXu1ZhfMAOsp7WDTc,2,2
5usNPz6U1acDrkUYekGYDY,2,2
5utTJECKCCDgxhvNq2JXyQ,2,2
5uuFQR6tOujYUK5LteeV0Q,2,1
5uuXtfqM7Wp3idCxyHeOll,2,2
5uunXHE4kIW6uS4HWAXaOQ,4,4
5uwyngLJd6sTOYRic4tH8x,3,3
5uyHnjSjznvJPQNEgkB9lx,3,3
5v0kY5pPWOL5mUCmq4jHUB,2,2
5v3TSHYm8BzbON2u6QBEG7,2,2
5v5AEsqd3fGCl7V8POx1BQ,2,2
5v6XEJnRkaDZTnA0jkg15u,2,2
5v8aEcHcaJIGYpfVVPtJjI,2,2
5vBMUlQOjiL6d4j5WndjSd,2,2
5vF5JqvpoeRmh1Yj188ZNA,3,3
5vFFMf3on3rtVu46VDQJ1T,2,2
5vFNjfuWtxZ4H5qO0azSUL,3,3
5vHLwhxxlGzmClMcxRRFPr,3,3
5vJfgrUz8nwQ1Hbhmkr1zG,2,2
5vOVMNYDam6F6jtemqnNX2,5,5
5vTSnZTmS1gMiWuA9kDE19,2,2
5vVgfzrfRvAGs2Jknak3KA,3,3
5vW5AHNZDIJ6fmj0cBS0WV,2,2
5vc9YsAEBWbRVvgKUcA5vs,2,2
5vd1QZ0tdXOExiegC55IAS,2,2
5vfmOrlgCEioLXdDSN1muC,2,2
5viwzFJxwRE1OEUR7G6hiD,2,2
5vja6kqkYPmciEWjnI8AIu,2,2
5vmRAlW1hZRxg5A96v0aW9,2,2
5vp6CNekMfEWWi8FtqUlKx,5,5
5vqPDs7Edwgkdl3hL56w6h,2,2
5vui0rUNNhaYWzGKsYYq8H,2,2
5vyRNIsjHH6pZu1dKBddOO,5,5
5w0fXkSXtTY4kDKzandhkJ,2,2
5w3XfCH3rL6oLv4Ahfp323,4,4
5w65rfJaQDOQ0iAhOuQqiv,2,2
5w9c2J52mkdntKOmRLeM2m,4,4
5wEq97Dc7x5k2tJz3DlJFO,2,2
5wHu5Ht9C8tJ9L6HIxpb9c,4,4
5wIEoWpswKLoEMuX1XYkrN,3,3
5wLhrfcQ4f0ajIgViGVPBY,2,2
5wNpnKRUxbPoIpDXFZ5NkU,2,2
5wOLmQDML8Po0Qoc7N1uLk,2,1
5wOcahI4cXEAgMsNtT5A2G,2,2
5wPayKgEqHa0ewZhUS8BSY,5,5
5wQnmLuC1W7ATsArWACrgW,2,2
5wRosZhB66DzD6WSnt0XyX,2,2
5wSagCWflNwJ1xM59ZKw6O,3,3
5wSejaPMovm0GugSv9uHpX,2,2
5waHhqlk8iTweFuHeZz9CZ,4,4
5wb5EoYiy9Dyec6tdrx8B3,2,2
5wcXQ4f9BTB1dPXmsqp4kI,3,3
5weBaK9j2ugb2vUnf00osY,2,2
5wiSbeDm2p5yniuus7eH4J,2,2
5wmUZFDrHXM5zY1Eyg4Vxq,3,3
5wox6DMRibm9xFZklhWmSZ,2,2
5wpnARjEJkt8A5owpQORje,2,2
5wqIigDb6Afe0mX4acLyKo,2,2
5wrK2HD3bBdTdkCj4lgnRb,2,2
5wsijRILO8cyYVpM0G0EIw,2,2
5wvmIBkBcqg1y5kniumrQk,3,3
5ww2BF9slyYgNOk37BlC4u,4,4
5wwQmWZtmEoV8XSm05zQvA,6,6
5wzS6YhFe4VMDU3dgE15sA,5,5
5x2STIzWAYohcaKuxohIGa,3,3
5x2rkqWGCMB9R6vJE8iW4P,2,2
5x4vgABKiGp4Vg7ZyFRxhn,3,3
5x4wjHroFa5k0gUCzpYZAn,2,2
5x7FKrpE3JBVbOSQ9O7cSn,2,2
5x7Oxaa9EEIx9nw17CC5yW,2,2
5x9BWvLcvawwnoyFEIanI4,2,2
5x9RZg7HfXGY3JayXL3seF,2,2
5xARo31Sdr6Kmk2g9j4t3x,2,2
5xAscxv7cGvxqBmISfX76t,2,2
5xB7NlnDumLJyapQw32NQa,2,2
5xD5mG8uIsyxA73S0nP0Rh,2,2
5xKGdGXYh3LRYTzwVZSb0u,2,2
5xLS6LJOlPm7m0AMTctkYD,3,3
5xPqG3KrBkIGarQQCDKfxC,2,2
5xQr5TxQ77siaKfuyiJbT0,3,3
5xR3gAJSKFGChrR90H7ctq,3,3
5xRP5iyVdGglqlY4Vcjhkx,2,2
5xUhs6dlfkcxZM8zq7riYF,5,5
5xWxnLpw8ooMW1nJwY2hui,2,2
5xXE79RqYY7GUyo3pdGPJL,2,2
5xXgHt6CAVvsgFFzFfpoxg,2,2
5xYpEeGFXmkGMBQ22NfKfO,3,3
5xcunlfaZvD9BDQsLONI7A,2,2
5xdYNr5NPkTo5xg0FK412N,2,2
5xe8JKOPu53Q2Fa2FRuCfZ,3,3
5xejoazUbBGIzgzwkxZIe8,2,2
5xhs3I7Rnbli2emfWl2O5L,2,2
5xiX77tfCu9rQ2fXb9pxGU,2,2
5xl0p7WkEry8QAOxTs28kY,2,2
5xo1Gj4WTssjQgQ0w03cf2,2,2
5xo8RrjJ9CVNrtRg2S3B1R,2,2
5xwwmM6GAnIBjwZ1okqzFv,2,2
5xyU4KjS4VjaDzJTOR0PVZ,2,2
5y0nMZC5kF6uLYaLc97mSo,5,4
5y2cZBC8Mq4TQp2I6Vo0ne,2,2
5y8d8RHvxb0KiTa9Nq0xWp,2,2
5y8liVmpsvn6Kg4JFijj4Z,2,2
5yBjXOYXwaSmLeeeUtNxZy,2,2
5yDcLPIh0e0bwV09d6jWE1,2,2
5yEIpnRU3WQmAWoOMP8ge9,2,2
5yFSF6qQA1rcLsQRnBsZgb,2,2
5yHe5ugepahPTYnEdvu1gZ,2,2
5yHvGn616eJSHay3d2SuyR,2,2
5yNfMRJ8byUpEscMcy1ZXb,2,2
5yNn7FM82L2iaTQY0qkCF0,3,3
5yOKRMs3V8PO5FgLx6WnlU,2,2
5yQ9iMZXGcr5rlO4hoLsP4,2,2
5yRRjhqqBQZaDwuhXAXNAl,2,2
5ySvAKzhoGkXm4WioV6MDS,2,2
5yY7mLBGMrTvG1VldsiWEP,2,2
5ybfqo1EiDwIhOvzBfJwx4,2,1
5ydZfP4XcLgy4Wkk0xKXwK,3,3
5yewgWNNcQHeubEQ5GKhii,2,2
5ygEUpyZy5qtZ1423zymBW,3,3
5yizzF8tORzeLVEzk237J6,2,2
5yj7D4UllTkAccTmROibCQ,2,2
5ykUVPKww8cBxLC3ZbHABU,2,2
5ykzRXXvDUlhnjqEIEhrqW,4,4
5ylQ8MS3Wj16QmnYP5PNxc,2,2
5ylZg67RolznfPfjT2uE1W,2,2
5ym9WmvnmlIJQyajxwrxLY,2,2
5yrXdf4eaaOWi9fzG3Jlb4,2,2
5yug4vHY6oGqkFI80Ya5F0,2,2
5yvTF0bpT4JazX5GhF1uwl,3,3
5yvXCtOc2m4bSxG24lumPb,2,2
5ywMdbYK6YThy10BMT7tBw,5,5
5yy1Ba0P040YFPYWuXIceK,3,3
5yyRH93h4Pm6tXXYTxt7ea,2,2
5yypk7EZvpqDCYSAVIHFJ3,2,2
5z3Z5fSaeZt8EPVMhhT6CF,2,2
5z67UwAsoj82teXC8Im1RI,3,3
5z6xHjCZr7a7AIcy8sPBKy,2,2
5z7GGdAezDWdJxBlAM4Hkf,6,6
5z7ib0Ck1LQjDaXB1v0L31,2,2
5z8uLrYMcUVvzTV28twt44,2,2
5z9pctgt4r9s4Ih99wmbzc,2,2
5zA8vzDGqPl2AzZkEYQGKh,4,4
5zD3d3m97Ferk4pgkUPEmb,2,2
5zDVyVBJoE0NVUmYcyvTny,2,2
5zEsgJyUE3Fg84mtxwf1et,2,2
5zGOmNgWKgfzn9YcGsNQFx,2,2
5zGtItgkDE0pUB1WbSe3Po,4,4
5zIBjoj9mkL2Tz7zyIvPib,2,2
5zIbFWvDGS9hI83uvfmBdf,2,2
5zIirF26uo4nQihFHhSkDf,3,3
5zJkRl2lsuP1bD1djEodCZ,2,2
5zJoKPj2KqgO7pyJPqhoYa,2,2
5zLtABAGH8rxBXOyEgqCgl,5,5
5zM3ge7sOQE4vyjEjBzVL9,2,2
5zOBEirORgMpNAnU5K97iz,3,3
5zPQSp8zXRk9rwEVDhoCli,2,2
5zQQcVFs0Jyr4AjGokqyB7,5,5
5zQrU0nJoVT6rzKsxlvE80,2,2
5zT5cMnMKoyruPj13TQXGx,2,2
5zTirec9tIsSVNgBSUmFxU,2,2
5zUPoHkgqAr1XwTMNzNtGs,2,2
5zWZ9iNevP0397xB3jWV2z,2,2
5zXyoTtfe1YRXWeilcPcaJ,2,2
5zb7npjQqoJ7Kcpq4yD9qn,2,2
5zc2yka1Itw55sYxeGH4Sp,2,2
5zfqAcASLuuMcHCyFiGiTP,4,4
5zhGrRhCaPF4LiSq5uv7nd,3,3
5zjFsuLrTM5sp6coribhCa,2,2
5zl3YXkWTij4lo3kw1BAlE,2,2
5zn67gFg0hUJXlz6ktu1Yc,2,2
5zqJlEJcn0EfnvAScH8swK,2,2
5zrxKUk0KCbic2yoilTPs8,2,2
5zstGbYLZtqURQGakwa3gZ,2,2
5zviMoAeuerK1Rd58qXASv,3,3
5zxJ3BZyd6BK2gX4b2RnB4,2,2
5zxh4quzNKt2DCPLejjhmU,2,2
5zz9ypkkewsz1sfqntWOn1,2,2
602ue13V6CyZzoVvOgLiRA,2,2
602wo0wA2pEjcZYX7X2uNh,2,2
6087zQEvQopjLV4Nzau43H,3,3
608xszaAxVh4m7NcKJiAbF,2,2
60F6pgM6H6miNr5AmjxwjL,2,2
60FqdDT6RNvvXoG4673jtH,2,2
60GPk3Q9dYRAvj3z4w3uvt,2,1
60JUAZcxvMmtkaRsjz73X8,2,2
60K1hJKpHcsqzXhVxRAscj,2,2
60NNjFuigXAbCPftSfM1NW,3,3
60NXuYborLfMiTPJMcxkM5,2,2
60OOnXwxebQ4nysceVgQZX,2,2
60Paotn7Sl6Zed8VWpKwg6,2,2
60QunvDUtHqusD5sb5VCoQ,3,3
60SVKic93qC7WC7cdm3y4U,2,2
60T1wa5jdP7KXOp8nBAqsS,3,3
60TMoObiy8OlHwPyoU26W7,3,3
60TYdVs6TWIsAJ1MPRdv59,2,2
60YICjIPdL7LDBcCMK0tAk,2,2
60a0Rd6pjrkxjPbaKzXjfq,3,3
60a5kYlSisLg8291QSfsh4,3,3
60aUfRZyvfi37ibBdiTJ9f,2,2
60cAn5puZpX0W5DS0POfPF,2,2
60cDK8K6EAvk7SI7xOGVun,2,2
60cgjLoKezdGBRJN7gRMzw,2,2
60fUDmIWuKhngaeBIVhqIV,4,4
60glrFrvqFW5RmNNecsnaa,2,2
60hhg1AJ4lvCn9ORBHVGE8,2,2
60iYkEAcSpAFcsjRrgTlrc,2,2
60ifqqPhbselSwXyGrGyMK,3,3
60pG5nK6pzy9yMVIbJ7SRV,2,2
60tUVMP03Vdo8ObbDFmuEu,2,2
60tXDXk5K67J18XNgZ7JZt,2,2
60tozXf2pmq28TPNE1KB38,2,2
60wwxj6Dd9NJlirf84wr2c,5,5
61202Zzk9rk4bPMZLh2gr6,7,7
6170lJSBtiM5trzOtHtdD2,2,2
61Ad95lVR8KdblY5He6SY8,2,2
61Afq5IXaqMSuFhvVinYbM,3,3
61GkJ0y15jxDyBrdcb6PqR,2,2
61IEe4ujPKOU7OIyubydfz,2,2
61M0BDzSkEdj82xDM8hl6B,2,2
61T3ukOW74kzMkVy5pOLDR,3,3
61UQzeiIluhpzpMdY4ag3q,2,2
61WUErnrzgOMPuTgXqtNA9,4,4
61aw1V0KLPD4XIjqNsGqo9,2,2
61c2cPZd0ZZr7W2X5d0bUR,4,4
61cxfQqN4UOhCpNsj3mBl5,2,2
61dCUoMCg28qEBzrW6htYM,2,2
61f7OTlfrjrZqZc8YZtNGd,4,3
61fTqDgu4pzJc3xVJ174qn,2,2
61gLyY13fBlwh9Kp2gvmlL,2,2
61hyN4WD3KyJ8adCThANGr,2,2
61kSPL7U1AmuP4By1WXo9x,5,5
61mWefnWQOLf90gepjOCb3,2,2
61nq0jg2PYWxUUiarofGBI,2,2
61sor95BL63MCvZYgKK8KM,2,2
61tnfFfea71XruDZadOUmu,2,2
620KT2uyy5Pd9vjaPGdPzH,2,2
623TdbJc1yLr8dIepsFV2v,6,5
62AuGbAkt8Ox2IrFFb8GKV,3,3
62Bs0hFXd0gkMxXWpIiMCy,2,2
62Da3JOu9H9EIgmqV7DoLG,2,2
62EwQLDw0dprDzuLwQ0sH1,3,3
62GHlwr1hoj9l1UAMb4zbV,3,3
62MosvjGMQY3HeGPFEsmM1,2,2
62ODcIMTYy3Ccn7W02gf4w,2,2
62OQBLpD3TmkqbtTPqqdRt,3,3
62PQEEbjT0MfZAHv5rLeKk,2,2
62U267s93BGXW3NksPKVs3,3,3
62UAFVREdTssSevwa5jqhF,2,2
62UEqfAXpFJOLC66EqM7ji,3,3
62ZseGNqgN8Zg4UxnLM0iC,2,2
62aZgpepQgr9C5n2EY0qgG,4,4
62agzDjK1fD7WqKpjaLWKD,2,2
62eMpHTC584YQztqxELhmK,2,2
62jPKubUI5frVSgXP1onTM,2,2
62ke5zFUJN6RvtXZgVH0F8,3,3
62lmjlPu5Vwd3h18FMSz1G,2,2
62mo6hlcn33B701x3TVdrH,5,5
62o8KoI44JfN7aYxgTnPvh,2,2
62p6cgUc0cdguS1DttbfKU,2,2
62pennq1pcVBFVW1b1CrFu,5,5
62ppSZlSrkdflEZWXM34gG,6,5
62qUTJAM7dZgOebu2qB7QB,2,2
62svtfRdzCBy5qHInT7lYv,2,1
62uOx3XvUAaaId0LLtglnr,2,2
62vDrkBEyJYEOFj1ScBqM7,2,2
62wO93NNbJ7VAR3G1Gcfue,3,3
62xTWuLB2JucUM9lCmr7kj,4,4
62yaHPUl2vELHwaHb6R5oW,3,3
630Goq0L0GwmxybnF3sdfT,2,2
630Ug0XtmhhFvAKo0PNuEI,2,2
633yLLOTvQTEdvDD4XVnsw,2,2
6350t5ExUoKr7hxFQygFtG,2,2
6368Wi9GXSgzSrk7XNZstL,2,2
6392PdXvZN8BOjcRxvkKO6,2,1
63ATNJvZGtLlpg3Jo2Wzii,2,2
63Awy6tiUUsbuLRnpPlS5I,2,2
63DnTCTGk9yr6h8cobsneY,2,2
63Ewmqu1gZ7ZaQ5Q4mnuXz,2,2
63F46HyE75ftE4OhmH3Fzt,2,2
63FDsukmewLm1mFS3haA9H,2,2
63FZq6Nbam9PT3YoRphYTb,2,2
63Hb7XoQ8JzBiTr1nxp9pH,2,2
63IZIrLwNjZOJ4nZlNXuAH,2,2
63J97fSuqUiTB7rm58OfxV,4,4
63MV3du87rHqgjQ7uCLNUg,2,2
63MtBl0gY9EHcCQbcvLxFg,2,2
63OFKbMaZSDZ4wtesuuq6f,6,6
63OQupATfueTdZMWTxW03A,2,2
63QharyMHvx3yteCyRnkii,3,3
63RdTGRAFAtCDJkR4oFcdU,2,2
63Slke1vlnpTejDeluhyQ9,4,4
63Tsq3tqiZIOW9XHaDT3gi,3,3
63Ugh7fCzAtsn09ESEKQBh,2,2
63UoADn3f4l6Ie9adk5su9,2,2
63WuQOXohQIxOxIFA2K7bR,2,2
63Y39bpBmgiKXs4hSJ0dD3,3,3
63ZVznFlskQ476pRXraojW,2,2
63aj87TQG6F3RVO5nbG2VQ,4,4
63bWXWGcWnRQvdS8bJWdkB,2,2
63btWYDuDqq9RvF6I9eqSO,2,2
63dJQPB7IWzpLCadgdhvCs,2,2
63efSBKSZJWb6JTDpM6Ype,2,2
63hVrWvNfJz10heZwTjCOy,4,4
63iWrvtycN9ro0gFD47JpU,2,2
63m4kjPpyOlrprRJXSZjPC,3,3
63mBIczqBJOxSs3y5JutUR,2,2
63nlJMaoiGYK6jnPzBr7UV,2,2
63o9JidC0SUwdzdIn8RbRS,2,2
63oQ1hY62T0HjkjhCRQjR6,3,3
63vjnB6EeQuVf64zLxIo90,2,1
63zBKEb0jpYXYrasyfGr4S,2,2
640lN9B5fAsPrqMr9HUJ0m,2,2
642WSldBQqArHKbhjJeKad,2,2
643KA1xhBJCulImSKjxSBN,2,2
643hRiTY9vzD6P0cWO8UP3,2,2
646ekuSJ0o56hmG8gWjSUh,2,2
64B1CCKu87scinusGsUpWC,2,2
64BbK9SFKH2jk86U3dGj2P,4,4
64Ds8EuwkeGSOeXDzXLRZz,2,2
64GiAzZ9JmoBfDxmDTAkBW,2,2
64IW9B6v46KqKD3DadcQ7g,2,2
64IYrVRKqcJPkT978YoPmP,4,4
64NHAxoXRHW7WprPLFM5S2,2,2
64Ny7djQ6rNJspquof2KoX,2,2
64VP3skE86iTvdOlbzuIcO,3,3
64XGKpzNUEBskFPdMAjeEU,2,2
64Xa40JF6SZScjZgCTY3KA,2,2
64YIeuGEqrP3Gop8in7JU0,4,4
64aHsHQnTTFLGCeIsSGJCI,2,2
64bX3WWzjUomaRfPcQvCNn,2,2
64efbrqLb53cBFwoWS9mAE,2,2
64n3vgI6JuqMv7F2H7kYdX,2,2
64oioHzh3KksNj1HBbSniZ,3,3
64p6ua7zpf66s62StC2QLv,2,2
64syMK7oo9VPihJBj1IBGH,2,2
64tUOtVFZN98cx48rQEW5T,4,4
64tk48BHD71SlomdRag8bm,4,4
64yajM6CxtLghmgB53VeXT,3,3
64zeTLKn5flc0t74NeApXQ,4,4
650OeHTLxZAQmb4aEbGmaA,3,3
6519tbNSnzCyN13ZldQVih,2,2
652AiJzLh0eVawEnf4xzLc,3,3
653rxW1E7V52QWh6a7oIdS,2,2
6573np2fgNlf5hatUZTRUr,2,2
657H0IfrHHpDE5q2g8ulcr,3,3
6591V8mJSzKn29si2hx9iC,2,2
659CdcGqJ8VxR2aXeLyV2O,2,2
65Ce0h4SA18GuH6nuI1QWe,2,2
65ES1qwOB577ZnTkizMXJJ,2,2
65HA9FsYyA2xro9RzNlNmy,2,2
65HVEwlclv9a2WjcxDExib,2,2
65P8KmStYrVUPlchXH2CH8,2,2
65QmcUwiTvzgVQuSCO1kLi,3,3
65TNhKWx6vYIQWkvh5EhNH,2,2
65Ue0jbK1lhMuWc9XfVanh,2,2
65V2meSeDYo17yCWYSx8ug,2,2
65VYeetBIq8z0vdDeoTw2l,3,2
65X7xSFpluaYB3OM6tySgi,2,2
65YXrDsZER1jlPAqFS9GDH,2,2
65a1ng2xAbaRbYWsq9H2MH,2,2
65c6VCikt7f5sAS1heoYQC,2,2
65dvxc4Kctq3JIJ2BkKKMj,2,2
65jrjEhWfAvysKfnojk1i0,2,2
65kqmmYhTDNmH6yzJsViTl,2,2
65lzU29K7uXLHxJNI70d4Z,2,2
65mHBUQvgwRbHcPojHjWq4,2,2
65mksf4l4ShgosppsGHoVR,4,4
65tHfVat89WdgeWoHaPUXU,2,2
65tzGxRAwbrZd2yhHcGgLf,2,2
65uiWuO65hWbE8Soar3aay,2,2
65vdMBskhx3akkG9vQlSH1,2,2
66073TiPtbCattnpSkyuKq,2,2
660JNfrBV1K41iYGOh7ClC,2,2
666euhH9Qoz0W7Vewgs6z4,2,2
666yeZ1GZ4tkVK2qhPSzCL,3,3
66Aox16AXYiqZum37rTDRG,2,2
66GcPmCYUlVKc4dA4Uwqa6,4,4
66NRh7qjqbU0GaIuuK8NyP,2,1
66TnIRXFDETjxQnE0l4KKD,2,2
66X1ngv1jd8ll1qj6A6BJq,2,2
66XDf77gBcfQKi4I2vIbTj,3,3
66YEDcrJdUYuvXznH5zrDq,2,2
66Z8IxmtD0ohwTTkT7WpUM,2,2
66a1vwfr6aNLO2FnoEELMx,2,2
66ba6b58Z8wOEVcRcRD82z,2,2
66h3xcrTooMC9AxV8g0Y75,2,2
66hVH7Tdw3RJ6X97QkTLkF,2,1
66hayvUbTotekKU3H4ta1f,4,4
66iX4HzM7YnmxmUZOSCG2F,2,2
66jOXJrDytE0Ye3oUmvj7D,2,2
66jQuzmutqVNb7OUsXTdn9,2,2
66lWvfNt5DaPXPbuZLApUf,2,2
66llZ6MdjJy5q2jWwgJpcW,2,2
66mhaHoJIiVWB3lwA6974s,2,2
66oRVluOuP7vCVdkH78LhB,2,2
66tPJue1SdDqvK9ifs6H3t,3,3
66ukyUZ0ygPwha3SIl7LkH,2,2
66x45Yh9x397PWpxMX0ZDT,2,2
66xgv3qrWTnh4legHQ2el1,2,2
671FtednpnMTgU26wryBl6,2,2
671qV2RS6OMYjQpPcfW5Sq,2,2
675g81tQUHsYVwMoLo7Bq4,2,2
676AUBUufOnu1NxT3ldHba,2,2
679TnTjA1ad756mFFq91ZK,2,2
679WNDJNeWz3tvO4ffrDqA,2,2
67AUQswwoIM2Opd0bhBEcc,2,2
67BLxClTNYBMrzdqKe3Rqr,4,4
67BMusU7lw2tEwR9mPiE5m,3,3
67Hna13dNDkZvBpTXRIaOJ,2,2
67HyrTkDWSI00qAhvyQFEW,4,4
67IvfvAMYQzJEeHopvwMMW,2,2
67LQpgGMjI0jnXo9lRj07C,2,2
67O8CWXxPsfz8orZVGMQwf,3,3
67RXcunSfFbRKLxo3JjlPs,2,2
67RqkhyO4AI7RbgjTPNQF7,2,2
67TQGw4cZzFD33j4KJcOdQ,2,2
67V4jumh3KeYtekP8ggy6i,2,2
67ZZqOrQH4Bshguxw9GPkh,4,4
67avyz2FqPWktHLm8cHFpT,3,3
67awxiNHNyjMXhVgsHuIrs,3,3
67cVH1aHqxmlas4KZJs6cT,2,2
67f867INYgEaahq90kqeKE,2,2
67gz9FMmyPkVWJWEMVOqqU,2,2
67hiQr5yocRHh4fheSEzsC,2,2
67k9neQm9nlnMnejMpRXSN,2,2
67lbzVADsqJJ6tyVk0XCgn,4,4
67mdqeB9ecik5WjVCF1NPZ,2,2
67mmy7Mhim6DmeFHHoqptH,3,3
67pfgJfLwgY17o31SpisHw,3,3
67qgsd4whaPzWZVZwqVHvZ,3,3
67stT9mRSOt6eO1bjB2AlH,2,2
67tATduRRXN0FrbOeyxyuH,3,3
67tcScipVkQSLBb3g3MddI,2,2
67zng168LXkCD1wzAQT5GV,2,2
682S7vnOE3jsTqYipcIl34,4,4
683Zokh8DyHi8UJCI6pz3k,2,2
683p6Ov3orc4ICLOKi1Yn6,3,3
68AJgDAbi9ry1ZVc9eh7ll,2,2
68BTFws92cRztMS1oQ7Ewj,2,2
68BcN05HQw9WR0dYi3cwUO,2,2
68BrsbxdeKZcG9JcxOhlOR,2,2
68FoCsZDzesgt2jlmvpFdM,2,2
68GZkt7raDog1o6f0ytxe0,2,2
68Gszh9enogLwJUbTcjjWe,2,2
68IHC5WBTUoJ80F1gDoinu,2,2
68KJfbYO4h7wCzbq3CJ0T7,4,4
68KmjjKRK6cehdJHvCwlBr,2,2
68McOe4uvV9uJlQVu65duX,2,2
68NW6s726X22J4t8sy7Feo,2,2
68OIrQO6TMi9rrsQYs4Fw8,2,2
68Q6c22JNyLUlZYX4dE2tn,4,4
68RzzvNAouCnFoLQB2G7NV,4,4
68UW3plyDDNg1dkNIZRezJ,2,2
68UiApRTyu4Trb5kwMgCd2,3,3
68W647nvboUH35JjvVUiMh,2,2
68Yb7iE80WFcasSEGAvnBF,2,2
68ae1LwQdpHhYwPrz7rTdl,2,2
68eoWUtSR0Dpoejy4aDqmQ,2,2
68kyeHa4UBlqTkwoy9tBHV,2,2
68mW6JloRbnPziPftal3Nm,2,2
68n2q0d444mHKSbp0CXx7i,3,3
68oGVfAJgdZ36SJU38yZdm,4,4
68oZTWrQDccWDf4y9UpBXk,2,2
68osIGtVjM7QWVe6pazLHj,2,2
68ouOckO7avJkVBYfduQIJ,2,2
68p0qxKUrXRUYdLX6IghFk,2,2
68wA3be5nyIqyHvukORvqK,2,2
68zhLiVF3gEKnmgtfCCsen,2,2
690PE50BbeUc6jApItiYZ6,2,2
693l6uEsdczvJ32j7Ib2ba,2,2
695722v5GPk2Uml2Tgv5ly,2,2
697HW34FLNURvRAbSieICv,2,2
697M5JB8FDIyRXEXgl1pBZ,3,3
698BVnDEuu5eDWjWfVH0qV,6,6
698ItKASDavgwZ3WjaWjtz,2,2
6991iMrfqqHjYSPzsobNeW,2,2
69CbgcOl13AiZs2CbTuBi6,2,2
69DkySvtBDM4Czz2lHx6gw,4,4
69EBg5Kl8SwvDfxFQ1aPNY,2,2
69FipCnQCCKgWk9NQGmsQT,2,2
69GzHJZKbGZnYaEpHYaC4n,2,2
69Jv0CiMlrpfjh9N2WFkr0,3,3
69K4Q0IBI85kwCbJYUQ7Qi,3,3
69Kzq3FMkDwiSFBQzRckFD,2,2
69MpAbCg0X0HVUoGcprfq7,2,2
69OldVD2Uq9nkq95b8IDH6,2,2
69UZ7jq0OEfymnk2mmXScI,4,4
69VxkO81CkF3BA9RG3bO1z,2,2
69WpV0U7OMNFGyq8I63dcC,2,2
69aOeHaVpr4dxUWBW6F4Rb,2,2
69gZrzHziUnf90fzYi2LLM,3,3
69kOkLUCkxIZYexIgSG8rq,2,2
69kZsoRrSf7GBTSdJ4BjqA,2,2
69l7qruLhItl4ZllPP1f0H,2,2
69le48ftkCK4dSXEaFs0Sa,2,2
69rSEDWuvLS6yyNcESulCc,2,2
69rmEhVGrJIf01LQZcVSQO,3,3
69s1IPlLiKxXcJtdZzafct,4,4
69vMDipMastHvYna7plBdS,2,2
69vlMrzHwATKzupwNcUPyK,3,3
69xohKu8C1fsflYAiSNbwM,2,2
69yik0sUL1AT6eg2B4A1Dr,4,4
69yz6UcfUHCi795treLj3l,2,2
69z5PKKbmZqcS4l86UhPpR,4,4
69zxopckIPTya73oBGdE2v,2,2
6A28sLdLOf9vohN5LVl5KR,2,2
6A2tclDi7xkgRO4y59f65O,2,2
6A4cQ6n7R5Kws0Gsan7gCF,2,2
6A6PDawvZIfnJHW40sBHzz,2,2
6A6il0xlgnUK3LCxCcHZRA,2,2
6A9LfLZ5pDN7os9fovGyGJ,3,3
6AGOKlMZWLCaEJGnaROtF9,2,2
6AJrjScRxKAzfImtWbCIaM,3,3
6AL3WfvaUJi5nA8XqPDoy9,2,1
6ANATkrb5PxlWimAMLZjij,2,2
6APAPsBCutqTFJ9OFTbeCa,3,3
6AQl2w7IHk6jOYgSZcXj8z,2,2
6ASkheRUcaSa2TiP8fNPXB,2,2
6AY2zdaF4LJykDhGGE4nv6,5,5
6AYQy1lLzqllit1J6TtCgi,2,2
6AbVJjzv7thIvmMCuhZrmK,2,2
6AcdKwlWDTVEoc3gctxsji,2,2
6Ad2BCQGByNSDSYAdn9iEk,2,2
6AeyHqzNHJthYJbn0tvJ4b,2,2
6AgREmqB7Nd8wPk4hpuQfX,2,2
6AinKYxrQuioECwavX1XQn,2,2
6AizmGCrFRQHru1Qf8WKoJ,2,2
6Aj8jLNU5ZY699OxF21e6S,2,2
6AjuU68Z5I6zzG03bs2MS2,3,3
6Ak4IFVY8BhNPjcHYWlZAi,2,2
6AkEP2vEcpTRn2ilHVPNsa,3,3
6AkUaYmKQMW7EhzqPqYB5n,2,2
6AluW3gfSIILKjUdKjPJoF,2,2
6As27klqzcG7UuZCIoG3CE,2,2
6Au7CCNN2wXgCNxdavgxDM,2,2
6AuY8LkI0USenNbHzX1AVh,2,1
6AyXbkn4cwrErFIMbRBRDs,2,2
6B53kQ2sKg3D2b0IPIoNbN,3,3
6B6qaHWuGTZ6Iz8FkYPre2,2,2
6BA2JM59JObFjHNvLK2KOg,2,2
6BD1X1PeV5UzYUdiVaD2yL,3,3
6BDLcvvtyJD2vnXRDi1IjQ,4,4
6BDWITl9HpvfD0Kacsmcu3,2,2
6BK1Z6VNYJjJ1wfwU8wdCr,3,3
6BKeNWeUqxmvQ09Gxd3ZGX,2,2
6BLsEzE62odkTXVtVwzBhF,2,2
6BO1F7s14ZehAecywx99G6,3,3
6BRtWlr1VmsiPjIFnvg9Qv,2,2
6BUfqtQcP26I7MNC5fAg7w,3,3
6BW2J9jf7C4J4Dn5BBn2pM,3,3
6BXz5aIbAqHT75w5z3hG3u,3,3
6BYh2zfUosAqaZRMTRlmnh,5,5
6Bd4eccfo1gmRDCmqYStQQ,2,2
6BdUwHKJ3VCmyGrq8cxTvr,2,2
6BivCuyKJtgLa9ooFsvUoZ,2,2
6BkCJIqj5dZLlVOY3m6dSh,2,2
6Boqs3NAzPMxyhztKZOIyi,3,3
6BrMEbPSSj55nQhkgf6DnE,2,2
6BtaOqGNg6mILnDL24RrdE,2,2
6BudTyfN4IAnhEndUwB1j3,2,2
6BvRzfqi3sMAoQYnRpMVL0,4,4
6BwPstqf4RoRMbDidFWNxE,2,2
6BxSem6OQcmyQf4hDd81Rt,2,2
6Byuke1Ac5qWJHFgzu7byM,4,4
6C03gklNCQFyrZzm9NMzzn,2,2
6C1RD7YQVvt3YQj0CmuTeu,2,2
6C7aTTCUWRK7dD379yUT3W,2,2
6CAdGfbTDDQiSC4BJ1TL5i,2,2
6CD6uu3iRRfgkpeZyeFoPV,2,2
6CDiKAFgbWXlwQTU59GKYT,2,2
6CDzDgIUqeDY5g8ujExx2f,2,2
6CEXs4A3QhmQ4LLBXl096K,2,2
6CGmcIW8lElAxYJb3dETOS,4,4
6CKlOEq2vAnjQqPP55xh6G,2,2
6CLLUjyPoBttw36tzpGhJJ,2,2
6CMF35Wo3xRxGTLDMjvxlY,2,2
6CRMSbYypKAf9XubEsmvkN,2,2
6CRX3ENpLq42r0iBSjOqr1,3,3
6CV34A2xO8SOZw4RqSSUOe,2,2
6CW9qtzZpHZ3o39BYlpU0x,2,2
6Cd5urxZ5t5RyxNX7O3pyb,2,1
6Cds1yaAqjemuebKt1DIKj,3,3
6CdzB6ZB5Af8wfAfAAQwaq,2,2
6CkLcIjIAWHJp3nZWhNQvF,3,3
6CmuT4GB0mCTviUq2jB9Fe,4,4
6CqHve8qCxKzEd3ciOy6xj,2,2
6CqIPNIgAYmbOyPgVKv0u3,4,4
6CtNhAbI35jsI1BFlwhXwd,2,2
6CuZdREmOBQGGfRufhcOIm,2,2
6CufiqOcVejTejlXDqDb4j,3,3
6Cw10XBz3GOwJzxnObDKIX,2,2
6CwUjQD8OyiEKoI0hD5iuZ,2,2
6D0G3ssorLK8xodMwRgtWQ,3,3
6D2TCm4nf5nxAcdGJ7w3QP,3,3
6D33wCKzWtNEgOovgeVJ7r,2,2
6D3vmtskO4RbZP3bBIDY3X,2,2
6D5QZAZArifsqPf2eWQQdx,2,2
6D5XSLIx1yYfreJPm7LuaG,2,2
6D6WkoEoY59Y6vV2e4y1NA,2,2
6D8D5eRjLK1RUYM0xogzoW,2,2
6D8MQ04WjnY9Jrhi1MdNFa,3,3
6D9XotKHgPv5Pd9768w0nF,3,3
6DBdYfd4EkR6cUPSqtEwhQ,2,2
6DBvBUP5xAytSocaBr05vD,2,2
6DCDSMe7pvGeK5J9a9OoIo,4,4
6DD5beNG6Ji3AYp5WrYnwD,2,2
6DEGStgt5L8qOKvuZ4R7Wq,4,4
6DEMMeWXfmFAXgDUMMzeg6,2,2
6DFB92Y9FOkjCC9oVPlkVN,2,2
6DHkAyZRyV9Eo0y2I5eh2f,2,2
6DK8DFFf1YLur4WsH6Y4VR,2,2
6DOEBCCPcdo4DmHeRiSzsm,3,3
6DSnc88NhmqGI1wsqf4DPu,2,2
6DVjpD3z71kA7dAssucVIY,2,2
6DXLO8LndZMVOHM0wNbpzg,5,5
6DZY2OZESH70R3zg49Asbf,2,2
6DaHEkkaHiAhRZVEFZOMJ8,4,4
6DaKMsQDmHMJbKYyU7AUFA,2,2
6DcxN9jzax8WgSl39XtTfx,3,3
6De0lHrwBfPfrhorm9q1Xl,2,2
6DeGhcWbG8uu79VkIuPDNa,2,2
6DfESv6z9PPLo1RhbzlVIb,2,2
6DihrQCKtLq7SpVQt4jBzA,2,2
6DiogHhtwkVgUHUDUJVuXV,2,2
6Dk2oxb5zYRmCJjYhdbrkr,2,2
6DoL1yYIwEW7VZMRaJhoJI,3,3
6DpTTIl22LYSQzHvLqrfUB,2,2
6Dqb8HDPamnC4LGd0dSAbw,2,2
6DulvzWONaGcej1H2pj3i2,3,3
6Dy1jexKYriXAVG6evyUTJ,2,2
6E19yW617WrbdplRUt8cvf,3,3
6E1VvKBTi0FtLhE8b6GxbE,4,4
6E1YebXpPPtujMUljDNlOo,2,2
6E23vNBxAqr0lF60IvAv3j,3,3
6E37j4b44JGpdk297urpKM,4,4
6E6BCsQHXDAdXsrL7zV71N,5,5
6E78mLTxvTcIYSZf583kgx,2,2
6E7Ix5jkd6uzfoxuvcI8Ww,2,2
6E9deAT9PHY3xwZwD0fvhZ,2,2
6EBBdEw3Np1YAAQd55ABGr,2,2
6ECA4muVp3hMB6jSYQNohb,2,2
6ECXghsnWoGD85eOcuPWUX,2,2
6EEDuy7cieppsAqgEvCkkL,3,3
6EEdLx1s2gjgE4EHQXsQfk,2,2
6EHuOufBeL6vk3TvVJB5qo,2,2
6EIVLz5xM1xE29r0OmIkWt,2,2
6EIvczZqM3aW9OsLv9DgBP,2,1
6EJonmjC2pOwKfUHeIZyhu,2,2
6EOKwO6WaLal58MSsi6U4W,2,2
6EOpjNGn34eXLJASVcUksY,2,2
6ET453QCZCnhN7cb5zZoqf,2,2
6EbmmL79iDxHrnduYQDBek,2,2
6EdSN1iGtLPhcz43QDRkdK,2,2
6EeWU1liZ7kwfWUT9gzOoL,3,3
6Eeun5Lr7OofGeD5iWxUyx,2,2
6EfGUQtLk3xVc64tk8ihTL,2,1
6Eg6mlmavrJxtMGW5HxMUb,4,4
6EgcCQ1Jq07linsih4Kk7W,2,2
6EgwlXnFrfkFqOKqY3dqki,2,2
6EhMjQAhbwvLp1itqS4ynh,2,2
6EnHdhpdycjPxayoU5VAU9,2,2
6ErIUOm3AaNAMY3i1f7ElT,2,2
6Es0DuLXDpFPkq6QDR5BvP,2,2
6Es8MOlBfFcCmHZhhLoroo,5,5
6EtKlIQmGPB9SX8UjDJG5s,2,2
6EuZqZCVpZi3IqWssVB7eE,2,2
6F1B2iBDmZ2nwBR1PiWTLW,2,2
6F1izKHk6MUbau13IUn28s,3,3
6F2Ad8gGXn3qdkdzKR46n9,2,2
6F3aEXHWacgFQOMibXHviN,2,2
6F4k61BlMK01JUwwjFWKKw,4,4
6FANeHrcPH8cDFUgty6jDS,2,2
6FBOCvFNx6C0f6tW6WrqoK,2,1
6FFwt1ea9hJ4MfMQLywahm,2,2
6FIqCT9BoorrxmydLDvIHK,2,2
6FKX1hafGttQXoomGQb9R7,2,2
6FLMTRlci8RrAegvGIuoYS,2,2
6FNR3CddkzolYzctA2CY6b,2,2
6FOZMPsV4o3dMj7juFrXMT,2,2
6FQ1xaOVSCw65yddnQT1Pl,3,3
6FRwDxXsvSasw0y2eDArsz,3,3
6FT83pFXKhDlXDsNJFAHWz,4,4
6FUZY1855hKvmtVRkzpWPC,2,2
6FUwPb4mGlUDbx42uspXaZ,2,2
6FX1AR4pKmvTM8DmqDWkP8,2,2
6FYfhKknpt05Om6YPcEYAg,2,2
6FZDfxM3a3UCqtzo5pxSLZ,5,5
6FbUqYe6AZ0KJSsNpdCGal,2,2
6FbrSyJzNzfFtsUE9swQVS,4,4
6FcVDIaaY5DA6ZzBx4DGfm,4,4
6FfLg6FFqhCsrFOaHIGkg0,2,2
6FhB5ZyT4JsIJ0ozDlXCIp,2,2
6FjH1ngWNyECa6IJAyNvzc,2,2
6FkTSDv17BIUGGAQkS6CJX,2,1
6Flhe63TCr8YT376BWmmKw,2,2
6FmQMYlxRl56FIgOwvRBil,2,1
6FoUUkUM4fVdh5pLZyxgjz,2,2
6FuRLbqyMlk0lugKxoH2qB,2,2
6FvZIDTCtmWC4KERBlLQ5f,6,6
6Fvdk2eTzxEa9JsUUa1kP2,2,2
6Fw0I1fDME2xFSmjAwgVxJ,2,2
6FwMGM0Dtmf0vz6BdIc8uP,2,2
6FwmTj0KzcljTlBd0VqBcA,2,1
6FxSpRHClFxqVn8y4i0yk6,2,2
6FxdAycUNPT8gHH5JhG2xI,2,2
6FzjJPwf5JzzFOei7h6Qrp,2,2
6G0vQhQUP8jUzAkGZ2PXRH,3,3
6G2IXaarVeVde7CaMOxvNh,5,5
6G40wvmUlCrx5KqGFN5H4X,2,2
6G45Qr6vVxnHxX06qcGEp2,2,2
6G7KraD6OUZ8lSMfgjiPr5,2,2
6G8xvLFNkXy3HM5EbQI6c8,3,3
6GG73Jik4jUlQCkKg9JuGO,5,5
6GGaeNKmqQQfQmTlNoUezD,2,2
6GM93QLita5nZknl6G2s4M,3,3
6GMAXn63PTFT6zZwcqSkgi,2,2
6GT0oiQdjiYX91qgAMi7Vd,5,5
6GVc45BRDqjvoGrMSInL5t,4,4
6GYgBiqv3Gm5PYyhgofSnt,2,2
6GYyGwbJeHyFj9po98ZGpS,2,2
6GeU7bmiWCjDdbedTVIIlo,3,3
6Ges5C2IE738iJh4HyQizQ,2,2
6GkAs8oZIgPjr0GpqA2JSt,3,3
6GlD1SzE45tHgzHPkV9XAp,2,2
6GomT970rCOkKAyyrwJeZi,2,2
6GqqGv8frU7kqzXkm2rewI,2,2
6Gu4lDpaSV3QvSUkJnZDG2,2,2
6Gul0ijg63M9oIhQQPnUtT,2,2
6GvEjUmxUoVOMJMPK0STYZ,3,3
6GwXhxrjTEVuBZC7jnB7f1,2,2
6GyFP1nfCDB8lbD2bG0Hq9,2,2
6H0PLsSYMzDOqhLgyOlzIj,2,2
6H0zRPEV1ezBHOidNXSt1D,2,2
6H1hnJRQOGQ9djPL3jNu9G,2,2
6H3zH7j2izbhiKwq7yQTJa,2,2
6H4sjLl4Nd54scDUWSKhJQ,2,2
6H73ViNxjmJcXWHGX20Vkx,4,4
6H7fLdt0AeWpuxUKXuXWrx,2,2
6H7pqoG0n33Avtf4t00wnJ,2,2
6H7xgR4Dbw84G11vODwIH9,2,2
6H8qW0UoLvVWFaE0sms6NK,2,2
6HFVHZt5xRuPpiqFKXbJ6W,2,2
6HGoVbCUr63SgU3TjxEVj6,2,2
6HIkxxaASDhaXdcMa2PFRB,2,2
6HMT7AzGA5wmn5m2t1BuZR,2,2
6HPkWajn8320iMa9RIP3st,2,2
6HQfFAupOMsmfWV4CbG1Kj,2,2
6HRU0CPcG0q3Dq8XVBWacL,2,2
6HSXNV0b4M4cLJ7ljgVVeh,4,4
6HTVZeVQ9J6Uiq6tHESxU9,2,2
6HU7xSepPOCF36PSh0omR2,2,2
6HUOCgFiY7Zl58vyDQODa0,3,3
6HUnAzGo1zYfdX4ZW1yiZh,4,4
6HVJF4FWIL3LZyoUGyaWi6,2,2
6HWDLIy67pLWRpUv7lNsp9,2,2
6HYx52WlKFIQxiOJg1eY2n,2,2
6HZ9VeI5IRFCNQLXhpF4bq,4,4
6HfKUHjHuev7pYC0bFS1v5,3,3
6HfZTdkheqDGQQwQGRV8et,2,2
6HfkmHgWChU4ov7KYr4szq,3,3
6HhdFRM9un1Ojpz1A98pVi,2,2
6HnC8UJ9WqKUwx3dcha5Md,2,2
6Hos4orKluXCWp7j06fLQn,3,3
6HoxQTzbgOilzBMZEYqGw4,2,2
6HplQm7VOFSup5HvIMahU7,4,4
6HvUYS1xDfTCGWoeVrv3XS,2,2
6Hx9gLuAKkOfoZoL79OSI1,3,3
6I0KEvFfWszVJiCy5hum4V,3,3
6I0SHRGKjSnGUEAdQBEkP5,2,2
6I1xKOKLWzxIuauemavcz3,4,4
6I2tOKBqqIUhxEVKnolGjx,2,2
6I3FEdunYM9FM7j3D0u7j6,2,2
6I6w7Ge1220zlMe84GP52s,2,2
6I7GpxOjlDzO1Iur14FEfy,2,2
6I7nESv5d9zf9DcEA9I25u,3,3
6I8EbSSjimK98wiDCMtnBQ,2,2
6I8FUsqR02Wh3SNhlOEc6y,3,3
6I9u1BUOMgesqngW1QdwtS,4,4
6IBcJbetgmkM0tLna5rq1q,3,2
6IBgT0sZ1rmG1bUSDNwPvn,2,2
6IDkdabcsyZmLQDCMtp6An,2,2
6IEYxC5J51Igo0XUTx16mA,2,2
6IFDy0imCdhDpHj98GczEX,2,2
6IIOcnq93QAaKeRX1cs16v,2,2
6IKFQoaB3qXwybUDKncXml,2,2
6IKtfO76zpYpYnfOb8Ley8,4,4
6INLpBxo9F5QMer04VXEnd,3,3
6IO6Bej5U0Qqh7zoUTTtdm,2,2
6IPNp9PfaEqrzotY47TIWy,4,4
6IQBnoeLPehnJaE6sKMhVs,3,3
6IRxsf4hUTLzVeXb8PhiGs,2,2
6ITdND5IQ7lHzjkyJZSt53,2,2
6IVJu4WfDBGvzTnutmc9Py,3,2
6IVKiq8Xxhvg03MUtu5smv,2,2
6IVM1YYZq6K6NG6qqC26o4,2,2
6IVXCSCTZOqUDDuGA5vUwH,2,2
6IWgHV06sU7ZfLAqB7GOtX,3,3
6IaSUc4wx1rzo8lGs4KOot,2,2
6IbnUaczZBT34DhaD6S18F,2,2
6IcEBDc4bol7BbHMupfDLQ,2,2
6IhHyxeOqS6LKgP2Lawj55,3,3
6IiCb4PCrDgqLuDWgHhFi7,2,2
6Ij4PNz5azZPUB1JXERfqq,2,2
6IjeHG6oLIkZeSq2SMEAtd,4,4
6IjtnlEV9IzgkTKr1DloeN,2,2
6IkcTpdDbL4OVg7skLdUyF,2,2
6ImEBuxsbuTowuHmg3Z2FO,2,2
6ImmlZj8ysK2jDnqqbKp60,2,2
6IqtVAAmmFYYyUJ38KzP2E,2,2
6IskNuvBwK8YzFrjvXIp5h,3,3
6IuHbYWV49tArCbHBgMHl7,2,2
6IujLG0qZPjRKdMH5UjA4Q,2,2
6IzCMc8FsDHN8TUXKR2dIt,2,2
6IzTjoU9t5DiBN4BmiWBB8,3,1
6IzjGEM0s8Q3avi1DHc5Fc,3,3
6J2pC3j9WF4tVJo4mEHZdn,4,4
6J4VOoKhRZFNeWkVH0WTzH,2,2
6J4oLY2GEwOsUgEd50IpKy,2,2
6J5ymVSQlrmZ2Y48GYLaoK,2,2
6JA245qW8MAIRVANzEHaBT,2,2
6JB23R70qctQH0h4FGGlEV,2,2
6JBjhT61MNt3Lg4egKmfls,2,2
6JCgP3lmyFmpYKTTripIq6,2,2
6JGgZq7gwoW8TxMZOQCqSk,3,3
6JGjevTaqr9J1xp7YvYUKF,2,2
6JHmOcoeEFfCNMyQ5tfZAS,2,2
6JLA36poFkFWP7RXRwqi82,2,2
6JLsAMhOQkmEUvr0t4EIDt,2,2
6JMRXqVpDD1Xu2lAoFOVbS,5,5
6JMUqW6dwWduaPPqGCkcgk,4,4
6JN0cjFT0zDRYxzqcKrvwf,5,5
6JN11T87T69FzNoAsTUMbr,2,2
6JNJERZGJwDVgkmbohBw7u,2,2
6JNS23wmaMWpZflrkGjh07,2,2
6JU9PUGD025Yb2A9NbyNLZ,2,1
6JUMswocQ7Hp46kj9kyljT,2,2
6JXbjTYnHhVpgz8aRm1wTR,2,2
6Jb8PXvsr5VGF0kewMXmaQ,4,4
6JcWanfC5bkTQy4iXbeFKL,2,2
6JdU7eaEl9fPAq0sEVNzGc,2,2
6JgHKt0WwdwlXIht6M0mqa,2,2
6JgjIRRv7uMSEjzzxHTQoh,2,2
6JjPBQfI2Y8nIjnm65X6Pw,3,3
6JjSoJ2laV4ZbKNb9nybvh,2,2
6JkKh7oUJfFwxDSTqX1qP9,2,2
6JlGpQNMYS1iVjcGArDAfn,2,2
6Jmw670ScZOp4hNJRDvnCA,2,2
6JpaHjsZHGn9vVINGrT2hH,2,2
6JrAEmBFd61eYIGVOSPnT4,2,2
6JsiDFQRx7GHcuf2UroSYB,2,2
6JsxODuwHXWtC5rpCkVLGo,4,4
6JxWdrNzIiWVDTXrzZp3D5,2,2
6JygrgxtMOiBWG4QJrDiTB,2,2
6JymsaWDHk2Yj4e0yNBIFH,2,2
6JyuJFedEvPmdWQW0PkbGJ,2,2
6K8ElBuFmFj8KYUP16B7ss,4,4
6K9UYBSvkOadWYO5nUrfVP,2,2
6KDG8vvFerlCU63IXdw1zb,2,2
6KDNxqCFmCGu0yd27xvnSG,2,1
6KKskhz8aQU9uR8n1SjQFY,2,2
6KL88T4Ma4ABXqzgUoEwkd,2,2
6KOI9Op0fdvmPBG4RMemZc,3,3
6KOlBh6a2XbewRVt0v6826,4,4
6KP1I5Ep4itKNF3wCoBroL,2,2
6KQ0HYY0zSZVHIxFvommre,2,1
6KRPT8ZY9m2NaWSh8s8mrn,4,4
6KRq71tmk8m6uDuVNt3AX8,2,2
6KTG1O45PqNxpXhPwXX9BD,2,2
6KV3ElDRM6wNEAHrzumFnX,2,2
6KVFBsfbnaFFa43i4k0cce,2,2
6KWcq5p0wsz97N3eoRUSH6,2,2
6KbKnkWLN2w3a9mj7JAkrL,3,3
6KfqrM6To2CjbXqJN3Pulw,4,4
6KgMF6urbWlh433VY7Yvzb,2,2
6Kh5thzbnEAGzgLFeiVRc4,2,2
6KlbKM85NIUo5ZaToCAFFc,3,3
6Ko0LtUSamxOleNdwcM5DL,2,2
6KpO4neDXxGdiEgsivZieY,2,2
6KqSLa2tVMwtbVGPwss78F,2,2
6KqiVlOLfDzJViJVAPym1p,2,2
6KsWTg6la3h3LeLcQZ2uoD,3,3
6Kt6Lnwhmw13qeD345A84E,3,3
6KtLECDztnah63TNmV4Plw,2,2
6KtNLc95StBKfOmFDAoTwi,2,2
6KuIO7Ya84QfWoR0JLXn6B,2,2
6KuqAtoeVzxAYOaMveLNpH,4,4
6KvptoDIpcEw0wfRKbn5CL,2,2
6Kwo18gzpFZnZhlAwhn5cl,2,2
6Kynli1iHBqJRWUCohcV9h,2,2
6L15tAYXnwLc5pJF27V8rd,2,2
6L2B0EWlWnHR0YzLCmDgYh,2,2
6L5BZEcZmD6RBJnimzlyKr,3,3
6L5QMBrydoaapTDMQ0Anui,2,2
6L63ulwGbVnDCte3it7ulD,2,2
6L6TuOAEZHf93tJULIjQrj,2,2
6L7edR8ePoAiOEthSAfeBD,3,3
6L9vUQRiVybGvtAatCdRhw,2,2
6L9xqaNVFf0tt9l5OxO7vX,2,2
6LA7WgwRca4bYg7Ip50dqN,2,2
6LABUfTDRKb5QGZNgWrDq0,2,2
6LAhg6zOcLxZf9df8UxIwS,2,2
6LDocxGe28oGm8GvPq8Msv,2,2
6LHXb1sGs72iTmpSr0603b,3,3
6LJiB44QjzgCBDWv3ynFFk,2,2
6LKJwN8aF3uYod3JUPXjQR,2,2
6LLNU2a29JY8OiwAecBuph,3,3
6LQeDlGAEm9vQ9kKLI2hlH,2,2
6LUGvXEAK8WxIBYK43uoTb,2,2
6LUNGq8PjLgalGTddriqij,3,3
6LbbHFEajG9e4m0G3L47c4,4,4
6LcDgsJUPj70eb0NONh5q6,2,2
6LdtCV5bgLQhfGn72fpSvY,2,2
6LebjMq3qAsomMgzB3vxSy,2,2
6LgkG3CQKp6qejNMpOatMj,2,2
6LipX4Z8HMrxYvzcXUWzTa,2,2
6LmeXcgI8jBDaUEqwYdX9F,2,2
6Ln89sczgIcAJXGAIdS94R,4,4
6LsHKNorX6fPBNcGxU1jQZ,2,2
6LufdDsNUVkawg7eH9DLRL,2,2
6M002ndc2zIK6s6imEd2QM,2,2
6M1mIjeq2kNvT8F2dHNugk,2,2
6M2J8MffpkAQRjnF7xZ8BR,3,3
6M47gaKejso9772SKTa3yH,2,2
6M61Wwn20lMTDOWIE28HtL,2,2
6M6Tk58pQvABy6ru66dY3d,2,2
6MCiV9bvn6CzF3D3g8jagk,2,2
6MCy7TQ6qOvEdayIkbC8kc,5,5
6MD6xpFK4cfquxRqXxqwjq,2,2
6MDBkIEBEodrBPG5CPb8IG,2,2
6MDijuuArPJv1vbp7K1x3f,2,2
6MGlS9t68GIFkcbWIzHcsM,2,1
6MJUCumnQsQEKbCy28tbCP,2,2
6MKOd8KDFzwpu8Vz6ccZU5,2,2
6MLsDhSSdlFxcZ1HekQ7N4,2,2
6MMB9EotY47IvE71cdiKS5,2,2
6MNY72T605kPIOH3hnioxu,3,3
6MOEQCtAWNSCmvg3SFKF5y,2,2
6MOxVSR91hsELyBKwJPvPB,2,2
6MQAB3vorg90FA3tQpbYXK,2,2
6MQjOwzFgivGZM7Ke30uhB,2,2
6MSKVdRyRt2BeKFd7N4QKq,2,2
6MTd61g9zq6CB1FnJydjEb,2,2
6MVVLMg67DcdaoHKmAV3ME,3,3
6MXJQlaY0IcNjVDNYeYj8y,2,2
6MY1xABxoZATrEr4FeUhEM,2,2
6MZ43oKR8vOH2uKOy31uav,2,2
6MZuCX0t0OzvL3k1hsQ4Bg,2,2
6MZyrnqwsLnrWY5Gk0AyXg,4,4
6MaRBjJJtf3IiWHRVws5qc,2,2
6Mcd2tlwSiqsnMC85DF4Ns,3,3
6McnQuTA2dpArD3QTrD8A7,2,2
6MdqqkQ8sSC0WB4i8PyRuQ,4,4
6MeaIZrvNxJQkBugvWqkTa,2,2
6MgM415sTN6TUh3B3YlWCW,2,2
6MiVIH3fQlmz44jGx2DXn4,3,3
6MjQxUVloSCCLmnJgVQ0A2,2,2
6MmCd3vp8GKJPfkLKAjMqz,2,2
6MnQUdBP9yW2xcmHMCtcqN,2,2
6MoTeX5dtuPZ3hwaecuBkz,3,3
6MpCaSIOfqBqbMED4kXgNY,3,3
6MpUuLKMSRj82KbyoFlO6M,2,2
6Mq4q5OIMO25vBsKpFdlnH,3,3
6MqqJ0OVjaYeiWUSMOAK8x,2,2
6Mt1HvQw0SoQA3hzeODTN3,3,3
6MuB2kk88DIkZBkxyngLbJ,2,2
6MvvjHIopCqmLApUzSy9AP,2,2
6MxGvnJWqdGS0chQypGXhB,4,4
6Mxaum98mQ7PySB9jvunYL,2,2
6MxgblJfZf1rBOHwLmugPR,2,2
6My1PfmDeYo8jr5c1Bzhjm,2,2
6N22FZs2ZhPBYi3b9XPajV,2,2
6N2dua8p7nL9T67WITwaIY,2,2
6N2yutZiLVpqbF1AK8Vxhu,4,4
6N4FNxukJlgyFNZ3XMK0YP,2,2
6N5WkgPIDoTdbCXyyIIKAv,2,2
6N7JorLgKsFEXD3doBDQKM,2,2
6N7tD8zXsfjC19RIHhzg4i,3,3
6N8AhWCi6BT4Cf6e1e5Ucv,2,2
6NAn7eEExGOlf37BW9sZdJ,3,3
6NAtVhZ5LrvoKy2Gijr5gj,3,3
6NCylXeJcHOI908PjZDFcg,2,2
6NDg4EyQE5lalcCEEpytsM,2,2
6NDoBIaqTHdcudaR8RDJNw,2,2
6NEEbZXla00cRzXErdNZ6k,2,2
6NGNWixLd0Qzl5ssOigXJt,2,2
6NHjL6DkSsaGjFz2KJN1q2,2,2
6NHmhxG9u2IqlTbtFWZniU,2,2
6NI3argvAq77Pc76uSG1NO,2,2
6NJOOWpT5g3Y46G2qtRejH,4,4
6NJQpFNkDCMaRBogIi9sOI,4,4
6NKNayk2utB9a7Lv1x7Y1A,2,2
6NNiVBkstx4zWrQVbEpZ8I,2,2
6NO0Up4grjlWcprtv4H4dN,2,2
6NOo9OLa1TKwdJhMbnwDU1,2,2
6NU3w0CtU7g9boAarIAkO4,2,2
6NVIFUaERNGQxto5i9nzD5,2,2
6NVWgolOTVoXggsQehPutL,2,2
6NWEQmLBJ1G9rnv1jCZp8Z,2,2
6NXIFaZ5a9rtnhF7GAHF0U,3,3
6NYdAmvdebGyB2zASPBEKg,2,2
6NZunfz5wbY8pYeDDlJUas,2,2
6NcLv7sKEdS4wBBA5FnCjS,2,2
6NcruLjcmzmgwwpW09HXzT,2,2
6Nd6ntkzr4t8o1FKPGOSMt,4,4
6NdcSEhpGGAYXNnnhGS2s6,2,2
6Ned3daK5SGr5jZ3HRZcgh,3,3
6Nf3pMNxscEiw6a7phdlmm,3,3
6NgqDV3AFkXJWGFArVUQ9A,2,2
6NhxG3vfaRVzFosetdRITN,3,3
6NitJf2pJZ4ssPTWZ1ZuVv,2,2
6Nm8h73ycDG2saCnZV8poF,3,3
6Nn4pKqCL0m9bWQL2zdXf8,2,2
6NthJCbsfFFrTK2OYZTRCp,4,4
6NzRbyRf0kWku9n9M32Fs0,2,2
6O1VWYPfl85dDeKiaCJKza,2,2
6O1ubxiy19gQv3GR4Vnwa9,2,2
6O1zIickC0YQseSVMGlNq8,2,2
6O2eMeVNJnbmHC721q9EFV,2,2
6O3FZGHypfvAJNsY12MPAJ,3,3
6O4bcP0E4z0nq5WxLN8ski,3,3
6O4dKR2qDrowPXV7lwUNA8,2,2
6O5TrlFWTYvznd9fMC0VvU,2,2
6O5spqMgOR3Hk20NHCAPpC,2,2
6O7pihLJgeqxUnG7u9oYL2,2,2
6OAKaOrMsDnVygHnksegHg,2,2
6OBXfbbmE0enkSn1wmbqlX,2,2
6OCsvPU6P84wJ0erggCRv4,2,2
6OG5TBCmuTOuWCzSGsETrE,2,2
6OIsq9HutnCINDPQqmAjbz,2,2
6OK7OQyyvNPd2XQIHCB1wz,2,2
6OLIEGHsA4WMbedcjY3Ncr,3,3
6OMBhRhwg6cnWR9ghrTubA,2,2
6OMO6WdRhSfjMPAiPT94wH,2,2
6ONguNljES7sX2KdLF4Giq,2,2
6OQqkNzm9m3WNNa4to6VKu,2,2
6OSs0dmcVqVdeWOmsaA5g1,3,3
6OUTbAEIxmP8RVEAFNMq1d,4,4
6OXJL2HaygePLxP2ICvVh0,2,2
6Ob5Pv0sO42iZFUvCDlTrL,2,2
6OdmU38bVJaVBBeIkso4Wu,2,2
6OeRAvRqfqpaHHTzrnCSHJ,2,2
6OfmhEOHcKhOUlh3vNE2zh,3,3
6OiZOyPJTWx7DorS1hdsY3,2,2
6Oj89UHfmYp9yR4t0t1q8F,2,2
6Ok7LQxIDEqKQEFUBNRzpx,4,4
6OnVnET6zmYJzsj18wuAaf,2,2
6OocN63GLU7NF0wHdewhID,2,2
6OsIb7RKndyPBew3traCr8,4,4
6OsUmsYsq6FxzWdG6Wr89X,4,4
6Owc2SuzwO3LW1SAODYK3l,2,2
6OyAdrIqlulqr7hEpo7QSL,2,2
6OzPP9Ax7YsgRWxDITRbRY,2,2
6OzRF5Oqmsb1Ec1sMKY4g7,2,2
6Ozx2ngGtXrqznTKhKBlrT,2,2
6P2z6tZi1K8pyHXV1i0DnK,3,1
6P3phrVqOebNtYo1uEyRJY,3,3
6P694ZjCWctbgzgh9qAmW8,2,2
6P8W3SKPHIWQwkoLFpMQkE,2,2
6P8zr1ghnd78EPhUO8axDm,2,2
6PAr1wwpxJQhHn2c6wKN4O,2,2
6PDlkWmrq2ZKiUuFt2aQsH,2,2
6PIfn2tJ1dhDBojV60T95E,4,4
6PJxtrcNUrrAUSrFZd4FhZ,2,2
6PL07DkNaAqFPbJBbIX1ZY,2,2
6POwzpncp2Rn2M7n8sPTGW,2,2
6PQLxN9DvI4Abr3hmsX3NQ,3,3
6PRUyxcd4JDpZEZpdbRE65,2,2
6PRy17C5LiiN7VCLS6IA98,2,2
6PT6nSEatLEKVLOo4asoAr,2,2
6PVxTUWkUdH5nqmGL1mO6O,2,2
6PXbVEz2q5U3S56AAbQShG,3,3
6Pbve0TrBzMtFYxbgxDWBQ,3,3
6PcEmYKixWJV1kwoOGEv04,3,3
6Pe62kAXj5YB60KZqEXeHB,2,2
6Pf2T6xvc8C0lWrkg0yUFc,2,2
6PgCzuBQFnTFOCUXHtp3Nl,3,3
6Pgkp4qUoTmJIPn7ReaGxL,2,2
6Pif6RkFoYzLygdqktus4Q,2,2
6PiuCvBFIXLyUjhmmWgSRp,2,2
6PjE8V6NzXRAJq1PvxQOVQ,2,2
6PkOmPMlH5nPFeoCPU0lo2,2,2
6Pq9MmkDQYZiiCDpxnvrf6,2,2
6PrnqAkxifshpNad1rFk5t,3,3
6Pt0FLZMQcycOm3BwToqQa,2,2
6PudNM0mVIi3ipGCSUW8gu,3,3
6PvkgNl39geFWiBMzEeWjM,2,2
6PwONWQ1wxb3jhXzbEumNH,2,2
6Pyb3IExfdj8CSjQeN3455,2,2
6PypGyiu0Y2lCDBN1XZEnP,2,2
6Q1m1GyNxyOwZ2ud3p7XoS,2,2
6Q2pkSKuM08SDOuAS5amQD,2,2
6Q32Vkucx2qeuVyBd3NiFZ,2,2
6Q3K9gVUZRMZqZKrXovbM2,2,2
6Q4RJGUzVQym5RL5iq6627,3,3
6Q4no26EaF80ttkI9HEWME,3,3
6Q56L7rivD2iUsq1uNKM8n,3,3
6Q6c35I06abXcqCZD2b1eT,3,3
6Q7Ftkc5TO3hguFRIHceM5,4,4
6Q88Xw5D2syb9X5rZd3TLz,3,3
6QDAJvROnF636DZ5ApeIuR,3,3
6QDbGdbJ57Mtkflsg42WV5,2,2
6QGid2MUj1SHI0SXRlHJy4,2,2
6QLspHLCLftSGPa6vNzKuo,3,3
6QN99Sr4CgkxOG0AiUuIz9,2,2
6QS7xGnz2B1jVbIdReS0YV,4,4
6QSOIejoVt6sFkPHL4JGb5,2,2
6QXtgcy5l3ixU0BaNZvnRP,2,2
6QZ1nV8wJb28mtsL6UG6hk,2,2
6QZ8h3RqIgTRTo3hfaqryx,2,2
6QZp4JizxusKLidg7vTRSn,3,3
6Qc04lX6wGNlPWWSDpE32a,2,2
6QcU4iwfLjjsrW7zsqyc1D,3,3
6QdFtyixbbTami8OPxtJuw,2,2
6QewNVIDKdSl8Y3ycuHIei,2,2
6QgFbmtynzdNpHWsmSKmPy,2,2
6QhzpxVOPMeku3Yuz3aeEl,2,2
6Qq8lIoV6gHc77GSjacOHP,2,2
6QqltTdyBhawkxkP2DL4z6,2,2
6Qtsg8iui24fPWGQslfjZ0,2,2
6Qv3OWGNixqEobRC5vM0Bp,2,2
6QvYmrqFKRSVrcVgvoA7Ar,5,5
6QvyaYlJSCW6ft7dYHNxBA,2,2
6QzdmoHqSH08FOq18fxqKd,3,3
6QzghWY3hHDC39o5fZorp6,2,2
6R0TQQtu4guq2l4p4LIuuC,2,1
6R1Im770Tq8UzZ2uKT01fh,4,4
6R6ux6KaKrhAg2EIB2krdU,3,3
6R7Rmx1M2mQcH92evC3RMk,2,2
6R9j9XEisGCoIE8r8UtbiS,2,2
6RAONTDgrZGRXqeLNNHQLL,2,2
6RBLcDQvA3VgQ8vHoXoo0v,2,2
6RBjDD3icEyES0jYA2jY7m,3,3
6RCT4geaXTmDmtiwFLJv8j,3,3
6RDHOZtqz8iB6xzii7qaey,3,3
6RG9WyeGTkM1xwI2gzUhbH,3,3
6RH1tgyOx8OrzPExzCm59Q,2,2
6RHGYYDNeSblumjzhxKCrL,3,3
6RIbDs0p4XusU2PZSiDgeZ,2,2
6RIbUe08CiBs2HRZEf7i4f,2,2
6RJ1V6qO8J8Spxo5jsC4wO,2,2
6RK3IsiUW6YaSMEodbO4tk,2,2
6RLT4oQWaW3WiBmuTFBZnI,4,4
6RM5WJcShIHsxrja11M1iK,3,3
6RMPFmpwJgyPvUvBdjWreM,3,3
6RNDeRnWsRMjPdNVgupZCs,3,3
6RNUCOPGtGF2qrzr5I3DE4,2,2
6RPujWkce7CnkisE9Xpppp,3,3
6RQUWXSPV1BAALKr8QPC0K,3,3
6RUKPb4LETWmmr3iAEQktW,5,5
6RYHGsmhxeZ5694zS1zDF6,4,4
6RdJrnkVsY7nR32bkVSIp1,2,2
6RgrpOgbTI3M2qvA8XIvTb,2,2
6RjDvJCnxjAOOEQ5TiqKLU,2,2
6RmEfog9mkYv5J4w97U2S7,4,4
6Rnmu3xQeJMVc6OvACEBES,2,2
6RpBs7BsS9oiHKtzJXsMOS,2,2
6Rpbzk2LC8xWZI93RyodAq,2,2
6Rqn2GFlmvmV4w9Ala0I1e,3,3
6RtnuC14DOUrvpRgS6WMQX,3,3
6RvTtRyn7zVayLUWAJxd5Z,2,2
6RyaV7owmVU6fzEPE17sF1,3,3
6Rzv2CVwDi7hYnVU5wKcXe,2,2
6S0Vwp6CA0rLVdP7Zi3fOF,5,5
6S1G1YciJfoW5wRzMio6Ll,2,2
6S2YyQWrTkJG88HJRtgbWu,2,2
6S3JlDAGk3uu3NtZbPnuhS,9,9
6S4CAlzs3rNCYelbU2EY36,2,2
6S70OrI0CsYO0nD1l6qvDP,4,4
6S9HBK7NeXlPYFb2F6DIWu,2,2
6SAYyzfj00qgS35oY5t6w7,2,2
6SBiO0ai9ntitAxZvyqpsw,3,3
6SHxM9QMWJIN3uY3XupE3W,2,2
6SKTHwAjQ2sEJSEcSm2N3v,2,1
6SOW1rdiCnxY64Fp89DluQ,2,2
6SOjqqblrBD2PprPuav43M,2,2
6SPLYHHBN0dKGaoD2Jcccs,2,2
6SQDhaDMwLeRGHfyLb00d4,5,5
6SRWhUJcD2YKahCwHavz3X,2,2
6SWsSQnuTOyE6DOJG7Zdi4,4,4
6SYPEs6RfcvpjuBYfJPaNy,2,2
6SbSZHFTrjx61IaRLbEU1n,2,2
6SdaB4qWrwFG5goKg3NbVj,2,2
6SikcqMXkITRdoLHievwC2,2,2
6SjbzGo7arjfM5cXpXhc5B,2,2
6Skh3CBum0pZw9TOr7FQnX,2,2
6Sq7ltF9Qa7SNFBsV5Cogx,4,4
6SqZpvMfE3VlK5DFyRs1Wn,2,2
6SrwmS9G3gI3cGNUqv6QzV,2,2
6SvIO9X1alZpKyG3g8EAHB,2,2
6SxDyZv0icnCfTS9WBaa4j,3,3
6T0e1wKkONiIZQ1FTjMlGZ,2,2
6T10XPeC9X5xEaD6tMcK6M,2,2
6T1TompuJnWs8299wj9Zpm,3,3
6T1t7fOMfVuVpWSe2Z4Pp9,2,1
6T4V7p7PtNKRpQTDRbscrs,2,2
6T5hiZikP7CNI2uXdWYlCg,3,3
6T5i8eCUWZ92HOZtxt58LK,3,3
6T6GxQNHaCfGAGH5tjRRFA,4,4
6T7MAQCekVb3UnCykjX3BP,2,2
6TA5aymvVrtiPVbuAwmPIc,2,2
6TBBKYKoB1NDmx08ZIUMRp,2,2
6TBhThiR54uzZqd8ftKF0E,2,2
6TCgbXfNTvxzTTJjKtA1FT,4,4
6TClJ8jXi3OBV7gcrU3jx5,2,2
6TFUGAC1zk57FICwy1wZNW,5,5
6TGX01ExmdHyOG72fqUU3Q,2,2
6TI4299mWjx2h9yE7Cikm7,2,2
6TLGHGuyZyU7fOOrKSDRYB,3,3
6TN7hDpwOrOaBtNJldRZz1,2,2
6TO7OzSCGJ1YP6OSXvxgVO,3,3
6TP6fgrqu2BI55tDWYmUOW,3,3
6TQS7URegxmcb8tTNpoXzi,3,3
6TSbdwlDyKMiExEpHvMfWp,2,2
6TUYIny2p8j3OmVENYFJSm,2,2
6TWcSqCntZhH5vyc35kkob,3,3
6TXnGAr6DLVYshIrMeP0lZ,3,3
6TYQRlRci6AkVrN9a5C7ne,2,2
6TZ9bryRYVFYrvmEtzAvDu,2,2
6TcpM1p0xHy1smBjxEF73s,3,3
6Td37HXpeCVelczrLcg73L,3,3
6TeJ52WYcJT92bO95BY17u,4,4
6TfBA04WJ3X1d1wXhaCFVT,6,6
6TgWP4HXj9wZyJF3yoghRj,2,2
6ThXQg3iN73renTPLocRTM,3,3
6Thn8AOHIwPCkf2O4ZgfC2,4,4
6TiiDZgtQ3xJLWzrGBWDmc,2,2
6TqNKjiEZoOAw3r4OpiCjT,2,2
6TqYadgz6qObDRYkcQe21L,2,2
6TsVhM8qIkWN5cJVDIVbbz,3,3
6Tt9PBM6oWGwVnxyzuM84j,2,2
6TtLTWOLUrG88dCZawBywQ,2,2
6Tv53iO220Ue4ZHfiLMyKK,3,3
6TzrZUKi2XFvGIBzqMGR7e,5,5
6U0GYSiAsb9bYvuOzQJLoq,2,2
6U0KYAZFsPxLxc0x0bt7zl,4,4
6U1HOxa7kRLXbx7uHd0Rgp,2,2
6U2NuJILEOEpW2tVCuqKHb,3,3
6U3PUhdhUHMM8lBqmIg2Ro,2,2
6U3aPT60I5xFkVybFIMYrE,2,1
6U5CcGwPuRfhUKY2cV9YhP,2,2
6U7BCY4VQa2A4ZXjF0VRfb,3,3
6U7QjXYOaLJ741cIWPBTyN,2,2
6U9TsxbuxwnijI6jVM6mGU,2,2
6UB9mShVLbMm0W4e6vud4C,2,2
6UDwGDAfyHhHq2JTFbGfpv,2,2
6UEJtAnGHnK5tVhoPHD6tU,2,2
6UF8VeDgJ2yfnSP58tWLLc,2,2
6UFivO2zqqPFPoQYsEMuCc,2,2
6UHfW9PmGAUjIVeIkPzPQ2,2,2
6UJTyXQvDe3hv8NQXOKOCl,2,2
6ULTShYs7hdQsmzlzFMjFb,2,1
6ULtPMzIdsayMraZMs2KBV,2,2
6UM5WX0bgEkcv1CzKWyacv,2,2
6UMJ672zCLBpuu386v9ebo,3,3
6UNwFoIOo6SPYAP6pBRF2h,2,2
6UPkgLF8SfiVmVGy5RYvIc,2,2
6URLR9SwPALBhLIURttw7v,3,3
6UbfuPifNmblRiaE8vQ08U,4,4
6UcfBPUiBB7ZeQQkwZ8OF5,2,2
6UdT0xAiyiSZaFkvM0jQkf,2,2
6UiDiFJUGEDzkGpZBL8IYq,4,4
6Uj1ctrBOjOas8xZXGqKk4,2,2
6Uk9E5Ps5FvtYDpmjZ4EeI,3,3
6UmpOofvtwr2RosrFxQ430,2,2
6Up545NUflOiXo8cEraH49,2,2
6UpWvIIiycdBPMSjGJHNEg,2,2
6UqRGwjwYL0stXbaodTxwo,3,3
6UqXM2TcUdJJD8tuHzT4rU,2,2
6Uqc4WAhVelhB3tkkjaKoM,3,3
6UtH9YECqCydglIfcEkvpD,2,2
6UzTyhhqRDeuyfinRdBgFD,3,3
6UzeOH4bRPzKTo2wCXMZmC,2,2
6V0yMpkJXzwCWBbmFmgDPZ,4,4
6V37HbGkTESO25ksBhRIxf,2,2
6V3YhAkCJYdfsAueGUgeCR,2,2
6V472EZ0ymkw3zEDOqlIew,2,2
6V4k01Xr3HsVrfqUyQSIqt,3,3
6V5RvNdSqdEDshRKhsiCEH,2,2
6V81K1OcvYgHEnCA6A2Qx9,2,2
6VBut35l7vvjb8No4WboLS,2,2
6VDdsnE5y6OYV9UTyvv8p6,2,2
6VDsq0jh9jhXY7I3qmG6gw,2,2
6VDwLHz3s2pAZQz8mTY7yW,2,2
6VGNzYErt08Rai78mLkIzI,2,2
6VGegSWgCabRxOCTQ0lSiX,4,4
6VJPFl2Jf1tnGhwaTgv04v,3,3
6VJcMjtcbFGAwZxqW28C8Q,2,2
6VLOveGOgEGUwtodsFcXP3,2,1
6VNgUdPze583ZMIqe9EAyF,5,5
6VNooTY5w9A9wg1YUsEbKB,2,2
6VObnIkLVruX4UVyxWhlqm,2,2
6VPbn4sGyKlpJb5rA08X3e,2,2
6VQW8Ye28Crwz90BIexsrF,3,3
6VR67hW1E1qUevxEAhBm9f,3,3
6VRU7PGKvnI9ioGe0o7Rce,2,2
6VRhkROS2SZHGlp0pxndbJ,2,2
6VaZ84jVkpCXUf5IFXcW2K,2,2
6Vc5wAMmXdKIAM7WUoEb7N,2,2
6VcsrxdEnAMC4u6u9ssjse,2,2
6VeihScj0pNr6uGFxfzalq,2,2
6VfKN3j3Cqb7nMWZPIX3bJ,3,3
6Vhd1f9ezZEVxc4BkZMyGX,3,3
6VhuP99TE6gYNQRJIlAWFD,2,2
6Vl9NJ9dJOObO3PcQxIaBM,2,2
6VppCXLthp6U3noHF3GUwO,3,3
6Vr7Y7H1QwEZ2JSf9enPif,2,2
6VrAgFXBbRX2PkT92lAoKK,2,2
6VrCmhRBFnuGKmtNfk4jDs,4,4
6VrLYoQKdhu1Jruei06t65,2,2
6VrQTLzzuyGIYjUDe4kAZk,2,2
6VuztO5yaKP4VjqSkZxpan,3,3
6VwAh8Z1d5YKoSWoEaV4db,2,2
6VwqM0vXcDyQZFwcmi0viG,4,4
6VyUWfImAgTrYAnYWonuhM,2,2
6W9V9PU7R9LRueBQWPUu84,3,3
6WAfYZXIKo2ufmQZQR9L8E,2,2
6WBFQMsGMTw0DPv9srsybQ,5,5
6WCH22y0yjBbL1Vyuf0E9g,2,2
6WHPsTSYhFLeX0GkvIUeCU,2,2
6WISfiNXEcOMBFEQ5Gla1H,2,2
6WN6igAeshqOoQu0q2GoJG,2,1
6WR1FDn5HIuKtV2k5rFKMw,2,2
6WRey29v6FSsEq2yiTIiWB,2,2
6WTMUBQXNEU2usO5aekg64,2,2
6WTNvOppGFPmwZ37edR9tR,3,3
6WTikw3wYizU78xt0ahfKv,2,2
6WUNfk8ULz9ZdmC9f315Qp,2,2
6WVgEuHcBrrTWFGMJHF38I,2,2
6WXvM7Ku5aM7SfdXym7DEN,2,2
6WZgvrMyl5WHchJ2YBcEwH,2,1
6WarP4oMloYg0Z8H8IHeDq,2,2
6WcRqzZZI5LcN8rpvnDswa,4,4
6Wf4UXlqxNwf2IYUKdwhbN,2,2
6WgG5Lq7qCWjzrdOScRCzJ,2,2
6WiAC2oM0a96F64xjH3YWv,2,2
6WkB2gQrYHeGfnoNWyYupn,4,4
6WkJ2OK163XXS2oARUC9JM,2,2
6WmIyn2fx1PKQ0XDpYj4VR,2,2
6WmlPRkJH68P7tmkFuQe3z,2,2
6WqrGbkeXPT7Lqz8DNywoQ,2,2
6WuqJLVZcyJklg7lIozAO8,4,4
6Ww581O9pklqs42MN4Da6q,2,2
6WwoaXSpEJ75vG1t674Cmm,4,4
6Wx88Mv6b9ofjKMKkdwOJd,3,3
6WzN3h2OjVhmBwnkUNNiGz,4,3
6X16lGke7rTFXp8nlABGS1,3,3
6X17fdWVg6fsBPafs32JJi,2,1
6X3kcyCvy2stFdKuYP55Co,4,4
6X6sPHhSGbxucFpSDPiH55,2,2
6X9m9JRk2ypGusClUBraII,2,2
6X9rlFcbOE0SsrarJ8PFMQ,3,3
6XDnRajLGcV3NUbL3fY3yM,2,2
6XEbIRw3DVFb6vQftaewOD,3,3
6XEeaJ0dCaEt6HrfPxw4jB,2,2
6XJwxVjylwOYl3UEIwgiTx,2,2
6XLck8tffACktQduEhXOSt,2,2
6XO8RlYuJCiI0v3IA48FeJ,2,2
6XPLnH0wby09UGaJYtv4NT,2,2
6XPmY4hIb1RGRyNuq0UBsl,2,2
6XUsWB19qIQXLvoIEDRUfb,2,2
6XWeO4YfQxSC48NoGkbPay,5,5
6XWxPsqxEdCt8NapLNqp30,2,2
6XblFniaIvfdIfuIlD7Ywg,2,2
6XcfKZvJio9Z0fQy11GnNX,3,3
6XcysCiXqxdBnNc06QQmw0,2,2
6Xf4KyPwUjU4C7okin7Tpz,2,2
6XimI1O15wpfwUdrCnlrxo,2,2
6XjBNMzl25wEBebNMdPMGg,2,1
6Xlnhht2brHigHH9qaXMQW,2,2
6XmBh5HSdVzEAaqzEftL9t,2,2
6Xoe3jKnSFKSzsQ8kdDT7I,2,2
6Xom58OOXk2SoU711L2IXO,4,4
6Xqzr8QjhCqUglo6JOmg5S,2,2
6Xs2DFwpoPG5Amy6kG6ZBS,2,2
6Xs7OKt6i0Ddq8B4M5Dgvr,3,3
6XsJTpZwPKMcG8QK8k14Z6,5,5
6Xt4HVQvuWd8yIgUNT4knk,2,2
6XyjwF7CAwuEaW77noJr6I,2,2
6XymeWgTguSv5cz9LuDclr,2,2
6Y1cH3RzDCMWGQtOS0HmP8,4,4
6Y3emyEoOhX606RZCrOkla,2,2
6Y57xXG66eowb6BqZfbd0U,3,3
6YBXCM0mLWNA6aLzFUNtEq,3,3
6YFYYxoLH9Aoasz0unIXiK,2,1
6YIzo8nufStVKUmyAt62Hx,3,3
6YJIXLfsDa9sR5iTmlCkoX,3,3
6YJpscoguc7e1VMZtnxtNc,2,2
6YNCQ5rhSbhanzCaASZWID,2,2
6YNdQ5utvFnK4CTAnBga06,2,2
6YNl1rXbhKvmbMrw9cp3RQ,3,3
6YPpOUPDkrcGOBMXZju96h,2,2
6YQKDQPqKDDAHm9v0O2GgI,2,2
6YUTL4dYpB9xZO5qExPf05,3,3
6YUUQapDEqBF1yP3iHlsut,2,2
6YWggRp2qdCaohcbYXSLkR,2,2
6YX6ZHbeGnt3wqhcas8YOx,2,2
6YXDfEyxHSr1IPeVImfDuE,2,2
6YYVzVapUF3UnZQ0igasl3,2,1
6YZJDrFMivIsby2R4J8mtb,3,3
6YaKD6M6fcLH5boPdcPK7G,2,2
6YcBBZVKYYRirfeAt6BeGA,2,2
6YdgS3nz9fDF3a0DQ3Z3my,2,2
6YeUIhr2njkkCBaBBrRK9j,2,2
6YeXrQX6jXWJMUHzKnA5Qy,2,2
6YkoLoloyKV14kg87C2c10,2,2
6YlOxoHWLjH6uVQvxUIUug,2,2
6YnthMWv62JY3ka2YAvCCh,2,2
6Yod9eEJQkkmWVVKOKLKyM,2,2
6Yp3K2cy35hXnWQFE1yWrJ,4,4
6YpohlI5ElexpXcBy5oPKW,2,2
6YrAf4oXHqLg0ZANlUMz6y,4,4
6YrAxoqTwEGmGI0NKQ4ugl,2,2
6YwiqqQ5xoeUkPwrn9cfEw,2,2
6YxZq8buq24e0nLJVnj5al,2,2
6Yy2ilpQKtZvTp0mkVypRD,2,2
6Z165JvPnS8PYvGW8oLGLc,2,2
6Z6KvTC96S0VwV9C16yiNa,2,2
6Z6UuM4VMs0bkKCHKvYeux,2,2
6Z8oU8xMOie24Cflh2Sw6p,3,3
6ZDqlISeQlTIW50mX2qklc,2,2
6ZI5UgjEGb82o1XaAZKLJ2,2,2
6ZMx2iR4mBPKDXThxyUWFI,2,2
6ZOBP3NvffbU4SZcrnt1k6,4,4
6ZOzWPUbMxH24uWHP1k5Eq,3,3
6ZR0mLNAI4UlU7vh9khZac,2,2
6ZRF2oj59pKnVYjHcvN2Pa,2,2
6ZT8IQupnDF9yoXSfddZSv,2,2
6ZV6lI92ypdfjeGgDQc5Mm,2,2
6ZYjDDBVdGpPCODBW1LK8b,2,2
6Za3190Sbw39BBC77WSS1C,3,3
6ZahaGPhyiXTi1pLEtGM6e,3,3
6Zc5f20q7sOe1IC1c1jQvZ,3,3
6Zgn6YnHMhWnNz5F13aKfF,2,2
6Zh8RyaIF8MsQ2os943OB7,5,5
6ZkeNE5zlcl13PbnzXdw38,4,4
6Zl70PzCqN2t5QVrCuQytw,2,2
6Zmrewk5OEQNZxlkFpvTi3,3,3
6ZmtxXUXRVjxOhugKkmerC,6,6
6ZoCBDOB308GqUdt2AJrV2,2,2
6Zrv18KGXIISGFDK88emXk,2,2
6ZtGz37trOaizvitAyHa5s,3,3
6ZvHLqK1T4EVzWx372MHto,2,2
6ZwTqNc7Ln6Dhn5UKNZJHy,2,2
6ZyEZpsnv8mwiMEeNRK2oq,2,2
6Zyz8lsnMFpIrCTuvGurCB,3,3
6a1e2CD4FjOhk6bDnzlg15,2,2
6a23CwL8bVeizmNRR9AACs,2,2
6a2wEyecNdSGVVdUcYUZ86,2,2
6a6hIUCbzYNQgxGFae2iBX,2,2
6a8LfgC5aAaHNhsQcGQY1r,2,2
6aDsgHPZsMztSbZernzlF8,2,2
6aGP0AAF8iLyoGdLRpuVoZ,4,4
6aHFdm58mPF4YPJX3FgI0z,2,2
6aJ90LBl96bly9zuEH1U2X,2,2
6aKfcKMefIPVzclCG6QSHX,2,2
6aLzDW8TlgccoWycY99mfU,2,2
6aUEWZkvcTFOpr8viqbRza,6,6
6aUN5gXfkXKl4GBiVTLLZI,2,2
6aUfT9QOcTHhxLNrf1aVR8,3,3
6aUstpsARWZwKY7x2wKvtI,2,2
6aWrQuLEvVxUUKQQLxGwc9,2,2
6aXbJYFsFav0JsmaXx11WQ,2,2
6ael0a5FVQXGupOfzpkoOB,2,2
6ahKJEP3jK2TnDUwHa4sI9,2,2
6ajujXL9Ak5kowvMBDaTc5,2,2
6akVETVeqqPVvuBS5e0EB1,2,2
6alUOXeJ3T6vi8dkN8QSbi,2,2
6amuHJMQe1m2lnri4bmlDV,2,2
6aohbLHV7VC1QcgwXPcwjO,2,2
6ap82DD5UEs3e63CqGiioP,2,2
6arE1lr4B2jsrWP1GBIkYH,4,3
6asqetBiSgmO89aqnXbuhT,2,2
6awEFGRJn9q75S3oYxnJEs,2,2
6b0niK2zmoE9kZY5HkLGen,4,4
6b4KNIsMmd3J5pR9BG2pes,2,2
6b6CdXY3wpG7OFtp6FOwLz,2,1
6b6HudhUkFIvlDjyuhiEBE,2,2
6b8hTB8Z3kGpbnfM68R76b,2,2
6bA5Bt4d2drlsBOYAghABi,2,2
6bBZw995lxv3abFz4Beada,2,2
6bGMSP3H9YqkmaLnaJTIoF,2,2
6bGyX75xUytV0Ze8CY18UR,2,2
6bII2soeyLixg1Pwpqd3Bp,2,2
6bKJa5bORXxWaEZUroSni7,2,2
6bKr1OdjfJq2zv297uQlCq,2,2
6bPPyigCphBBQ9781j6eKM,2,2
6bTIXeF5mD2ehZJH4CflWj,2,2
6bUfdHKkVRLUaQZKoKJpmw,2,2
6bWj1Lr2CVhwzshkp42As8,2,2
6bWp6koT8nuANBLyyh20gB,2,2
6bWpIjXBVrGNDW8eNcXC1n,2,2
6bXuTbOQeHnTobLDUpqPpu,2,2
6bZuZKR8hoyzZXNh1IW2Bu,4,4
6baNApA1wwoJw54LHnVNSu,3,3
6bcIyAwnUIF34YelBWqMrS,4,4
6bdpj89aYEBjhpsenXAsmO,2,2
6be4zs74UAntMkWpfdmwXt,5,5
6bfDSsy4wnpn6B0de8Qrbx,3,3
6bfyfZ0UV3K9Broh54iXaw,2,2
6bfzJqCmmKyn7GQtgnfWd1,2,2
6bk11TH82XrT5QUC1gDw9A,2,2
6bpQHub3JTcxtKUnJNbcnW,2,1
6bpmBNPfQ2KFAW0ik6F9Vq,2,2
6btegcu44HqquqArljhFxu,3,3
6btkdvumrTmcFzy3oFpZqS,3,3
6buVxRwPapLwrXwIsTiSfm,2,2
6bvZRLLkBKkmgpBJTTj3QK,2,2
6bvdvPioSDH8RmRYzjsKiX,2,2
6bw3WXPnJuyk42dtBuRhrn,3,3
6bzWr3EpSEolVwlbLk58il,7,7
6c0I7CfL9ziGZN8yYkLppP,2,2
6c3fEqmGtRWXaqANTlwV4o,2,2
6c61kVcF2zmFExhWYwDrDX,2,2
6c6RBn0firlqADbfSoqctb,3,3
6c6WreivKNC4zXb00lUJtI,2,2
6c7N5N7amAOpeMykjlovjI,2,2
6c9EGVj5CaOeoKd9ecMW1U,2,2
6cARFkZxx2JR3JlvDzeLZc,2,2
6cCLkL72zw70bOVV88D0Ep,2,2
6cDWbP0Hn5kXwZlMtWysTK,2,2
6cE1curXkmm1ad2TeQmzdx,2,2
6cEwA8cYxwG7jn6Dm3oEGr,2,2
6cIYjXRwQwKnZas3JE3DFT,2,2
6cL6HzoCFKrW1WiDkmuPsW,2,2
6cMa0G311OqrInQCboBJuI,2,2
6cQ8IRL1UQR11v4wD4wjo8,2,2
6cWL1DzfiPlYE9Xk9eML4n,2,2
6cYJBIE9FC1QAoPw5EhdLA,2,2
6cZGk7b1led3OdACob9rbS,2,2
6ceypJqP0dr2LDpeZpSaXR,4,4
6ciK3ADaV9FuTvMvDwYD6R,5,5
6clzeGvi1CFioMOolbAOlX,3,3
6cmPjiylmkjv2wiBCx2AHz,4,4
6cpbVrZueaJIklHRs9cGFI,3,3
6crktQjVBWYcj8GPw3O31A,2,2
6cvDQENZlOeBkTBJl5yUdk,2,2
6cvGDClEIomp5CfKY3pQuZ,3,3
6cx06DFPPHchuUAcTxznu9,2,2
6cx5CvFhqN19efStehJqoW,2,2
6cyntFdDRN7KRDvMStC0Vj,2,2
6d0xPGYOpstGJ0vM3QEd7Y,2,2
6d1AuFOL1YBzLcruapNbZV,2,2
6d3RIvHfVkoOtW1WHXmbX3,3,2
6d4D1TS8v4WDJYBSNC7nol,3,3
6d7P5lj2WtXBSsXHeim0Mg,2,2
6d8bSFJVNYTAjBX89Q251j,2,2
6d9PUQV8z4XFFot8HVlrBY,2,1
6d9c8VM5eMaUheUwkwOTm6,2,2
6dBUzqjtbnIa1TwYbyw5CM,2,2
6dCQzQULhKa0uPnceMfgTZ,2,2
6dCpB0vj7xrBMyOH0mDuNN,2,2
6dGnYIeXmHdcikdzNNDMm2,3,3
6dL5J3pfax49nEyvqz0ZcU,2,2
6dLnAfi800mKEj2xryXQLt,2,2
6dNJ3lasVLPd0078T9yqlm,4,4
6dPU6KFKAPoRDi2fI2TQkk,2,2
6dQ3lcQG2MuIQ0P7GSYQeJ,3,3
6dR1uxzRh6aewJ3WQg0GY6,4,4
6dRsdEZecjy9nbGPYxLaPL,2,1
6dXkRum1Z1YKCMBi2n90Oc,2,2
6dXkX4y7QWoTkhjAnjRw7h,2,2
6dZCuf6SGn2rh9q94JBLlv,2,2
6darP2PR5PxDHrQgCRO1Xo,2,2
6dgYHmc5yBnQFI4FSCbp6y,2,2
6dlaRHrKIA1v1jBB7wE4VP,2,2
6dm9WLQPqe2kp5wS3DlD1n,4,4
6dnPQD7riP9K0ub8tbFJV5,2,2
6dr4yfIX1gO7to68cDcCsp,2,2
6dsmAUGQAng00srCMvfd8z,2,2
6dt2cKnkL79xajOcCutBUn,2,2
6dwR06Edc87fGq9vpSBBtJ,2,2
6dxbdD5E6SILwAfBk5NTC2,6,6
6e0B7ITqkaCCJW1ptBfywC,2,2
6e1Df4Yw06ia1QssjIigj2,2,2
6e1zLLNejXXeixGi156Lqc,2,2
6e2YNCn1sP5eqnUe17vtxv,2,2
6e9Ew4AECYwY5Xgs2ZKMgp,2,2
6eFlqtmgYckrLelrV4oc9C,2,2
6eGTANo4ak5Tb1FCBLtoFT,3,3
6eGiN7AOFxQXhWkORV0E9f,2,2
6eNbZHgy85Hsw6JGME1j6P,3,3
6eRXTPOkr0IJ7t9QkYR9YV,2,2
6eVwaToHDpGJGlLdeu5fVB,2,2
6eXFl418w8hsxKcLgv1jwJ,2,2
6ealTEwEubl3VIyykylTCo,2,2
6ecXZdsvfOQjjQcVNs4WkN,2,2
6edmuLPWQ37plKe8WwfN0e,2,2
6ehaWPjsNSf5HWOXTEFSUi,4,4
6ekLy1OsrYdLMbcqc0KZ8G,4,4
6elDvgK5qSrVcSf8dAkzGf,2,2
6elS1hjDuq1iag7tBl5rE4,2,2
6ep8wzWVQz8FTbVrqA9zr6,2,2
6etAsc19pzAmugWALZjpDo,2,2
6eusWfAal7mOOLr0XFLkiY,2,2
6euwgOanJOzsBeZUDTbx29,2,2
6evpAJCR5GeeHDGgv3aXb3,2,2
6evqur3UoNFDzJp3eY86dq,3,3
6exH1RP0wkEQgfHJ3rd2mP,3,3
6eydzKn9vLC57U9iToAwJD,2,2
6ezauvJT4kX0UvmntXdGQr,2,2
6f0BCLXP3ZZYnl8TmaoWCd,3,3
6f0XqZKDhD5EOTziuKYyq1,2,2
6f1oG9hTx3NETgV6q4rkw5,2,2
6f1v7wq3JN2BnTkYW6xjRr,2,2
6f3ANRNQ8nCiPZ6VqXqq93,2,2
6f3Slt0GbA2bPZlz0aIFXN,3,3
6f4Bso8yLJqyMGJsaUeyr9,2,2
6f5ExP43esnvdKPddwKXJH,2,2
6f5QtSk4rb8HUO5vw4sWDe,2,2
6fCuXxMlr6Wz0MzQgtQLgd,2,2
6fGSHpEipD1YjtLLChnBzW,2,2
6fO6QFBBG58vfmBpiFVh0X,2,2
6fPblqm2OhtEKvaUEQzLzJ,2,2
6fSNK6QlZskYmKTvJnNH5P,3,3
6fScgF2Y63ScU73nYju0ny,2,2
6fUyCEJju5st7aDoN1nDN0,2,2
6fWPfWp91MNApspbIyQG8F,2,2
6fbCGwvj2V5JXYFovauhUr,2,2
6feurIHW6vyqq9OGOieSVo,2,2
6fgmNIMwDdLQrNzu4U8pcU,3,3
6fhGeOhCuAECkSf1P1gaTe,2,2
6fhREmtQ6u923XlvcnaNkD,2,2
6fhmLH3luSMJNEXiHIPrbd,2,2
6fkjiRiUOO5UTUC5hPwqcB,2,2
6flEDs8jmQ47ZSFZru59Fz,3,3
6fsHeJsRAscaPO6Wi8zwTX,4,4
6ft4hAq6yde8jPZY2i5zLr,3,3
6ftOplJ5oXrn7aqDIvrCwY,2,2
6fxq63aKjMmi1WMI9iKX5w,3,3
6fz1H1xvH7uUycVKUVUHwb,4,4
6g1UvHUkvQU264U6G1N98U,3,3
6g4oYXbiCRAU8iPIAPR5Rm,2,2
6g9hULFpG1pEyEH6HRMHaE,3,3
6g9qibs8qNFnG1dFPYp48V,4,4
6gAoypqlPJ7M07G7eKrBWA,4,4
6gBFPUFcJLzWGx4lenP6h2,2,2
6gJKvK7qlt0TvwzwmmATK2,4,4
6gK2gR0uyFFYJ5sKH4zyjx,4,4
6gO4yNamLxHxuno660tD4j,2,2
6gPPoRYJwCsoB2VVdPJfmo,2,2
6gQJAUHKEVpnSGtfcwZ5Pe,3,3
6gRHFhr81eJui2ybVskzI9,2,2
6gRNHsOFHyfAq5OJkzDT7M,2,2
6gRiwTlKLG2lHyu1M8Iwh6,3,3
6gStKpgo3H7cC3gYaUqcup,2,2
6gXrEUzibufX9xYPk3HD5p,2,2
6gYx4SBZz99Lwn6V5iDll9,2,2
6gZVQvQZOFpzIy3HblJ20F,4,4
6ge78YSB7wKmJy5zds5oeE,3,3
6geDG6zrcBSqg5AzTFtTlp,3,3
6ggH9Ph0LiwqfTKZCtt4iJ,3,3
6ghmPHtzLrErgkXju7ZDao,2,2
6gmuILX9ZEUWVmUaPcJrpR,2,2
6goI3Inn1Uc62PZfWBQ3ok,2,2
6gpcs5eMhJwax4mIfKDYQk,3,3
6gq5YInoFxEUT13bzu9DyC,2,2
6gqZzQyJfKqdc9boOILz4x,3,3
6gwnKOvdBKkTU4CQ7KpIAu,2,2
6gzVD8bO9q9AgF2y7gOAyV,2,2
6h061f44HZPj1OXO2nA45d,2,2
6h42EOe5gAnvMehjTXzltJ,2,2
6h4YWETL6DAEKpeSr0CaGu,2,2
6h5PAsRni4IRlxWr6uDPTP,4,4
6h8NuIBrwMcXkoLZNPqCzt,2,2
6hBPDTyokEZHXwADGdJRMQ,2,2
6hF9F76wq0rpXxZxvmEA2e,2,2
6hFeEa1XPaw2bbHi8eFt4x,2,2
6hHKmuoTP4S9Gqf6T8qUFb,3,3
6hNCDSgYDBai0E2AUSaz9f,2,2
6hNjGPE8S1No2Evu4aPLjL,2,2
6hTlfgh8zGrpJ1ijRXxUGK,3,3
6hUwGTijdC5SRBY9nyQJrO,3,3
6hVF0vHExRU8hD7cU8hFqS,2,1
6habFhsOp2NvshLv26DqMb,2,2
6hb6tZMwumbYoXVxwEsWRk,2,1
6hcLYvfxMza06MURBFi725,2,2
6heynKdZXxOPe4sC6xOpQo,2,2
6hf0RpxTbOprT5nnwzkk8e,3,3
6hfeUDWuWzLm19VEMBFXy6,2,2
6hh8nY4fmUxAlDrKk5m89u,2,2
6hjh2phISvfR1Ib6S0FK7b,2,2
6hkLuLZ3x5hb5Vr3mbScZF,2,2
6hknftJ4NeJK6xywlbkbEL,2,2
6hmhG1b4LEyNuashVvuIAo,4,4
6hnyzfuGgBDnUhw3TaRac1,2,2
6hp0VLqSgyltDUa7gSCGS8,2,2
6hqeoMeHQfrNiyYmuUMs6T,4,4
6hs3SDnbO3f6VQuPO4KBEb,2,2
6hufSKKiNAOUdS5JVym6hu,2,2
6hwQ69v7VbPhTTR2fOtYX7,3,3
6hwWPRDh6wL6VsemOZEsl8,2,2
6hypt8VPJxeMXTTcRUHS86,2,2
6hzl97YCTQpHzaCi1AJD8D,2,2
6i1g5ZRmJZAkDwBaUZ3f2i,4,4
6i4Qi1mJxXjqNIL9HfJhRs,2,2
6i6lj9qhRtJ51a8QH02Pxm,2,2
6i9997Q9R4M7RuqQEHq3ed,3,3
6iBL6TOzsO75Yz0cG1MO0o,3,3
6iC7vapdKp0XlKhxOkp8QJ,2,2
6iCMs0adidMqmXJTIxxJkU,2,2
6iD0NYHG5tvHkCTZl3nJn3,2,2
6iGnVMtuISrHb0SQyGe3YA,2,2
6iIpkGs78lt4HsmUFYgak8,2,2
6iItThBHJPM3H7JOHx9gn6,2,2
6iJDhOaOzDYDyGhrI7S5qV,2,2
6iMzy3mIG2zVdMR15A6HmJ,2,2
6iN8NWFMRqsOexKaLMNaGo,3,3
6iNOsIMBxXGOZnFqCMkC6N,2,1
6iNhl5IcRJfm3F42plOPA4,3,3
6iO9zQyoHPm0fnBM66LlwA,3,3
6iQmwq05YUi0OvEUJ2H0hk,2,2
6iT8cVghfrFncA3G94mmyU,2,2
6iUGnSHReCwgHA00XVKPPe,3,3
6iV13NP9lCy9tCrmGt0wSQ,2,2
6iW38RGqdDGOofmz2HeXLW,3,3
6iWEhoALoBFnQMNVhYY0Sc,3,3
6iXGivPFpsqKmrINhIbPvx,2,2
6iXWsJhve7nuPnvfz0pi2m,3,3
6iXXwXnXktrdJrGbiBdBvp,2,2
6iZVQLI9gs9kFRnmbQLzHO,2,2
6ifUES3keWjwXgae8pXI3o,2,2
6ijPGzgs3jqHokPhkhPpMh,2,2
6ikLavFLZeKyA31uxx3nHn,2,2
6ilTR3RpLCAHDt3Z6YuQGx,5,5
6ilc4vQcwMPlvAHFfsTGng,3,3
6ircokk87I6fpViV4zSQRX,2,2
6iv2RejVrtRlzbz6XfLD02,2,2
6ivbiUcsWJZbD78evhKBkW,2,2
6iwp0xbFBJE4KrktVgMYY3,5,5
6j1yDGV547WxP9NZQ44pUd,3,2
6j2HQ1kkjgx7y7bEOq4Kgw,3,3
6j3SCtszgNX4AqxZZntSTy,2,2
6j4BH7YeHTUesFmqoRrYLz,2,2
6j5yTgUdDIUf7UPWwfcsMh,2,2
6j687kbcAKfXiF5ebaFpeg,2,2
6jA8HL9i4QGzsj6fjoxp8Y,3,3
6jBjT54uoj1ortBRNOKXaj,2,2
6jDTQvwOkgUhS2PMbVPgEr,2,2
6jGiHVW9JI9k9WT47k232K,2,2
6jGnykaS6TkWp15utXSAeI,2,2
6jKpXbQ5PxenIvYXp1l7vI,2,2
6jOiD9tpPliT1PUspv62FS,2,2
6jOrUDc3NV0q9VboBIKeLF,2,2
6jQKGUAuckcVdVwWdjATb8,2,2
6jQPolTBq89z9AHrMrmYpS,2,2
6jRq8gaZhMUyy5RclRPcAf,2,2
6jWLyg8AuMQ9LtIB2UlfOF,2,2
6jWSUiDx2PiV8kgugdz29D,2,2
6jWp894FQdLITbdZFZrUq7,3,3
6jZBvlt3xG6gdPh1vFMBhs,2,2
6jZeCjc01WUhtMwEmQLlhg,3,3
6jZp2rNTYVlKwt20aMIcot,3,3
6jaJfp0EPr7m2FubqfO9la,2,2
6jdRxKohu31OPlHvcdQCb8,2,2
6je1dnckDvoE04VJtC5zww,3,3
6jgkEbmQ2F2onEqsEhiliL,2,2
6jjYDGxVJsWS0a5wlVF5vS,2,2
6jkpnvfMM9pEWYe68yNIYt,2,2
6jmTHeoWvBaSrwWttr8Xvu,2,2
6jmbmsPYXhA0HHQ7LSxvyD,3,3
6jmf4OxSGzdgthZruXtcqu,3,3
6joEpIEWpZYrezVvqrbvxy,2,2
6jsoaskE0wunyXLpHriyEz,3,3
6jzcEtCzGYnslrheybOMoc,2,2
6k0X05danQOXSBTVek5DU1,4,4
6k0rozlo2pjajMJSV26YUE,4,4
6k2lncPAlexjCzZbsLG1Cn,2,2
6k3XXCE1ZzwevQlxf8dNaw,2,2
6k3lATWmM3Z9TJvrzDHfga,3,3
6k4f9cRrCBLxoFQGZHJ8QX,2,2
6k5QsifpMWtY5ilnzBZ0u4,3,3
6kCDp3zpRoUnmyujZBKbjK,3,3
6kCUltK82zQAwMWkzqK5q3,2,2
6kD7n19O9VEYQwENniEvPi,2,2
6kFw39z6YQtgAJ8kOX7abj,2,2
6kHjMdhMOz1Y84X3DHvbni,2,2
6kLC6dq44QyIlHGdVM6Lb7,3,3
6kLE4Rnz6Te74Qu4hokQKt,3,3
6kMFHQS3PwUhtJzqjR6tez,3,3
6kNEXB3Dkxi0S5XnK8OGOu,2,2
6kOuIhlzgPlqlrWPudpSHL,2,2
6kPJZM97LwdG9QIsT7khp6,3,3
6kQWmc8pD47x343LScCHCc,3,3
6kRZfOZSuoi0Htg6gROKDz,2,2
6kYZXHza47jqW78T17U3G0,2,2
6kZfjIUmJqQAosGKyOcOIk,2,2
6keP0AfCE5v4CTI1E5nrLv,2,2
6kekHWEQ4SyMe5EjYAlveP,3,3
6klFWv2xDGeTDoiKTtx4hg,2,2
6kls8cSlUyHW2BUOkDJIZE,5,5
6knhkGeI2ukHjNfo39E7y1,2,2
6koq1DWY1e6JVFy7wQgYCo,2,2
6kq7CvFFZusechOUuuMftM,2,2
6ktfvSd9cnC9ZQv7bnif1B,2,2
6kucNn22HB0qb2ZPa1BrNl,2,2
6kvhj6gb1jbVmaTqyRgfvp,2,2
6kvvMuXpc0njRRmx8C27N8,4,4
6kxaaIeowajN7w21PfMLbu,4,4
6kykAmLzRQI5ozXjujslWo,3,3
6l1VsKiMyaUWElFrM1rsuu,6,6
6l5O6RzzSuCnwTjy9KQrdm,3,3
6l8mSWXw3Jy7TvM0r8W6LR,2,2
6lAZBhpYBqxuiM95lMEjGp,2,2
6lEhMz4mESjFFEhvwleO1R,3,3
6lFUdRItQEsEuD7dSINL47,2,2
6lGHC5DviOoqAO1pkBOXG2,2,2
6lHlAlwFhEVKmYuCdln6e0,3,3
6lJ36Dcn9YWs1tP132Zgvk,2,2
6lJ4R2yQFUCevI7hVw9vnC,2,2
6lMP5o8aLczm4PrV1WkuJY,3,3
6lOWoTqVnAWXchddtTH31W,2,2
6lQw8YVh9sXbzcOBzyQPmK,2,2
6lQzNJLgIn4uEK4NUMUcjv,2,2
6lSPwGVUg40KxFwR2kV15Q,2,2
6lURqRzgfuHN5Czub5w9Px,2,2
6lUlLrJW5bATw2sbVFpPS1,3,3
6lVtX3nLHyWZP7aqU9HuVW,5,5
6lXGbcwR3ApzJlivltjolp,2,2
6la3Kme7O7D01fJPxgpAS5,2,2
6laLzRAweI0HEOYDMO4Kds,2,1
6laMXF1yMj9jCi8j4OSdoG,2,2
6lanRgr6wXibZr8KgzXxBl,3,3
6lbu0pkP2pG8pzaY22Qdxw,3,3
6ld4zIPweVl6KxdzdRivr3,4,4
6lePhNNMArBmIlN6CcXV53,2,2
6lkVbijlh932FSS2I0gDrR,2,2
6lmmKOEjpbMr7RfC78PJvR,2,2
6lvJDlBrtabJWiBlMTGxKs,2,2
6lvXCTiPKfgrvUjxKjd7Ds,2,2
6m1A74FqvZFF9zRTI23P8I,2,2
6m1TWFMeon7ai9XLOzdbiR,2,2
6m2Ttdxo6kUDVPQDDcX3WH,2,2
6m37YblnnlJ1x7DfTc3Vj0,2,2
6m3DkpGqoeQJxfekL3ZLHJ,2,2
6m3hSSDwLUUsXEf6aPtH1m,2,1
6m8SIT10j41SPpPFOknTmP,2,2
6mAEGwvlMfcBoljHZfKttI,3,3
6mCljAhAwsKTCsdaA0tIYF,2,2
6mFkJmJqdDVQ1REhVfGgd1,2,2
6mLAQvr7hVVaTLsTTEHAzH,2,2
6mPet122yXpp6X8iTiNVo9,6,6
6mQD0vGdFrQMeTADOSIEwx,3,3
6mRBgY035bPtHXGen5XsYg,2,2
6mSDD3nBMVP0ZwJoLakFYo,2,2
6mTnH6xSYwKohtsO9RFzcc,2,2
6mTvwBzWTGDOVeCNQEqtOE,2,2
6mUHPv34FUMhYVlpytiwdp,2,2
6mWjigY0qRovTKN0GsgPIe,2,2
6mchtho7otjNIYcPPrYZyj,3,3
6mcn8yWhqQ1nkfVAHVXFrz,2,2
6mdNaF8hJu60XXXXyRLApe,3,3
6mdNaH0NcBqAf6X343agug,4,4
6mmGbsCqf5e8vxv1WodYIG,2,2
6mnuDGSAq3FYQrn8KxNPsn,2,2
6mopp3XBL0cu6odV7RhVWy,3,3
6mtcicUT52CuOv4AAeE7Mm,2,2
6mwHS78L18Da6HRO4HNo0i,2,2
6mwuLb8sCidiHPtpQPR7z7,2,2
6myTigUAh8oKT2iQUNUHIL,3,3
6mzJEAV0z7hxp7IZgTC8ln,3,3
6n1vYUIisGSlawZTVgy2Po,4,4
6n4GPNskH2O3n8vm3NbxaT,2,2
6n6efRiF8G8IO51hUlSxWN,2,2
6n6zJJFmKJ1DoKq2eMCbEb,2,2
6n8TMVyFKoUmDc4apxceRD,2,2
6n93z3R9XhARc2tZvIPtmC,2,2
6nEkxYIEnrbYH7h1hJ8Xn6,2,2
6nGVNcm1jBvgeNmYcxWhW7,4,4
6nIXU4XGOmCv7WEItFV2cp,2,2
6nJi2wdbnVaMKCWoeHbMni,2,2
6nLgmEbLM3XD0HMrpmrNnr,2,2
6nLvaCZFR1wEzW3sIKpsnr,2,2
6nQanke7CG03HzTKpjXlhV,2,1
6nSnDI2EvwXocgjj6hwQRv,2,2
6nW2ucfxkjeb6IeKWesbPJ,2,2
6nXIYClvJAfi6ujLiKqEq8,2,2
6nXwthh92R2HlnyBWtHgHP,4,4
6nZiYSBwPQ7fYnVWkkkj4g,5,5
6naCXLqx0qvSnYWkrbioFm,2,2
6ncsVXsY8FaxpK5yg1eMHI,2,2
6ngu6sBaJMM05mAVATApZJ,3,3
6nmukSDAmw3XtbGKGD8056,2,2
6nn2kLJSubw6VUIkLIc5JF,2,2
6npUdmcsfp9yRa65tF0PUH,2,2
6nswV1Lz3OZkaiCJfmVUOa,2,2
6numlOA4nPr8Hb6YwBpspl,2,2
6nvVrOYJKgeLHobIFrA2w2,3,3
6nvbYcbL79UQ5VFKE0aeeq,3,3
6nzXkCBOhb2mxctNihOqbb,2,2
6o39Ln9118FKTMbM4BvcEy,2,2
6o6xE3VDvRdYv0l4LL7Tu1,2,2
6o83OvL2X2I9YjTreREVX9,4,4
6oBPzKy4CmsnROO8vH8MjA,2,2
6oDfRqEbg2gOf64XSwgfCF,2,2
6oJ2Bv9izAD2mPy8zi6Ypw,3,3
6oJWYwInc2wnjNLUW4Vx0T,4,4
6oM4ryXpuZmbFfBv2sEe7v,2,2
6oMZhY0f1ReI6AJDDYfuSb,3,3
6oNLtf8Ri1ADGCu6WSii1p,2,2
6oNU9YKF6xVDQvOB2TrYV8,4,4
6oNcphQ4QKhOK6QYgDmoht,2,2
6oNlBZwqefXprM721Bmksi,2,2
6oPr6TGAUyOcMIx8ABhEtW,2,2
6oRHRkQigTzJ3KwpO3XOV6,2,2
6oUDN88DZ8XKIVDfJEyzkN,2,1
6oUK2k9OJ0WvmVveyauFB7,2,2
6oVb4W2lN3MxElztZx6mCj,3,3
6oXgRfFIvzWe83K5la8oI9,3,3
6oYkwjI1TKP9D0Y9II1GT7,2,2
6obKfbBp4fdgUMppwgg837,3,3
6ocbgoVGwYJhOv1GgI9NsF,2,2
6oer8T3dA9q0T27HBzKUVJ,2,2
6ohzW6SWk4erB5DWFGUPaK,2,2
6oioIUu0nD9NVElgV8z1l2,3,3
6olS0TmHmsGr0hXtcBsiVM,2,2
6oloWgrErtc8dG2WiV55gn,2,2
6oly99hlunwnWWWXB3HwNv,3,3
6onok9bXmlQDiHNt1eWZnN,2,2
6op6oqy6YayTHBwq9eikH6,2,2
6osLH2yLhpwuESclKx84sg,4,4
6osaMSJh9NguagEDQcZaKx,3,3
6oshufDccwvnIwKCvKayb6,2,2
6otiaV2fagE3s8IvP6WkwG,2,2
6owgv0LAj1TXamMop68UQR,2,2
6ozdSeARbPqVWRZkQ3RcJJ,2,2
6p2FWxVjl6PukdBMVk929o,2,2
6p5xqRlCrUcRLoK3YC9ldV,5,5
6p8eFfPw3nQkf37aT3AkmK,2,2
6p9Frj8pPOCWol6HMFihSs,2,2
6pD5shyLA2WIMgeyLWcb6A,4,4
6pEw5btuIQZGO4Rsj963Wm,3,3
6pEzb2WKU1YQxRIHc6k1LG,2,2
6pFjkMjATusw4VfpxZ6tAy,2,2
6pITVFNDtH0Z6jwppO7K3b,3,3
6pLGlx4YsixWd2MFCiueXE,2,2
6pWGHtczyTWCbbSp1lba5D,2,2
6pbhLLm1pujzVKaVVaPSIQ,2,2
6pf5fo5TRyimTOKSTZIP2t,2,2
6phUiTdE97Qq2sPNvbAlLP,2,2
6phvTw8jPSP9U8VAKnvDmO,2,2
6pjHmiYX0lAHAdlGQ3L3J9,2,2
6pkRLVS9TJKKFzEyZI7QFv,3,3
6plpGZ7TRQzo8BTVGdBZ4d,2,2
6po0MzJTuLfaVLGKQUthGw,2,2
6pooRNiLyYpxZeIA5kJ5EX,4,4
6ppDxOHyZT1dvnIBp3UY7N,2,2
6ptxa6he2S0XKmbcuaiskL,2,2
6pvpFQ2jaI6oXAswo3GSUW,3,3
6pxElwU80zhjbCC77Vn8EI,3,3
6pxHNrK4uCMz6Oyv63xQwd,2,2
6pyex9B1kBoRIuabBAc4m8,2,2
6pzlnyHTVYi5FOmrgOmC95,2,2
6q0hRmeFLlRB25616BLhgy,5,5
6q4IEBv1tWq3MHIBnCYYSS,2,2
6q4aoWgTQ8td2AvqQXuFqm,2,2
6q7UC4HeG6alZZUG2TI7fd,4,4
6q7bXTv3yBedHblKRoC5uu,6,6
6q8AvEr7oG3tgmmtI6O2uS,2,2
6q8y9CRGqPCz4Waajo9zAS,2,2
6q9XTgfWilsnyiFofvYrIF,2,2
6qBpthIknZtYitTrJPdho2,2,2
6qCNaRRr5xJALfNJvh0NAw,2,2
6qGIp3SdhIzW8A0MWeJEcW,2,2
6qK47Oa7Vbumzeb69KuMhZ,2,2
6qKr5DEHMhyD8HugUyD19C,2,2
6qLEOZvf5gI7kWE63JE7p3,2,2
6qLM7FY8SPWYIyKKhzzVO0,2,2
6qLkMLUIkdtX34gHF9sPFL,2,2
6qMcBfQ3Dy3Cn6q27tcQDR,2,2
6qMj7ctUqGyqWaSh62I4I4,3,3
6qO260PuQGnxCQ4SRrSi6M,2,2
6qPDwNS6lO6fDSHFtz41a2,2,2
6qPrXR8hPLcfwTe7HEtnue,2,2
6qQBEy6IctIb8cm3Q4SG9E,2,2
6qRNOBXVif5DFjX4ah7pma,2,2
6qS40yL7kXVoChI8SSCQIQ,2,2
6qSn3UidshFbbzxhvId2wf,2,2
6qVA1MqDrDKfk9144bhoKp,2,1
6qWGRBzQMq6DXovBZMSE9d,2,2
6qWeqJ60UKUr5jET9q5RA3,5,5
6qX3zkcaTiA3ZYfrLJGXVL,3,3
6qZHboU8taloAnoQqnhPYX,2,2
6qfdGgNDYcsVdG7RimLhFk,3,3
6qkoo6SQru2khgh87tarNT,3,3
6qnULXVFGfFqPj0Hpj0tIG,2,2
6qprRDt6zULzmz2IuflagZ,2,2
6qr0PaTKHYx91UPfMTQxdM,2,2
6qrb4ganbSTzcDDOo1pzMT,2,2
6qrifdo7QINdPQr80IelGi,2,2
6qrjTwGCB0fnixuaXi7JLQ,2,1
6qtDW5A9dgCyjhQZSGRlcu,2,2
6quygE0BQuMUY861Crte1N,2,2
6qwh96ZT5T3sXocuNHiDT4,2,2
6qxOL5Opjw8rVp3xMsR9os,2,2
6qxqttcwmFodaFyhaCvIiT,4,4
6qynl60zV0oHvGY57xXaG1,2,2
6r0WuK50Lpu9u460x84oBn,2,2
6r10S0KFJcsw81QCtUnn7L,3,3
6r1Rdp605VoB2NoEVx4mFW,2,2
6r20M5DWYdIoCDmDViBxuz,2,2
6r2nyJk8sEfUebIeWu2Fzk,2,2
6r7puUYzh1BMIwM2hcEzoP,2,2
6r8DKNt9BlrOICBpqUVlsP,2,2
6r9Ice11we6LCIRKtq9SWc,2,2
6rAGFY9D3ah6Lb7fUgbNNH,2,2
6rHDMFYZMwHeQZ6084qFHq,2,2
6rHb9RpCMtnHo57wgJsh44,2,2
6rHh8urosEFRI67xVa6fzU,2,2
6rLEeo9rNT87t2xHry8xUl,2,2
6rLd9ykKL0GubTG8PDFxA6,4,4
6rSNgGImNmGPcosJiPLgzs,2,2
6rSuL1ViLO7Aljn2WD09s4,2,2
6rUQrLcM0TCdSSk55Q3BCN,2,2
6rUp7v3l8yC4TKxAAR5Bmx,2,2
6rXn4Pm2CXg2RRxPvdLZHz,2,2
6ra25IjyymNXs7FIurUj5o,2,1
6rbkRZKovJISNCd5cZtOMP,2,2
6rdoaL3Xt0OStKddsht0sG,2,2
6reypLSfvgiVPl5MFvSNrK,2,2
6rfahvufEQDIVTHJIU2QQB,4,4
6rgSSesTJGyjQuvx06l3jU,2,2
6rmTI4qrd6b2iJddcCJy3A,3,3
6rmlfJjZ2kmMIjKFtOQWjZ,2,2
6rpdxmNNNCTA07YGUQsqH4,2,2
6rrKbzJGGDlSZgLphopS49,3,3
6s0NHplywwr1IjnQpUpWJk,2,2
6s1AU3GCP1FWWtmADl4B2P,2,2
6s2u8neVUCKOxvKDW6ZT9o,3,3
6s7PleW93OfE3YnujL9yxw,2,2
6s86N7LVaJZuU4alwKp6XO,2,2
6s8k0dbZ7TfnLA8J6fJ6FL,3,3
6sAKc56i3qGXq1Y8fniOnf,4,4
6sAiL6OJWlehiYXwLjVN2R,2,2
6sCtkVwY1hRM1IY8BI1arV,2,2
6sH7LTzonbkNleLPvk1Yie,2,2
6sIbv1oWOuma2qV907MUbk,2,2
6sKDsGJJKprpXfE5EL9vpP,2,2
6sKbT45i7DJPejP8DNALBQ,2,2
6sLjhkPpWeysV55XaaYE7e,3,3
6sPGhhIVlRNOErn8AC2663,3,3
6sSFydXXbEIaqR4n3XUQuz,2,1
6sSyHED31Nw3Blus6oSrU4,5,5
6sVs3a15BV6Kc2ayZ6H6sC,2,2
6sXtdCMxgpmRVctBlYgWLu,2,2
6sdird6R3Bl7KXbCXpnPVy,3,3
6sfr06qqBzJNSRLBMLMewi,2,1
6siiFhvZiKR62RpgBmherA,4,4
6skvjLz62eBBh84SKGEnTr,2,2
6sm1OQ89659UUpGctNTXvv,2,2
6smPjrA4Hf7J3kFe9afb1E,3,3
6stHT4gyxvH3wTVKSyVjem,2,2
6suU440DRXoxpLNKWf46XJ,3,3
6sy8xrx5CeHG571DFYEhmj,2,2
6syz0SJTv8ZNCNxaOnvMtb,2,2
6t0rwpjMy4Ly4CWDwqRcVQ,2,2
6t1wUup2mF3IpJhMfAwoDl,2,2
6t2gHlvw7kTK6M7M5f7S6K,3,3
6t2n3UIVbiLf31I3GiI4qG,2,2
6tASfEUyB7lE2r6DLzURji,2,2
6tAWgyIwWB6f1ozhA0tadW,2,2
6tCd8bPvYnceDG7W9M1RMk,2,2
6tDtuaCX0sIea6o8Qmpyae,2,2
6tFTvOg7J59fmBmN0NlQge,2,2
6tHyD9FHebvcf6Rj3EAk0v,2,2
6tLDBtppww0pxHiEwKsp5O,2,2
6tLTM5uZSSeytC0MpHF1CY,2,2
6tOyGXVcdz0JXWh3o8Sv3c,2,2
6tP1a9Zwu2E0xitNx0UjlA,2,2
6tPnAqe6UNeKMoOrruBSEi,2,2
6tQvjqDIK9GXWIC6mejms8,2,2
6tUzFC7gqFurOE3DY3vaO6,2,2
6tWYy1rpi6MpQyeVuVngEW,2,2
6tX41Di5fwIaOyW2h02DmO,2,2
6teaCqn4Izl1Af1ErKcUjQ,2,2
6tfmaOWBVvzYALzkwdBHj2,2,2
6tkl6rjuXWtVOCaXSSSCz2,2,2
6tmZRSTEAW90RI8nXsly1f,2,2
6tvF62FSEzuuwdBXJDg5e2,2,2
6tvlaXBPNl1bu7NZsbbn9R,2,2
6twzdopAKUq3zXNblpv3Fl,2,2
6txWz9UapYHVxEd7dDIHXT,3,3
6txvQu0zUbiqG24A8XMLnK,2,2
6ty2XoMAhwS2WRevhjQeb3,2,2
6u0odc379RvWuJmOmxbRE1,3,3
6u3HTPvOxhVWllNhu07vvA,3,3
6uBhi9gBXWjanegOb2Phh0,6,6
6uIv3xIpgKduBWy350T5ty,2,2
6uJXOi796U1D8iW9fj2ZGn,2,2
6uLot4eub7nbh81AHS05MF,2,2
6uOa4cJ9FY7jTneZ0Ta8ZN,2,2
6uPNJqmDLsgAJnNTR5V7QP,4,4
6uPSExSu4Xt7HrtJRR1a2P,2,2
6uPkafDS5iSjCzmrAqiMQK,2,2
6uQRw745OItLYC9eniUUeb,2,2
6uTCim4OGFZOauCqHWIpu9,3,3
6uWCsjSVEbZpf7KT9RFgos,2,2
6uWjyVRDBaTnYGleHuQ19Q,2,2
6uXDMINfe9KJETjkzekznW,2,2
6uYSPBL3Y2shKlqH52Rw4l,6,6
6uZroCk7E7L7RhY7NAvC3Y,2,2
6udC4b4jOSnHb9ItnXgKLR,3,3
6ue8qsdLrXbj9UDmhnYkEa,2,2
6ufrOaf4v6Qady6GiIpQ0s,3,3
6uiTWAJmiA7UO0bb80982m,4,4
6ujYgJuuMoDJMnJ8N7iKrm,2,2
6umdup7Kf502fMuKB6oF92,4,4
6uoc1lU3r0pkC7lHhpSgTT,4,4
6uopsC7wCZfSZc4TfyjazT,2,2
6upXAlN0tlTavXMenVWna9,2,2
6urUsxKmMUmfbraWTeUwgI,3,3
6ursmCnbc9oDRGa2yHKkoZ,2,2
6uucB29G6Y7LThzNfuRkiw,2,2
6uwjDA0Qi6hk8C6lPJIMc9,3,3
6uwohXXrnk9ihvvS957yN9,4,4
6uyltToZgo3MDKhCJ7F8Wc,3,3
6uzIVNJW0eHKkiDEee0uO0,2,2
6v0UJD4a2FtleHeSYVX02A,2,2
6v2ngdpwmKNqoojSbkmYQ6,2,2
6v3KW9xbzN5yKLt9YKDYA2,2,2
6v5vr3SqSczkqIIVeW8RjZ,3,3
6v7Q2q1qJnrQLYtq65C4oS,2,2
6vA1FwRxArrlYJTCW5sxHi,2,2
6vAcoAjqhoJQaMJJZfBxEc,3,3
6vCq26bVgtdSPJns6Ml04i,2,2
6vE4n6MTCprTQi5hsOqZ5q,2,2
6vEZRdxA23NiDQo6COCjb3,2,2
6vFsBXYczYsP0H3lgunZOm,3,3
6vG4oazWuYOaMnHyLJmOMe,2,2
6vH2CFODQxTEVi2wSfWJRQ,2,2
6vIUovlj8NGi1JfnzVUUBI,2,2
6vKU6pCjacGEgxJylK9WHP,4,4
6vM3LS50ZghrtkTKBvm2Kd,2,2
6vMAhCWv2XzOqXj6pYTh5H,6,6
6vNolBIVWvfY3Z20gAG5nI,2,2
6vPDpwozd5ucOd5QO4Cb4r,2,2
6vRkYTrWDzzVrZTqBJFR0u,2,2
6vSY2O8TWgHP0oLPn5WhbH,2,2
6vUbvOE2bM2GwlnfGIVbwy,2,2
6vUssnJuFxgw1EFG717Kd5,2,2
6vWZ3AWJZSU4GImoBJFcon,3,3
6vWk151OrbHfKe4D6Z6tdV,2,2
6vXQ12lw0BOY8ZAwT80wJy,3,3
6vXZs9rEQF7Nd6O8Ue7NrT,2,2
6vY1m6XIR5tjwG7IRUMIUf,2,2
6vYYdK6VdU1c3X5WinwjPZ,2,2
6vcdiwrCVXnTLASFdjEV8r,2,2
6vf5x73BHeI7hz4x7FxYjT,5,5
6vfZSkjmzjo6q5BhkWSRxY,2,2
6vfaYF1ijjWIajKKFC67At,2,2
6viZwcFruRw07jfzTI42SI,2,2
6vjvewW34Y3UiGQtJokGlY,3,3
6vkSkhVYmRUXbFVLa6W8zG,4,4
6vloM8MDs7tiSTEk1FbrAA,3,3
6vmVxm1RRAKfc7MPVUWy3z,3,3
6vmXrxQgCYzGXwRSoJf4I1,2,2
6vmdV1NsKisfobiqyg2kG3,3,3
6vtcxMO8GBs1V0Jscy3DKA,3,3
6vw19kuwAdGOIVKkP2zHiC,3,3
6vwmviVBIBMGGIEmz88auB,2,2
6vxqQUeZJdx1UcBBl6Wx1s,3,3
6vzEUwK4CbcDMDvmJ09WsY,2,2
6w0hYR4t6m3AYgCDh29t9K,3,3
6w1n5rbFLWKscpvAbYGOru,5,5
6w2JayI9T7PMXOYlHkTXA7,3,3
6w4lAMYb7PFHjhBk93GdtK,2,2
6w69nqXMAyHsKmdkt3R8uG,2,2
6w6YZTPXfYd2bBcFLp2yCf,2,2
6w8ZPYdnGajyfPddTWdthN,2,2
6wCuzEmbutYE66FzFTmIsd,2,2
6wGGTriD20VLvqUkk5RkTR,2,2
6wNyg7Tbcwifx79bVmQvQP,2,2
6wUK8WB3cbNUAAGjNmKy3M,2,2
6wXeRgZClAnD88ypGDaVuQ,4,4
6wZI4mdT8JwXgkGURnBQiq,2,2
6wbbbTyX0vqVN85ZwiRIm3,3,3
6weT0OACEb3e4KLQJInf4I,2,2
6wfFsXmUAvscjjoyIkHWg7,2,2
6wga1W5kGd7hVjClXpM187,3,3
6whYUhik5DP4ycyFafFAsB,3,3
6wptozcE7gLLscFWnhUgxB,3,3
6wqJeItl3Vc3az4ZicSQAB,2,2
6wrVJuEZa4qq0HvjdMwcgz,2,2
6wuHMWAjFafFLvDYSO7FDo,2,2
6wv7nGvhdFLZD4XmFEt33C,2,2
6wwT3PgG3eFuKCpxzjMJFs,2,2
6wxm92a18bGEP5N4QusCIx,3,3
6x1CqgKyPiObhtVjZvL8mQ,2,2
6x2vJWVX5xaYvkISLVu7Kz,2,2
6x5sUSnjTj5pqOMEMbIhj8,2,1
6xBU9ordUqC3tzhE3uKVKl,2,2
6xEjSe0vNCKMtIs5pbVSjW,2,2
6xJOhSm4SvZwzy3uhWz26O,2,2
6xKeQgzfjixSUld14qUezm,2,2
6xNwKNYZcvgV3XTIwsgNio,2,2
6xOrcNSwc9pnCcMYJjc4rn,2,1
6xR8iGj5nUtJO03odcscCK,2,2
6xSsrWJJsfJTbdnV0bKpPW,2,2
6xTLXrdNqOTcTUHwPh8Wp1,2,2
6xUBXdVdzs50AvqARndD1A,2,2
6xW2g0c5uSoa3S6xk9eI4j,2,2
6xWbpC8KpcItoGd8ZOKJlU,2,2
6xZ2xoJL9S3PsFhAo4VByM,2,2
6xZ4peZOOAqyoJRuJZg6se,2,2
6xfEKqN6bnqs6QfqQm8vXf,2,2
6xiGRIgBOsQPdzYfiHDESZ,2,2
6xjpFDnIHcj58lcFwyBPkf,2,2
6xlUpJZdh5ogzxJ36tYPGV,2,2
6xpDh0dXrkVp0Po1qrHUd8,2,2
6xpRP39Y9wfn7Son1npnlO,2,2
6xq5DxZWGgdStAxGAil0yw,2,2
6xqWfkMmiqbepWSXMj19K1,3,3
6xs3qRPrz028H3NVKdDf9g,2,2
6xsGllAEwkmF4SSDwdpmMt,4,4
6xsUlQIjfduRdQt88yekZ5,3,3
6xtQ23d8GEXgcxyUKPtwc5,2,2
6y0DCmWrYuPEQrgseDFFje,2,2
6y20BV5L33R8YXM0YuI38N,3,3
6y4GYuZszeXNOXuBFsJlos,2,2
6y6xhAgZjvxy5kR5rigpY3,3,3
6yIf83OZJX6cTaKBj5VWwh,2,2
6yIzoSwijD3azfmYP3HPBp,2,2
6yKPMNQJZ0yIp7InU2x6OT,2,2
6yLIqXX9edg1x0HZS7cZEv,3,3
6yP3V5FXNNJU8Z441vxhCV,2,2
6yQAwPJmFn0OBTKWOnQFfv,2,2
6yQOZ4JyciUXNnrDtEcJzd,2,2
6yQr60DuL8l2pFGyOkLIAi,2,2
6yR9KHd3brZhx3izrJnFOi,3,3
6yTE5lm0wJq3CcU8GeT0T9,2,2
6yUlfM1fMgopGW8PSuorxE,5,5
6yaD2rZwnPKvSCoPsbrMGK,2,2
6yaihZ7YizWwJ61Cu6Kktl,2,2
6yaskcE6j8qsypsSxMSaeL,2,2
6yd2M373yAtIg6g7wqLSlT,3,3
6ydqEdlzueCGmQE2oosecr,4,4
6yeRR2fO92gx2agPtIufob,2,2
6yf6FF8BxqLqEr87RFY96m,2,2
6yhLR2sVn1IfsScVrR4ocr,2,2
6ymVxYG0UHqIjXmclbE1cu,2,2
6ymoA9aCgqTyoQLIeR7vCX,4,4
6yvAfQ4xM01Sq00DZ54sDl,2,2
6yvP7U0E9awMyxTSSFo2at,2,1
6yw0mnCGfmugYdObs1IZR6,3,3
6z0tyKIUzITK4Avrd1ubOy,2,2
6z4VNjyxLfRXRx23gzl51x,3,3
6z9RJExnzDBFdnnsbelX8y,3,3
6zAvNLJkdyRApUHnlJjKfO,2,2
6zC0mpGYwbNTpk9SKwh08f,2,2
6zDoJPNO6ma2VPaRhNQOKe,3,3
6zDwrk0h49oE3RYNGZ822v,2,2
6zEgnpM0qYmHLDnh8WPejL,2,2
6zF3QNvuC0k5yhDMdyoqhp,2,2
6zJob7NjhfptpxyO0SgTyu,3,3
6zJosLapehyU5KCba2KYK0,2,2
6zKF4293k44ItKWJJgrhXv,2,2
6zMPcgwV7bp0xgRQctwDku,5,5
6zMa6pq3Te0F9YrEocvgpW,2,2
6zPFqTggzyqpBIRpP4p6HG,2,2
6zQyEMgmMkHXaNdLEiu7fW,2,2
6zSGfGit15V0xewQwb7BUo,3,3
6zTO2fJwrZAYZGGi1DjD3g,2,2
6zV7pFGeNk2dAm5Huj5wwu,2,2
6zWVRHzx7XHwzBgTwivaCv,2,2
6zXIHlO14bCskjwzMmo1qL,2,2
6zbMyzItlZIQbSwYbyk0MN,2,2
6zciWZePv9ohzMshMJn7uu,3,3
6zglcAb1AC9WGeZYzmZQEr,2,2
6zjFDWbTd9W8BAYUfDOc4B,2,2
6zke4l646FheM5JlIdu4T8,2,2
6zn1Ggk5bUGpt22fGJQwpz,2,2
6zoNHckACUOGj2bERXgmnw,2,2
6zpBjeIne0jS2AVCElureG,3,3
6zqpcC4WbL7uEweJX2PClm,2,2
6zsTrRfVRqG4atLD4VT1Zs,2,2
6ztstiyZL6FXzh4aG46ZPD,2,2
6zyrb7dW1IR4Hrc8nXJsln,2,2
701hEuWyG1EZepbD5Qiu3r,2,2
7041VLZqpEKPkK73N7WNbE,4,4
705P8JiDEHEbeNZF0ZlqeR,2,2
707qqokrSYnzJO5FoGIvFL,2,2
708Uixk0Tquy1ufCGgk3mJ,4,4
708feUe50Ed8N6zilSiSQM,3,3
709mEkXJxSopnAmOnRJGRr,5,5
70BWIfaEgeZB0MJkUQmDqU,2,2
70C4NyhjD5OZUMzvWZ3njJ,4,4
70EAPHQagNqQz3Do73iMh6,5,5
70HLW9Yr7lpDtP3Mp8ykSg,2,2
70LcF31zb1H0PyJoS1Sx1r,4,4
70QbtFV095ac2eQXJAgr8e,3,3
70Qlewy7XO46zijMHSjbOG,2,2
70VR5PujCWbTnjQ8LXalUx,2,2
70VfAhsPWCKIXO9yc1rKQN,2,2
70Vjb8pcNJT2HVfDLC2MJo,2,2
70YPzqSEwJvAIQ6nMs1cjY,4,4
70YTBH8vOGJNMhy6186yFm,3,3
70YvYr2hGlS01bKRIho1HM,3,3
70Z9t1qhytWtG4cCmmi7mU,2,2
70ZTiYdjoECMkqCHc85b43,3,3
70cqzB5ASlXEiHlnpRcXsu,3,3
70dBmROatI6VWV7HoWayte,2,2
70fiaCGcCBWCGKXXISgdJf,2,2
70gDh9HAjzlRjEyrlR3y9d,2,2
70ifdSj5JAvKISNn2cD87A,3,3
70j51xT3A2IZXryYMGNHpe,2,2
70mBn5A0cKtwGGMTrr0IXl,3,3
70oCSjkWqBvGBql9gJz5dx,2,2
70oKmVneYkM3iOtJXtM3le,2,2
70pCGxki9NjJTk9nzYu8Di,2,2
70rQq4iMDKjX8UlG7QlHUa,5,5
70syKeeQhtf4UgHRglzrma,2,2
70tjkOzaNVqijwbGN8ensk,2,2
70wFZWY6cKFxp3Qcq8uxH4,2,2
710B9xFjNOisQtKtppZE9p,2,2
714aniKGPlybMjWeEoVeNY,2,2
715slv9zyByop7EttlmTjQ,2,2
716vLwPfdagrP3kGrYPmTh,2,2
7186LhwrXw1yG2AhjCQivK,2,2
71A0fSIUozc9NvH3tn3rO6,6,6
71BJVUm9wse1WBFEGHIFsI,2,2
71BwuaJ5VjGx9EJdrc9OX2,4,4
71DzeSJmIaZ9UhJ1rJJ5Od,3,3
71GOYiaA8DUE8gflwvKxMT,2,2
71GhhDsgmAPmDCw3tMuK6S,2,2
71HcKKNwvQ8Jv6lbBEi4oO,2,2
71LsKf3xISiOlY1mj7FFPP,2,2
71Om1XpFNVscs2mtgwL8Hi,2,2
71PdTCwMDgnmvd8JNOiW8x,2,2
71QO17vemzJdZ4LjIxgQoX,4,4
71S1qLFhY5IoeQJ2Dri5tV,2,2
71X3gFOEhD0GpttlQSc1gr,2,2
71dLJx3qHOTQMTvvoE2dmd,2,2
71eQAhfmjJxlFZcs2tuwFT,2,2
71ejpdyOCAodqqdRjTa0gh,2,2
71fSn6OIF7HnCbgCzOBqpj,2,2
71jFgtUBKrBuIO6jeUYu9J,5,5
71kkmlYkfgbrFNozWnquQi,2,2
71luKQBz27ZRIIwNdaYSOf,2,2
71mHO4fFmS2Xu5XxZbcRND,2,2
71qKWIBggc7poNXclWN53M,2,2
71qTAkJuksr1M9Vekg8UiL,2,2
71rG2xAm9SbCB1Ldtm4PRu,2,2
71vcffc4Yfz0pt9AbaL386,2,2
71wFwRo8xGc4lrcyKwsvba,2,2
71wciO7F9Ro8J4vq1lvfru,2,2
71ydqtysocsBcbQynzGvlh,2,2
720Xp00zXTdDfGtT0KBMPQ,2,2
722KsbM8nAmtP9quY41MO1,2,2
7255DLbds9KpfLuB78sfDi,2,2
72E3wMPI5tVY7VoEWLSuhf,3,2
72FTNsVwlDXMgxyEnmjwM0,2,2
72GCJhZVwFG3cHIO7BF1Pq,2,2
72HdutlIHBZJ7WT1xVAAZT,3,3
72I5gb06T9KIESon4AWY8S,2,2
72JCFM5OS69cj4hRKBJxwA,2,2
72R0X0h8YaxYNpegeoOl0M,3,3
72SlP8S4Z8KWVPC8BbDXxJ,2,2
72SrSfTI6p9HCBuVKmCNu9,2,2
72VyFG8WRK6CeV3ToXccOm,2,2
72WsGKDz9QlqEWKkhaeNBz,2,2
72XWsiLW8q2g8Lv0a010ha,2,2
72ZGT5dwrp7lZ40ums6dHi,2,2
72bZsfzdg6sRorrxwiGIMp,2,2
72gv4zhNvRVdQA0eOenCal,4,4
72gzwCIiuhigAGECE7vDoT,2,2
72hpTHMLFrO4ErhSQl2FhZ,2,2
72i8xYqxe6BikDlKH4ULiZ,2,2
72jbDTw1piOOj770jWNeaG,4,4
72jdIzkDjJsCc9VO9ZqQgS,3,3
72pGB4XOzAE45n0Zt7wP5A,2,2
72sBNlxNpyHyiTq0X1HMO6,2,2
72tinFpEPWLUZJ4kOIJz7U,2,2
72ujfr1bM2nzr7YfiiJIhI,3,3
72wdyMXmB7cw11nURyEPKH,2,2
72xTsTouZ5nBmASX8k1XCW,2,2
72yP0DUlWPyH8P7IoxskwN,2,2
72zHuDxFQTjbL51qJQSA7j,5,5
72zTACg6HKBlbhN0Elf9N0,2,2
730gfBUwEpyruhbSvDuytR,2,2
732XzfBqvakdsw4jwR1sxI,2,2
737gzPI5VAmgUGWiJ9yXuu,3,3
737yse38y2hsWQeNRrLaMY,2,2
738SQjONa0q63yhLxvg3m1,3,3
73CKjW3vsUXRpy3NnX4H7F,2,2
73EiAv1UPdVSueGrVHeDT7,3,3
73FVLRAxyLBQirlgw3lbVM,2,2
73HnOgHf0Xw5KNvEeGBNzW,2,2
73IwHIEhnAPKV5kDDBk4Dd,2,2
73LiEBWGJBnhF05czzX0qR,2,2
73Lkj6zuRBzmUJVljC3lcV,4,4
73P8qwIriENctRILdM5f6O,2,2
73PAbYaVbnFG0tQ4aBfxeN,2,2
73RyhUtQnXgHB0Ko51EniR,3,3
73SyPIx501G3211y3oTYns,2,2
73VaI8jZxHiqlR1yq899qe,2,2
73W5aXorr5vxrySFcoZqIN,3,3
73Z9YSgWWkb8hYr5Kw5WBl,2,2
73ZN54ItJRztg3dvHdVuQm,2,2
73ZUyy2V4rZuULOdrnAPLq,3,3
73ZlmJxexVebFozgZhEhkd,2,2
73a5aLqU9889tDoxBkxPEp,3,3
73aU3qXvFvncBJUisAMi5C,2,2
73bGQfzWTsaQvKOJnu2D6I,2,2
73bhxlCJIK9bwH0miqSxw9,4,4
73bk8wlvLeAJyhoeIxMySi,4,4
73dPS5EDSbo40IdutOvhJ6,2,2
73fFRs03s0gtjggfMW213L,2,2
73fRMyckZKtemX14eku8uu,5,5
73iM4TuuYXDB6NKIy0zZYn,2,2
73jVPicY2G9YHmzgjk69ae,3,3
73lIldE4SbKxglgJXiQ7cd,3,3
73mMeeWCtqJOyTNTbNBHwu,2,2
73ptBTOgUcD3Wyrq0B9eAW,2,2
73s6UhNKUFlAxB0Rd0J66W,2,2
73tHDm0hBREbIJU4NrbGKy,2,1
73uJybGAhwGRD9MZYrOmTY,2,2
73ucpKq91TuejrLHgzDNHK,3,3
73vBHepDFkAXufkyhR9r0O,2,2
73y649QhnXdcm6fRdvfraO,2,2
73yiAXig9qPlUYYAQGTT8F,2,2
73z1JwmldEYCqPfvpcUxr7,3,3
73zy4MKYPhb6PHha89j6rl,2,2
7403W5ylwNjRRUm8aIUNHR,3,3
745H5CctFr12Mo7cqa1BMH,2,2
7485lzxQ1okfLNPNe8rpXV,2,1
74AqVxZ3oXwJ8olHssBUG3,2,2
74D1dmMEX6tAsspSMQQldK,2,2
74EYiffq5P9dc6lfYJ6tPM,4,4
74ErPSzxOFm2aVJFvLPovB,2,2
74EsBpSsjhH7VrnCqtc7c8,2,2
74NANS3BFQRnpz3S0JVg5o,5,5
74PyndGWYtfs86n60lAsYW,2,2
74UR9DSYWKvgTj27NubXAH,2,2
74XLN3KJsbSn9dERGMnNSa,2,2
74cONalKw3Op50jjyDDrV4,2,2
74fiT7YMuftT3jJd8c4FvS,2,2
74fmOZkSwZfQlir02KmDwH,2,2
74jpHQaJ0UPBY0bExUeu0i,2,2
74jsrRqMoVsztcF9RFA3f5,2,2
74kCarkFBzXYXNkkYJIsG0,4,4
74ke9u10rIeCwTU0KOT6C5,2,2
74lkEoeMNoDY8k9e81GZOU,3,3
74mIyEcLtmwPQZjO2z6uZW,2,2
74sfYW9x307NcyFYMqcC1I,2,2
74x0zAixJTR1kaXQRzO9uJ,2,2
74yLWFGThLAPXyFdJGsAxF,2,2
7503mEfiZf6vgONFMYX5Jr,2,2
7509yxRl7vJCNvTTH9ANKb,3,3
752n4jKSMASefgd8MpEqq5,3,3
755bvJDSA3LNcNuFgBT9LK,2,2
755inykyaG4w22GWAsA3MX,2,2
759PEyOJs59vSUBfd3qf6B,2,2
75Ak0cit8hV604Wjlq1gf2,2,2
75ArcxyPjMr0sleM5WXLn7,3,3
75CAWvWD9ATXlcPHhD7qp9,2,2
75FEaRjZTKLhTrFGsfMUXR,6,6
75FtEfhCTDmu97mAEqLdYc,2,2
75G3D1ajCgumVJ7Kun9MbC,4,4
75GQIYnRaBg7ndHxhfYuQy,2,2
75HBk4yWNK20Q1TpSFSEGA,2,2
75KyB8zFgkkfwOWr3wz2y0,3,3
75MWtEDkqlSoJAXrdw1lR9,4,4
75NSzNM87xKteVMHKzzGab,2,2
75NlWlulEE4ydy6ZGI50hd,2,2
75PRxVF10tp2Szd2mdHyFq,4,4
75SKlkZrcOX32dseIE8l4O,3,3
75SaMR1ikwoGSrrfeITsVX,4,4
75VAFZAhvPSw1euEHg1fQU,2,2
75WqM7UN2eS7Bu7qhJ2UmZ,3,2
75X0empj9JK9h6SNOliKgW,2,2
75cgHYOy44OB9plMoZwHZr,3,3
75d4J4UvsrSYpFCHb9h4gW,2,2
75dwfwU6jHcP966W9py5SQ,2,2
75fT19n6ZQHr67Mkh86qfD,5,5
75hT0hvlESnDJstem0JgyR,3,3
75iWsNyEgROEhzNnP6iU7s,2,2
75mtKeIPLHAXokQVQmwPLp,4,4
75p6BrziB5urmwPCeXl3y7,2,2
75rmkfnhh0wDPqKITSNTju,2,2
75sMhi81W5Tw2AGlOGATuy,2,2
75u8RkM5CGoMn5E3vJOdPt,3,3
75usYC3ytzfttweGDXKMdE,2,2
75vBeICzLafF3LOs1rC3DH,5,5
75yiYJ0pJqVTga43SY6V8T,2,2
760R0ra4JS5HpKrOtK2hAl,3,3
760Z6GTmf5KVEC0goW8doX,2,2
763FEhIZGILafwlkipdgtI,3,3
769Fq73HiVK9qfOQKKvpLB,2,2
769LjA468VL4j2g4WI48Oe,2,2
769cLRTw2y6KRdkFWFkxtu,3,3
76A1RRDEyHKtmV3Vh6PeVN,3,3
76AMW7PQUbQZucnM2NHZO5,2,2
76BHmT2sUm6yjo9TivNRda,2,2
76CBhtLnY35sDxm3LBCTvn,5,5
76CSHuHKMJxmjmdrNBX2Z3,2,2
76DNHi7S2I2Zyenwir10u8,2,2
76DUHirDFCUH9B3NDiyKqe,2,2
76EvbfwH5r8BHkukcFxd0N,2,2
76FNN0tgZom2h4U3uWRglg,2,2
76I3PmbGZazzNlEwlp1y85,3,3
76JWrb06MR9QfWKpp1F282,2,2
76Je5Wklky23mVoxiRszcN,2,2
76Vru4DRz1zPrr1lpdVYaR,3,2
76YSWx6L6FNsuaP6GWBb8P,2,2
76c42qNYc0VB5KUXO6lWHH,2,2
76c4KOymiPUkWEeIIc0DQr,2,2
76gRg3RyCTCijQ2La5vtns,2,2
76jWJuEetXRW0nmoT7Ur55,2,2
76jqYRytkvCM1ByVYBs3NS,2,2
76jsRad7afsqb8Hv2wVhfU,2,2
76lT30VRv09h5MQp5snmsb,2,2
76mhYD8ORDyXAKog43BSeQ,2,2
76pNeP7u9pRUcehAGYEZvG,2,2
76sOApXMrNk38OcLeOPmHn,2,2
76tnYB0rfmgSFi7L4uYB7J,2,2
7708qrA9gHIrwuVf6QdjAH,5,5
773YNtbrxwrlIQ3gcDFkN4,2,2
774Vy9sPhpePjj0B7WHaG2,2,2
777oAxPePG2C4Wdr1fH6kZ,2,2
778O8HQJFNDZS8KHMjVU9R,4,4
7795WJLVKJoAyVoOtCWqXN,2,1
77A6OIwplinl9nIAP6Fi1T,2,2
77AAzPYU8BzH1706odR9WR,6,6
77HmsJiCIuqA02d30EfzjG,2,2
77IPBSEbMAiH7gOGfLllKz,2,2
77JhqIuQjqzVmkRTUcm9ji,2,2
77JnuzkgDssvr8Q5GQ39Eh,5,5
77KnJc8o5G1eKVwX5ywMeZ,2,2
77L1hNSylbrLlDYs0ZAo82,2,2
77OWuDUCJMhizuSjOXDJbl,2,2
77PruZJPEZJ3zCFXc9ngha,5,5
77SpOg95Gx49w23XyXv9B7,2,2
77VqW84V88aKD8Bi8CzEsP,3,3
77WDNemIn6ZHUHeLMK5LWI,2,1
77XOYoYeK1CoTfnKUIXTjk,2,2
77Y57qRJBvkGCUw9qs0qMg,2,2
77Y6wpQYkl4JnxotLfBNqU,2,2
77Yv2GmissdksItJb8QjiT,2,2
77cHi3HzlrS8XDgue2WT8y,4,4
77cbT021iJvQpRXZAtw5ek,3,3
77ePOcvWaSqxr2LxVIqUtr,2,2
77eT8QCTlZg8Mje7P9U0NH,2,2
77eYKxdR0CDNZPhvbHxdUf,2,2
77iEIVtfiVS10SfWevtuIY,2,2
77iRifbhkJGvGBBRNykUwN,2,2
77k3Gs132df3WuwwFSz9It,2,2
77loZpT5Y5PRP1S451P9Yz,6,6
77lxyYpHWVYZAJsO8ybteg,2,2
77mchfS0bncdYZgRxxJxLn,2,2
77mnypCdtuUwwQszzh2CKi,4,4
77s65ayZ3gXbqMV8jKH1A3,4,4
77tR4iQgyQTAnhhuPik3ZP,3,3
77td5WzDNuMEDPw2h6h9Eq,2,2
77u3cpprulNjIUYkjYwlhU,5,5
77xqVXjAVWLHeyMaXdiZcC,2,2
77z5bT7KYcOJioVQ7zQyNG,2,2
7816irfzlAgs6ACKmCWg5C,3,3
783RuwtbSBY81dJbtfaMYU,2,2
7840mcgnpkHeYU8jwMdq4n,2,2
784GPgdhVSiPCOAFA1X3rr,2,2
786L4Xusovado7jav3PdK7,2,2
786ymAh5BmHoIpvjyrvjXk,2,2
788Lp6lHrCrxJAZvS2l9YZ,2,2
788U1Sqej9M6c4iikuDGxO,2,2
788uJvGtd7xPaFhVHeN0bb,2,2
78DwRIo6Vj6wqteyerGetr,2,2
78LblAd8UBW9GUg9L0Xeld,2,1
78MI7mu1LV1k4IA2HzKmHe,2,2
78MaTag4E7UiNjI6d7KCeT,2,1
78MltdmxX017qS0JxNYFIe,2,2
78NE0GPCrpOVGkWKopqhHI,2,2
78PKCefXwDLbl4FVO1Pjzh,2,2
78Q5ib2g8KHXqOeWbbUQKr,2,2
78QUxAllrdMT2v0wKhlwHP,2,2
78RpJHtLl1B7fInF740oYP,2,2
78TKtlSLWK8pZAKKW3MyQL,2,2
78UPFL0bdiooH4UiwJ1KhM,2,2
78ZqE2tjAxbqEGGlvGnQfT,3,3
78cIbVjU1xn7mbQ9i35avl,2,2
78cj9M7Ax1yDruYM5QeG39,2,2
78gmXTHYxa4orBeXpRFDgF,2,2
78gsvivelCP8Kh0tSRTy8D,3,3
78iVPIyFgGjQ0g0TmDWYtQ,5,5
78ibI5Q8xHs4qYwD0OM2Sw,4,4
78inOqr5FIoUQisujuI98j,2,1
78ipAAYJBIkIPpnVtPHqWi,2,2
78jEa8SkbDiQsBCPP144E0,2,2
78lgmZwycJ3nzsdgmPPGNx,2,2
78rJR1WX6TD1TkoXJ2CQGz,2,2
78tblPcz2otRZd1VOeU7zz,3,3
78uqYSOfbHaPnWq7vYgouJ,2,2
78v8ad1iLTlfLbam4qvzNu,3,3
78vv48Ic6syaE6kWqDGY47,2,2
7912uajUZlyQzOrleKHBe1,2,2
793OuR8rJ0zpVp708ONAxO,3,3
7977HqRRgSuVc9hzJFJvmE,2,2
798uvEYafxQIAchNOtS4qn,3,3
799XxzSlWNYkuWJxUbuGnF,2,2
79CUrU5o2KAVDTNm4x3eGU,3,3
79EUmflIk7DJaunxnWhK32,2,2
79GBhyAo9KAuMH3oztkJjb,2,2
79GgWm5EjKgv2GkgoYqSr6,2,2
79HZAZNnOE97rb2hnI0XQr,2,2
79IqXOVude45hrKqtSkIrp,2,2
79Km41FyeeQsT3l1Lik4lM,2,2
79LL3H8qqjeqQGVDZbkDzv,2,2
79OUttYM7WQUzEtsugTwEX,2,2
79TFJ7hsMTcn3fGn0DiuMg,2,2
79UzFFBn4dFovvqh9bKanm,2,2
79WIhvQ5r22HEO4J7weobm,2,2
79WthgBijQ7koBeL5Sbw2W,3,3
79Y0mhlybfVcoXJvi6A3aQ,2,1
79cxnmnGiC0qZfxi5ogp4j,2,2
79epfZIYa5L042L7XoQeu7,2,2
79hVM41bj2IKfCVhUFh9Ra,5,5
79iAblD2XBkWbXnY8KeHLS,2,2
79nJj5dMyTsUzKvN5jUXsJ,2,2
79pWgbXGSFEFOx2TGufW1b,2,2
79szetO810NULq91m4aRrh,2,2
79uspTY5GVI0EOBsnWAjxx,2,2
79vU0Pi3QPooBHNCiVfLqX,2,2
79vchPw6mA5F3b4Ft2TqDT,2,2
79wKOav861jNgpLXkz5HLi,2,2
7A4FSWQfxmDY2nqLRk4g8f,2,2
7A7FsIDnBMnz1PAnSOxUdh,3,3
7A9EaHBlR4gLqDzeJGumYa,2,1
7AAu4Irjh4r8bVkFAIjngD,2,2
7AB0cUXnzuSlAnyHOqmrZr,3,3
7ACxUo21jtTHzy7ZEV56vU,2,2
7ADdVyYqlbtVYVGm35p6CO,3,3
7AEvaz0EOmlqN27o6zpt3k,3,3
7AHF3V7qRPhZV7gzJLZ3CL,2,1
7AI9h4MlWyZdXTKVPbdBHd,2,2
7AIj86wFWqm7X1TZ2hzHwS,4,4
7AJtoJnHV80IMEHgQs6YvU,2,2
7AL6qzIDHIX7pEUWrzNiIs,2,2
7ALY67YY6NmlRuWwhYWnSA,2,2
7AM2eL1sBWCCTYXoQ1xTGg,2,2
7AN15jOombgNojiAQ5IUG0,2,2
7AOlhO09yFC6WvbPSj2qv1,3,3
7AQLbnuuyPzy22MOEmeetH,2,2
7AQQBWgKM06aL368PRYFHy,2,2
7AQim7LbvFVZJE3O8TYgf2,2,2
7AT9jIs9H7tFjxEXmilL94,2,2
7AV1hh76pC1mg4iSH796Vp,2,2
7AYeUZdjhytTMRwTuEB8X9,2,2
7AcGFRQPq3kNArX1RU3cPM,2,2
7AdEI3Yy1HuIQlZXPU7vKV,2,2
7Af2YlwMZryKOQiRfwMsD2,2,2
7AffKWcNn5Zv7QFgScW2ox,2,2
7Afr3PKTtlFGHGiXYgnv6P,2,2
7AhSY7tH8oT0T9FpRKXl9q,4,4
7AjkuLsNPcM6avZGqjF8cB,2,2
7AlExLnELa4tPExzwqf91R,2,2
7AlQJJmUi7BQRN4LEt0Gdj,2,2
7AmpM4sHHWbYKXByizY8cT,2,2
7Aobt67JnaF7qN8jCCKvHq,2,2
7AqUE5AY514dbzeOAfJRa0,2,2
7Ar4G7Ci11gpt6sfH9Cgz5,2,2
7AsDBabKF8ktqq3blmXFuk,2,2
7AsG1F1eMWd17RYan8M3Wm,2,2
7AtcBzm8ywaQpifSqRdyPH,2,2
7AtwQRLPdttsxcLM5tPL0t,2,2
7AvznBJ8YXUMZ8rPTukUAJ,2,1
7Ay1JeXkSBpZRMB6dYHc3k,2,2
7AzNqaVeOgymLckbgZKDuY,2,2
7AzO6R9h58Mk6I56miGzO0,3,3
7B0r4rRL37jsjGFualPIyF,2,2
7B3z0ySL9Rr0XvZEAjWZzM,2,2
7B4uYqxTpTOS1sgxFB9Ann,2,2
7B5QgxW4c9auEkhnmVHhM4,2,2
7B6FA3U2qUcV1gzWE6lTrR,2,2
7B9Tz3NNVRSQBrrWmzkwVN,2,2
7BCxIjRsqbc9Yiy2haBCIK,3,3
7BDQlgM0pemXy3b4AbpBEp,4,3
7BKLCZ1jbUBVqRi2FVlTVw,5,5
7BLf2w4tV2dBlE8QQ5Zjut,2,2
7BS9guU5q1fzQX1ZQUTYto,2,2
7BSVS5JCV9XViO1LTTIFGN,2,2
7BVhqEVCS8UFWz1iW9dGut,2,2
7BXuu4tenwNfOlY9bztDR3,2,2
7BXxWRoGwvz5LK2n59yCyd,2,2
7Bcjjhemjq1HxoWkTw4X6O,4,4
7BdlyzVvOqmwPH9dYtZfsx,2,2
7BeG6ZN9NHfsp5UFMGgIo6,2,2
7BhmwvCdQZNwuQXSHw5TzP,2,2
7BjBDt52upI92r3V9O7dNQ,2,2
7BkQoM9YxE7RvfRsWXhcGP,3,3
7BlLmanL024pf0doBknUi4,2,2
7Bn7blCyMlPaMIiSFzQjSp,2,2
7BrbGr8S8rjrnlGLqtfFwA,2,2
7BsPT8jICeKZdoTmLBMDxS,2,2
7BuSE9uTIw931wtZYzvZcQ,2,2
7BvM6gezSZfDN3WQjYjEgg,2,2
7Bx0oBgnEfVR2bCs6Aul0X,4,4
7C0PzxbsQx59DgGVRsquwJ,2,2
7C4sJBWxtwEVuBNQAFMRUE,2,2
7C5GsD53vjiYZR7Om9WnK6,2,2
7C9g7mGIpiMgeWauQ5ueBL,3,3
7CAbF0By0Fpnbiu6Xn5ZF7,2,2
7CAsrtI5Df8ZOrKZ2ImrVO,2,2
7CCldPeZu4xzCogGuevo4K,4,4
7CDP4uXu6mkBDzaTOx9yTS,2,2
7CGSpFqCWZmxDREv3FqPnr,2,2
7CGgMARb0uCM4IaqzHLiiN,2,2
7CHi4DtfK4heMlQaudCuHK,4,4
7CJkTdcKr5NSlgSBAKTTD5,2,2
7CKrup0WwkD1haS2fRlkIj,3,3
7CKsgEdJNFTDqWgk3XD1XB,2,2
7CNa7a37QWYyfyHoSu7NX9,2,2
7COfe3P7KgfwDwIRB8LIDw,4,4
7CRq6EqepmU0tCp21MFkeq,2,2
7CSTVNXkW2AbmNktlP1hi2,3,3
7CTb6vw1xDE3pxJLt18unK,2,2
7CTtRVeuLsEYy1NlC16pCk,2,2
7CYS0ibZaJm201ZKonnqih,2,2
7CYrVoeNQ1N6JnZkckmW1q,2,2
7CZKnz9mEt8Z638tyY5cKL,2,2
7CZiDzGVjUssMSOXrDNYHL,2,2
7Ca2CkwSqHyr3eCh8IRdjz,2,2
7CaCltSC1kWO2ft4ZvTHVT,3,3
7CbogWJsD0zfxPXlIycfuH,2,2
7Cd17G3oNQ34OWUwS8ZxfR,2,2
7Cer3P6UxCkGi3Bu2MFK3R,2,2
7Cg3F9ZsZ2TYUnlza49NYh,3,3
7CjXQ1FJXnvQcGXGgnjTpL,2,2
7CkkvfGTk7meUrbqOR7zD8,2,2
7CkmTmvyUWzc5hE7oLPZoW,2,2
7Co104EUwfOXsIm3qam2Dj,4,4
7CoMBpPTwQi2wPT0U0Nr9b,4,4
7CpbhqKUedOIrcvc94p60Y,3,3
7CpeDdqQP8iZc7cEC3eaLz,2,2
7CtbxAGq2P0jtYh6SH9DMR,2,2
7CtvStZdIOR3nRRbATB4Gd,5,5
7CuXB3Dr61IvDFEWfqG3sE,3,3
7Cuk8jsPPoNYQWXK9XRFvG,2,2
7CvLWQ30ggnHucKGA7KZN6,2,2
7D3Kw5T7nQtM3Cg5jgNVeX,2,2
7D5SHB5Qr6otVfXUh0jveD,2,2
7D5x7oRRK279Tx3SzJ95it,3,3
7D7CBnyCYkylr79Cp5TSlv,2,2
7D7e6hm2LiNd6nLuJF6K9Q,2,2
7D7okiV0tkwGjOYUlKlOlf,2,2
7D8FObvhT4xSWUDfq6tUIa,2,2
7D9CMVj8TeaozjxYCIE5oF,3,3
7DBHT8SI35z5I8sssBJ2WP,2,2
7DBV4x6vQZBIUn2lKOIfDu,2,2
7DBfGAwi8z20B0NQpzV0AF,2,2
7DByUXWmz1lQau0HLmdg1v,2,2
7DCVTLzUHbfJ2gOUHOCyYu,2,2
7DCiOOtP3baRrHoSzlkNuj,3,3
7DD7eSuYSC5xk2ArU62esN,2,2
7DDIVNWlbGJpQjVDDg8rXR,3,3
7DGciw6JNzvNtdmvvANsHV,2,2
7DGiwSAi7JqgndlMXcXTHE,3,3
7DIy5vxJsbvAQqtN6zIYvp,2,2
7DJ6c1V0fJUIpTTYbVOPpU,2,2
7DPhusadsTZ2VrXOGcuX2y,3,3
7DWCf9hn18mUO4p5JWRcTS,2,2
7DYsBLdOqz0z14tYWMt2Tn,3,3
7DakGWtWA6lU53HvQi96pz,2,2
7DbiRO14pfO3Lu5RQdDhGV,2,2
7DcJ6fEBb7BaKuYKTwiDxK,4,4
7DczAzWKf2WOretzrzQOCf,5,5
7DgkSYT6vh3UAYQlFbsj6z,3,3
7DmZ1e9hh9CUX0PZzZA25C,3,3
7DonyrUlcVcrtk28mqvWNL,2,2
7Ds7GEIdCocSvO8NqHieuB,2,2
7Dt5Efq8VB3BhmBWpu95f1,5,5
7Dv1rYPkx3v2QVCPUY0yhj,3,3
7E60kPO1P8CXnyiyqPoVuh,2,2
7ED8YfAot9P3QKiH5owgA7,2,2
7EKpyfbmopbXMaMLW9QEd3,2,2
7EKylE34yNJV97yIYgwwTl,2,2
7ELG6GDOcEn1ely06rzRN7,2,2
7EMxCYKxcJ0tk8t8fBTzCw,2,2
7ERR92JTk2VsswMquOvOD5,2,2
7EVk9tRb6beJLTHrg6AkY9,2,2
7EYEswNmA0XjzwUitONgzK,2,2
7EaZOfcQgKj53K2FPKWpIk,2,2
7EcqMNBI50oElY49no2wYY,2,2
7EgtvRAeOkfB5OeFgfGsWM,2,2
7Ehz2k1K2YJ5xbyAAfaPAa,2,2
7EkEG47RFRjxbpSafL0Ufp,4,4
7EkWXAI1wn8Ii883ecd9xr,3,3
7Em0lueWaMfJ4MWMDdSGNt,3,3
7Eoqr9pBOC7sp41pFDoiLC,2,2
7EoyERNueJuFlQbyrRB0US,2,2
7EsVGqMKR6ZpGTIoeITKPj,3,3
7EsuEeyUWYAryo789YrxR6,3,3
7Ewz6bJ97vUqk5HdkvguFQ,3,3
7EyhPjrJzjx0fk2i7vUJCS,2,2
7F6f0GrWlOG0kVtdiCXCaU,2,2
7F7DIhKoISusxKyw1013v1,4,4
7F7kL3i6SDEIbDcoJZGiig,2,2
7F7lizHkjMeo70dYOU3r4x,2,2
7F8RNvTQlvbeBLeenycvN6,2,2
7FASTpnu9gXtBb5T3vkJer,2,2
7FBf7WRech1Bhdp9BcylM6,5,5
7FBxZVE7AOCoSpIkGllRQM,2,2
7FCG2wIYG1XvGRUMACC2cD,2,2
7FCcXT2jtQ7ELAjXxo0sLP,2,2
7FGq80cy8juXBCD2nrqdWU,2,2
7FH7JLRwL3oCg5q3z10BJt,2,2
7FINWnbVBnZdja3kUIvptF,2,2
7FIdJstlFStpFTmNd0Q42b,3,3
7FNClArpU0MQIIkAU5VSwh,5,5
7FOeR1X65DEG4KjpVhNC4Z,2,2
7FROOyFNVDaTbnnBcghUXL,2,2
7FRfYOql61DGDp9VPPe2qA,2,2
7FV6mYpw5uESNzvp4mtl0L,2,2
7FWV0SaFxRg7TLjo163VgN,2,2
7FWvBjQqt9DEDilkq18Mv9,2,2
7Fbjt9MyQqzi1j0TtrlnoE,2,2
7FcQRdlqMvAKmQH1SXCk1s,3,3
7FcT9XALvaUrqYm96ubb3b,2,2
7Feaw9WAEREY0DUOSXJLOM,4,4
7FfIpIyjR3lq0HYieXBTZq,2,2
7FgPBngMka3agGDUKqZWmx,4,4
7FhIxFg3PwfDHZhs0jRZsw,2,2
7Fhr46PhABM7LdDVLeucUP,2,2
7FiFjvtaXAx4nmGGUeON9L,2,2
7FjBkz3OJiknpx1jtNkIFs,2,2
7FlQk2gJ6TBrHHiidvdR2O,2,2
7Fo51x6cURFo9jCzcv7WOL,2,2
7FoR7NSegGv5kTSMhNC2sn,2,2
7FptOE24ql8QzjoF2BHDB5,2,2
7Fs8f5A5gAv7owU5DwsboG,2,2
7FsbfCdgaITFyfA51iur79,3,3
7FtRUrOEDUHTvenvp1BqZo,2,2
7Fv8Qp3tTSbSS2VjryUF7L,3,3
7FvfODgUxsxQNDaYDEboIL,2,2
7FwBtcecmlpc1sLySPXeGE,2,2
7FyQJel10x62itXkU2ybhb,2,2
7Fyq0tCeq2nVyYAkCta9gn,3,3
7FzPmvCXC8CqwP9AkIkPA9,2,2
7G4FH6SEh9wgDRztDi3cDE,2,2
7G8wXQyYA7lfJ7LEzYGCC8,3,3
7GAJcFwACPs9jSs7bhSoZW,2,2
7GAuCTio7iNylO0JZY4nda,2,2
7GBDwr44ngVGTUU6fW4coD,2,2
7GDGbF9PMU3sjxtmZFXWN4,3,3
7GDbd2ZQ4kfp2aJxlctPig,2,2
7GDd5maZp10kjA82B9QICj,2,2
7GEQkaJPZmph6xtzXFNWxn,4,4
7GHf8dQ2wA71wYOuRsQCZP,2,2
7GIeXTjdlxsaejjYkFMoVt,2,2
7GMYzt2h1jUs3PNefSool2,2,1
7GOBsKucPG5Bh8qzStmrQ6,3,3
7GPKkJbfSduDWyoVvuaGq9,3,3
7GSjLpzfohM3HXz2PxS4fX,2,2
7GVEjM8u2tyrtczh9Z1L0N,2,2
7GXsxXkvOvSN8qyOtidFDQ,2,2
7GYLsGlCPqSkLBNDC5mVyl,2,2
7GaradaPdkWPyL6h0NgaLA,2,2
7Gc9OoiYsUrByC8tzD7kYY,2,2
7GfYdXlYZ0uhEjhqjFV6YQ,2,2
7Gg6RHdXJQeOp7rMChprbT,2,2
7GhmAjCJvegeLpZavN0ZJd,2,2
7GjQssVu8uKn4WGTIgTOIA,4,4
7GkCm4wRDhB0WhyOovlLfm,3,3
7GlCU1ImbOyED4BW6H1TSH,2,2
7Gn4vU9RUHYV5aA1gMJSPV,4,4
7GqT1icvK3BZNwFD48s93R,2,2
7Gx6qonxppv93FEpsIRGpW,2,2
7GzW0v56ydmnzcScC196Lz,2,2
7H0MOWplwc6gf2AD1vTSYi,2,2
7H3mfOvtPNA8YDF3EdKy0L,3,3
7H4HtKfxAh8iAkqHEiufKJ,2,2
7H5vh25hx6J6qh6KzkSc7Q,2,2
7H6CZlBoo9zhe2V1AyKWiA,2,2
7H7NyZ3G075GqPx2evsfeb,2,2
7HO0JkNNzQdH8smlodJtaH,2,2
7HPM13Xek5XoRWxRzHfvkB,3,3
7HQb4hccUNRrB7tqQht0MH,6,6
7HQeCziAlvJr4k7Ou64ILn,2,2
7HS7bD1nAWG0CzigkPX7vN,3,3
7HSM7sfoyw4xKdGcNhXuBy,3,3
7HSOdzvgyS0Cr822oyWQV3,2,2
7HSi0K1ryVMOC9T6fWKMK5,2,2
7HTH1ppjkkOe7RLoBDKXYJ,2,2
7HUlOKnGX8VZjwSCdd6N7X,2,2
7HVBhTFyZSj1OJYOqd8Wdi,2,2
7HVFkjQT4zk6DrCnBE03QM,2,2
7HXv3CYaZfL5PVtMAcJsmw,3,3
7HgkQxxpt8CW8NqUVJF0Eh,2,2
7HhGlOY35npbHi4RxiT4WQ,3,3
7HjNOz8Y7H7uSySXuHNg1Y,2,2
7Hr1Ignop7cymbE3FbOtXa,2,2
7Hr9ke37qeKfCajWSZ4iet,4,4
7HrTl8AfFjquGEfle9ckX1,2,2
7HttMaN4xcGBLhFRHb0DVS,3,3
7HxpKj0dUj8JZgVPl6ODxO,2,2
7I1nwZimETiRW83xZv023W,4,4
7I2BAdKDq6NaLnDRc41JGZ,2,2
7I4IGcHgkjLuwX3Alzx8nk,2,2
7I6mwEFQwpTu5ciVZWFpd4,2,2
7I91PNcgDJlBorpAL2YR8Y,3,3
7IAyAjkIEq2gtIHpeTWptI,2,2
7IByJvSqRFltGyiiIiL4wn,2,2
7IK26RNUdgoZWJdlarrcty,2,2
7IK7i9GedzLOUFdFpEgLja,2,2
7IL8PSVwLOJxqYne6azxQv,2,2
7IMnJ5f7mRoGTtf8TPAILw,4,4
7ISL3LO8AWP3fKIXunvqTa,3,3
7ITEWyZlNF2bpDPsHan8Ea,2,2
7IVvb9JlzJBJSMwPvlwkyU,2,2
7IWC34SGGMHjFNUHfvkPf5,2,2
7IWbx6SKa1HzTdw9wuxUfc,2,2
7Ib1fj8HnRmi9WRBpDK6ie,2,2
7IbVH1oEbzPD17c6tfhYL7,2,2
7IdC5YvSg9O1WfRSUtSpNt,2,2
7IdGvF9xwGEcFjTMfvaxK7,3,3
7IeXr2kgIAGI36G64yKrQi,2,2
7Ifnxt3NpU9Ky2VhC1RDUi,4,4
7IgA0pcFcslMMsBZsDnWaX,2,2
7IgF9aAlIe02zsIRS5Zq2m,3,3
7IiqF2tYiixnpBcFjkocjA,2,2
7InCJS4uYocZm0SHh0Doro,3,3
7InaXrvag0nYTncPA1Iitl,5,5
7Is0OPWVcN8DdZpcNuClcy,2,2
7IszPgWG66iEAnc7rPa0IY,2,2
7ItTtfj4WQHe4SKNM22QFT,2,2
7ItZM6DMZE2m1X7yIaRxjq,2,2
7Iy6r0TWdhMUPfSspCGRKY,2,2
7J0E3iSjAxIdQtArstSfIJ,3,3
7J2JnVWhxySGf48iJgk6pv,2,2
7J5d8EHVjEYbMgOXGi0PKD,2,2
7JDWhC422Gtk1Bq0mL3OTC,4,4
7JGe5XiHmtJZ05qt9TYArV,2,2
7JGgKHHDgJCJkQCQxyHHdl,2,2
7JIIY2oDPFkURYMCLJuzhe,2,2
7JIuqL4ZqkpfGKQhYlrirs,2,2
7JJ2YihKiiTove86Gt12LV,3,3
7JJmb5XwzOO8jgpou264Ml,2,2
7JK8Z5ETSuzCaEW2SkQhV4,2,2
7JKeRODQpE6XSOkHUYJrc3,3,3
7JL2Fh0ciZuujo0XsvAah7,2,2
7JO9xpBP2uwgMMINJkc43y,2,2
7JOIlJ9KSPIr8SRK4zl8zj,5,5
7JOl4HmhTe7GSBKwXxjQsk,2,2
7JP8lWYrxpA8luKU8IPd3Y,2,2
7JPAO45DZOmN2bciVaBia5,3,3
7JQJH07Mo4UQDBBVR2cKNh,2,2
7JUUnmGyv4qi32A5c60IbR,3,3
7JVjcxfs9CG6Ozlmibdrkl,2,2
7JWVoYwmKrFWpHaXCCcyiH,2,2
7JYo3xqYXCeDUgZOT100ti,2,2
7JZYv0kbkfPdTdpCU9P7KD,3,3
7Ja9xfr9nlVNCfpwTZfx37,2,2
7JdEX5CkWNaPB9jLFFrMli,2,2
7JhZI4MzYLnjQdvxco3kVU,2,2
7Ji2sHw2oScKQ14W956LUL,2,2
7JiWFKym2XX7vgQDt0uUmB,2,2
7JoVRy6b5AqggrBcSQ27wV,2,2
7Jqh8o6yV7EeFokJX5gQsa,2,2
7Jryb0dEqCliFaGVsDmxEs,2,2
7JupLCHELRoJiUubOPBPck,2,2
7K0Nelb1gfXMjaChQS1nzZ,3,3
7K0WZ75nHqj450OYd3ZywF,3,3
7K0pKyU2oYG8TJHXXyEHGy,2,2
7K293fK5kJf9TP6HgMsyGw,5,5
7K3RgukdPFTSOsOaqeqVRB,2,2
7K5tOFxje8nlunmexOmWgo,3,3
7K96XKPXv0xPKetFRB7Zh6,5,5
7KAWe3JvPTugKW2zIrYo88,2,2
7KC4B2R255iYIPVG8S7Eey,2,2
7KC9bnTvAbU3gJTBej0qP3,2,2
7KEN7S7Tg4BXgghYZcinS9,2,2
7KF2jnp3QIwcl7QJP5i5nW,2,2
7KKRPM4fUsfCkJnd1zPhHf,2,2
7KMxBakqV7SKVrS6qDv2yq,3,3
7KPwpv8wlkkaNRd4LLoQT9,5,5
7KR3rQJtJviqmloUwYK86T,2,2
7KRBTvR93d6uh11lTiVgg3,2,2
7KRGQmYu7yEixrsG8fME6Z,2,2
7KSGzwS26H4ACx4RihLpFf,4,4
7KWoeBqSdZHEloYKVxssfG,2,2
7KWugVA9Eh81qeA8kkYrww,2,2
7KX65PC1UZuImsUInThbav,2,2
7KaqcST5QdMTGPCKWW9ayv,6,6
7KbF6AdprOXEEHlsq11Z6d,3,3
7Kbw2fTMOU43MrqXdGzroh,2,2
7KhPHo1KWoA7AMOedW5Pw1,2,2
7KhzNtBj6hmB08fyJCIRb3,2,2
7Kiw2eWnLpXmnKXKxpCcq0,2,2
7KkdYJqxvq4ZFq9gvFy06v,3,3
7KlmptaueSViBgx1DDOCQ7,2,2
7Kohy4v3KLWfUXlv9N3feB,2,2
7Krx6Hsh1pC1gpfkKaV51q,2,2
7KuYN3fAlt1JM689zzx3wJ,3,3
7Kwki4PiBWp3b4Re5Rcdes,2,2
7L18r0lddbrSDSSj5dSvRJ,2,2
7L3HM9vm4n3Hy3GpkorAPh,2,2
7L3fJyDWjGnLnfw2errcOV,2,2
7L4KiPueD37aT3rxs7FVzP,2,2
7L4w1yQnlhqo4oUjpW53wz,2,2
7L93GESzq43UkKUt5FsOCq,2,2
7L9DZ59G0e4UnNoGBydJNJ,2,2
7LFjR00hYqMp5TzC4Y8ghA,3,3
7LG0FEpKoKvHCv1S6FUrBY,2,2
7LGfapaZt3B0aX3lihpJgl,2,2
7LHAKF7pBqHch8o6Yo0ad5,5,5
7LHaRfgjJzOEzvnAZVxxtR,2,2
7LIe6EoFsUM8DbsLLNQeyO,2,2
7LLDJc4fU2GHn5vpdkTnuW,2,2
7LLHsA0fykxdPPmJ0mxr4X,2,2
7LMWOSOTxSMxABmkpG2YK3,3,3
7LN8r323npl8Yc0wOdDSqu,3,3
7LNP6YNYDeMgBeG4JBfAdq,2,2
7LNm1oWd6PniO9wRYpNY5o,3,3
7LQ1ZZlbxJN0HePXKEyy0R,2,2
7LR44miVMWFENCpE4ZXNo1,4,4
7LTubC1b644a6Ns7IUwTFK,2,2
7LUsIrW9BlMJs3WhXne9Ue,2,2
7LVsLHXVLscS5xY7q50TLT,2,2
7LXJorEhjuKbh2xwMp5RaA,2,2
7LYGpt7ckc34CFWcsxwnJl,2,2
7LZgdL0MxiElfaKZbuuE4l,2,2
7LaYi5gdJtKtZkleknDBU9,2,2
7Lbp0AizgtTGyQyRyJOm7f,2,2
7Lf5l4hbjlZIV6iQ3nR0YV,2,2
7LfCxBT8PCrWc62KweFhX5,2,2
7LgxYvP8zzKSapwngbxAeU,2,2
7LmG9LUGnpdzSbqkxN3Pch,2,2
7LnWFUNT788TUHymfa2JED,3,3
7LpS82vPDLgZAHWRtWBBRj,2,2
7LqQO6uWQHDEue1ejeUVhF,2,2
7LtXmsv58ijM3k2dP6h6fR,4,4
7Lvxcrbzuz1mNCPkFakS9K,2,2
7LwGBxB0h0CVmkOZxYKn0g,2,2
7LyHLyC6mKKnSALH9QjWQZ,3,3
7LyODTwVRK0KN0615tcBPq,4,4
7M3HuQRRAm1QD4kftmq0bb,2,2
7M62cpl1L8v53XwfCZ2GYD,3,3
7M6HUMTLYk36ThEK9G5QpN,2,2
7M7vBoHAwzFQaMf8VaVIn4,3,3
7M9pPyt8Gr41THLhbz4NSB,2,2
7MAS0yiC3a4YX2gatvkEuK,3,3
7MB82aWojKYntOXvQUogZM,3,3
7MBqVOzb8C3f0FXr2LBLiq,4,4
7MDwxOvy8omHHqRBch9T3H,4,4
7MGtbDJ5mydyvTl3FLpTvS,4,4
7MIKwg3dDCWhxMVjMvqF1O,5,5
7MIN37CiVP1lVjqKNmLMWk,2,2
7MIhUdNJtaOnDmC5nBC1fb,2,2
7MKJYsiMCzQNmWaObPO4bQ,3,3
7MLWLQSOUQc9sAghrNim6j,3,2
7MMUmuPiGgSl95eTLgBfNS,2,2
7MMfMzBJbXYfA37UYzRYUI,2,2
7MUW9VPYDM00UdwF1csfCq,2,2
7MUd9iu6pW3KnLcz2NuMcs,6,6
7MVrLce4MZMiGrm6ehdGSt,2,2
7MXlRIl901aXfJ2oSGn0E2,2,2
7MZmJSdPF9gy5nQsHjUMuB,2,2
7MbfpPG4oVcnyIulMKBkCK,5,5
7McCOOQG8GQtngK2Obh0Ts,3,3
7Md7IzzMCu8IgbZr5AJpoX,2,2
7MdX25DW2YXXwCWl8fSHnq,2,2
7MhNCT34oaLIxwAsZlZd67,3,3
7MiYNyj5si5yiWyeSkgzqB,2,2
7Mk2oRfRIbt0SetSvDZSmi,2,2
7MmG8p0F9N3C4AXdK6o6Eb,3,3
7MnC99xFKlx4QdCbxmRBTx,2,2
7MoPVyB6vUWwzGoo2EMGD4,2,2
7MtpXnAhLKdkXjoFaK95TB,3,3
7MuPOXU2vjEe3Kh9LfbM5v,2,2
7MvuFyAPlXazo6NUuei5Di,4,4
7N02vK6QmHRiMVa6oy3HUA,2,2
7N0Py2msno86enR6JPNlpV,2,2
7N0bKawoIi0x5HwLXzJwua,2,2
7N28Tbrr3EePLlXGFcTcUo,3,3
7N3PAbqfTjSEU1edb2tY8j,2,2
7a07LwoTEqMdngkepQaAsO,3,3
7a3BtnxJWh4Hr0dfLo467F,2,2
7a6dKghXRh8XAiwJAdigfG,2,1
7a8Sxul9deqkRnBBLAWGoI,2,2
7aAUBn95iXUX67K9AzUyzN,2,2
7aBRoWtp9jsZFxwml1LfeG,2,2
7aDLnVQ1Gvjh6Q0nc1rePd,3,3
7aDOJxh95VAx7G76l9YajI,5,5
7aEivHwZvqNHoqsXoNKcWL,3,3
7aGyRfJWtLqgJaZoG9lJhE,2,2
7aIEY85BK4Y9LQwT0MXz2V,5,5
7aK1caHaXe63BtAoIFvN2h,2,2
7aLVYBUwcDsd1XBNrBj4ko,3,3
7aLh3kqOguvlZQdBioa5cP,2,2
7aMY3p166A7gDvbugcE2Ao,2,2
7aOor99o8NNLZYElOXlBG1,2,2
7aPJaxQb4zNYVcFZtBkVhJ,2,2
7aPTbv8pvxyqSK2LSHPy7y,2,2
7aQT5OB4zEgyyxfRDbOBIt,2,2
7aRofteBTxN9i5UalaYG1n,2,2
7aUuoq4oMfLxaLa5GVUDHi,2,2
7aaux2JDvWvdUfrEZTmWEA,2,2
7abcm7Q3r2MKCTttMjIZo4,2,2
7ad7ylxNmPqxmS8SJYEUeJ,2,2
7aeHztFLa7y9oRCmnJiS7U,2,2
7af1WixhIA44jYgzXU19da,6,5
7ajVYJt15NuE3NmzxSHOyS,2,2
7aoJALsQuyzF9KnkO7AwXf,2,2
7aonAWn0J0AJ47ZU9WHCXC,2,2
7aqbM1anoTfbbQKQqwMrER,2,2
7arsXR8AtExnOFN3v3HiJI,3,3
7asucfVh7xocyQ5b4ay1nR,4,4
7axJf0rBRxyTk397LbJpTt,2,2
7axpJkZcb36Wgjy0SxuEai,2,2
7aySoZnwt7c6lA54qVVUOk,2,2
7b1JFWEOfZtN9HGCzvBOir,5,5
7b1XzNeXhfwGNJWE6gHFRz,3,3
7b3OfGX7LuIyTBk6FMdagF,4,4
7b4yGtR0rujvLi5EBfKKJ2,2,1
7b7QqKepv8wY6VopSmQqX8,2,2
7b7U1UbBVxh6T7hYfYoJjY,4,4
7bAPKF3x8O8g6NVhDfeVhM,2,2
7bDVcyCsENX57qgjk2twzU,3,3
7bJ6xGa3RG2dQgNiK10uAv,2,2
7bJIb0bPGNHq1RqO2ofA8v,2,2
7bJSiwLFnhoO7g83bWkCtA,4,4
7bO42EBeTY998hkz8AFxpd,4,4
7bTjec04WBUn3Ou0hxEspC,5,5
7bUSctvSgznxwWt0Spag0o,2,2
7bYsIVw6B8QRvtT7TeyRdT,2,2
7bZvwchc1K3h3sxrEhTSsT,2,2
7baJpnxFot26Wjv9jy1vvK,2,2
7bcWFmFSQ7INVYL5ly40pB,2,2
7bd6i95HUlQkNkTQClwcW5,3,3
7bdROC1GostP0gWqEP8P2h,3,2
7behMMmmyTzM0MGfMwiq5Z,2,2
7bfMKlkk76s6ou41vmRS9W,2,2
7bg7JfJvKgKX1xTn1gGAki,6,6
7bhHLZxkRekrNPPkEdDTbn,2,2
7boKWlaNVmrhJdX8IbzUdD,3,3
7bqnvindpmkim89M9yhRiU,2,1
7brQHA2CgQpcMBiOlfiXYb,3,3
7bu1HT9EXG5aWcaE925z9d,2,2
7bvuyE21cfzzM3JzRNtyp7,2,2
7c2IApOeLTZfrB5dVScRUP,2,2
7c3LzKrKNa2TgBgGfVMMCf,2,2
7c3WYpxhHvUFaYqWioIN7a,4,4
7c3qCkbYKDJe8bcWTD6A3j,4,4
7c5gFNt49WZ1vHbVHT13Yz,4,4
7c6AxRHaO6nfzhOxLShc94,2,2
7c6UvYQpPAuC8SX67HN0DG,2,2
7c7iiyRHZQB2VUxyUQA8ZI,2,2
7cELheBXF3jIShGuewCy44,2,2
7cEZSmCRCiOU1nsCuAtx0F,4,4
7cEbICGWeFyBTmijsRtbjr,2,2
7cITfGsdjGaTP0b5oiLL0z,2,2
7cJiWsqhP2234MbHVBJFJe,2,2
7cKpWhrEnnqn5iaYvllaf9,2,2
7cLZgixGEsVmpGdlGe6fSC,3,3
7cOr5Lj5tv0A1IPO5hVriz,2,2
7cP99Dd9VNjDpr4yYIRGK9,3,3
7cPYSzsrl6imQkzeO1HZ9b,2,2
7cPuE0M35EajWPRO3nRcH8,3,3
7cQ0dT1Xt0k5j3n2jc0ry0,2,2
7cRGgrQ9eg8V8A4FsSj020,2,2
7cS2YS8Q5wJ7ZzqbKLsuFR,5,5
7cT99a1NDf5NZE7apkm1mu,2,2
7cU0PtlmCWolIieowxvdhd,2,2
7cUPrTfP6VNOK22pZNEwbq,2,2
7cUyVxIT8JiDsVhdqeB3QP,2,2
7cVX0XbrMraZTkYdrUXpaP,3,3
7cVe3mYMIfhOlz1NXFWv70,2,2
7cWD565NKIelWEJg9HcRd5,3,3
7cWnks0lsRtpAi87COOiXK,4,4
7cYSPJFfMSfWA8x8KgCBsi,3,3
7cZlFUJO4BjedIErzdP6iq,2,2
7caj6X6NMX3tlhWnu1du6V,3,3
7cawZykaoTUyaRqZLclrts,2,2
7ccsKU0u0EB123rIg20ktB,2,2
7cdA1Rzltz10frwA33DcQH,2,2
7cgu4JBW3hq1GwTM1ilkKQ,3,3
7ch58HVDTPKKTUvI4xO9QX,3,3
7ch89fdAaK52QYF5QKUUab,4,4
7ckUEDVJ1woYh2NnaHxA8G,2,2
7ckgU4Hcj9urCh2bTO8Ct8,3,3
7clRrvxALwmHb6JcDZ4UIs,2,2
7coGhA3MmrmiOuboH32qSY,3,3
7cpC2EuFMexgy392K13RZb,3,3
7cpCU3Denug5NGZsSpQl8v,2,2
7cq2nIdClANqlwH4okuYm3,2,2
7cs7MLtAWvsdf3w5kBvfK2,3,3
7csUyPBYHadIijsrtHyea6,2,2
7cuOefq9vNVT3tDS2hRXPd,2,2
7cwXOAtTS7K9sC6Y3dGpWk,2,2
7cwkcJfPKgSfHv8fbKEfSq,2,2
7cxEaBfTSWQNqYLLuJtsx7,2,2
7d1GOp9B1tcl9Z31eF1nkI,2,2
7d5ufSYehroRIgCXxJvcTM,2,2
7d6qX28ITEgBUhCJ86SeYq,2,2
7d7aPD2oxuzjhOZnu4Dj23,3,3
7dC7qps73xUomlhJhfxatb,4,4
7dEfa89dZfo6CQPdsgGCF6,4,4
7dGksgOyGuJ9QCNZhxxN5e,2,2
7dOojrH8KZCPzOo5m7M4WN,2,2
7dRRZcjDdwO1LPzn3otNJF,2,2
7dS7O9Fv4P4pnX1Xz1DhSR,2,2
7dSZ6zGTQx66c2GF91xCrb,2,2
7dT6ccDqmMHvz5C0d8iUND,2,2
7dTIsyFZ6GFDRNxilprPXg,2,2
7dTd00X8Mc5iErfQQyBA6B,3,3
7dUeGRu9gaXSjkjKO4I8F3,2,2
7dWhRhar3tkRAmDySd3ykb,2,2
7dY9gGn93i4EoH7oUk2uP4,2,2
7dYjEwbLJ1B5reoz3lWra0,2,2
7dZq3hxakgytMDpxK0QNhR,4,4
7dbI4g3m8A0isJVvYk2xdD,2,2
7dblNGnRXEBrVJunazs2U5,3,3
7ddbfbzyO03TKQGazsRKKI,2,2
7de3XY2dWCowu7j5NxO2PV,4,4
7dgXB9Y5Aa0ScoDde0Jnmy,2,2
7dhVLJgzvOcfwfV3ellh9a,2,2
7diiW6RSbOz0o1P7BWGmut,2,2
7dl6sU2RWIcTVOSa3E2VBW,2,2
7dloWZBxoZkfwczMoCz7Y1,2,2
7dpqyGseVaTFPXIsAQPyCg,3,3
7ds0MBuaP47Ao1ZeG5q24w,2,2
7dsImih2L25fa6qjNphBI7,3,3
7dtxV1gbo3kWHiBhFywD7v,2,1
7dwSsdCOY36upP3jChvTIJ,2,1
7e1pVaWqwd2W1KEeTBodCy,2,2
7e3JpmZNlzh8reXergT8LC,5,5
7e4SULG2NwQ9rt7MK6FbKl,2,2
7e5dxB4XlHbzakVj25TvQS,2,2
7e6qTHVfRdaYsio90s1fHC,2,2
7e89621JPkKaeDSTQ3avtg,3,3
7e8CuL07X8B7EKA4h84V9Z,2,2
7eAm1mBCgg8iC9UIrxCe1U,2,2
7eAnF0Yr5MsC3Y2JOxBaY5,3,3
7eBqNSGi5jOBQZDiecXJas,2,2
7eDRwdaVYsCVcG3xthMji4,2,2
7eDrdQ7PK9Xm1CZCKWsgmH,2,2
7eDtl2KToh99gXNRRfuY9l,2,2
7eEL9KyVPyH1lqqgoEIvxZ,2,2
7eGrb4IuURKz6R6hDMrB8p,3,3
7eHNkOVD3rwedkuJDOac2p,2,2
7eK418wMGx908CDgCNwAPh,2,2
7eNSk0grNnO7MqjLZzs6MM,2,2
7ePjtuqKqa0ZbzznCNqiEf,2,2
7eR5i0UNKTG57MMLZJpeB6,2,2
7eTuH5YFkxOkTjiOYfz3pj,2,2
7eTy1IzCaICfm6JYy1BV4u,6,6
7eadaD2SBArRbebB9CP70X,4,4
7eagn7sy1HS26VGz4lYmr1,2,2
7ebceNRVeFRFpd4qLENYpO,2,2
7ecbsiAQ6PNdiAq0hplVZo,2,2
7ed2Ed5z0vMM4bqnZpWKK6,4,4
7ef4DlsgrMEH11cDZd32M6,5,5
7efeim37m5pprC4BNHyet1,2,2
7egBkyPzx7z0Y9UkQ1kJiM,2,2
7egj375ez0KtF3bYCfAHdZ,2,2
7eiuL8b6TSjkhNEk544GLZ,2,2
7ejyUCWw9t9AbeOrCj5p7t,3,3
7elD8TsTypKiHbolw5Uu6W,3,3
7em6T7mETpDEzyPg2UArtk,5,5
7enI1KbQAwrMcu6Zf5FScf,2,2
7epvz4k2v8qrzYansbnKAd,3,3
7eqNATKM78MkWP6aHGXHEV,2,2
7es56D0QedGMsK39wl2yFX,2,2
7eswEpI2XBgUVIH8AaIBlH,2,2
7eyAPGAA1u9lJCYrZUzVWl,2,2
7f2Rpazz6GxPwKKGcTK3LA,2,2
7f6DB3KvWZfEcm00Sefn8t,2,2
7fC8yji6KpWf1snZh1bf9h,3,3
7fCR5jaisnPxIHcvyUKAv9,2,2
7fHvI0zoz7nP0dSoiv7ntt,2,2
7fJCh476dJ84H0WzUeOjXE,3,3
7fKknB0a4fKXCaYl7PHpUO,2,2
7fLbCGlipM2zblhppk4mFJ,2,2
7fLmEh9XCD83rrP8XJEL5r,2,2
7fRvtXvJMpGfTLdF0M09a1,2,2
7fSqV7QeQSZaihS4X5O78n,3,3
7fT3ZFYttlbQDWrx9UPw5h,2,2
7fTfvDlOUf0etaphlgUegi,2,1
7fY8qVujvm5lZBrt5Y1sIJ,4,4
7fYRg3CEbk6rNCuzNzMT06,3,3
7fZBQnc0zXwVybgCIrQQil,4,4
7fZiHuZ3OapgnshQ7QtxWV,3,3
7fcfNW0XxTWlwVlftzfDOR,4,4
7fduswfw6pp8e1U4k5aF0R,2,2
7fex2V7RzWl9nCKyILjibB,2,2
7flHD8a99bRLIDNDGuns1Y,3,3
7floNISpH8VF4z4459Qo18,2,2
7fnlCZNt82upj7hSTkPKsp,2,2
7fpvwvVR2zhNaWUAUDXznF,2,2
7fpym9dJ7HFNgOxk2x8iMb,4,4
7frJTPBH4qaatdpJXJfjB5,2,2
7frumfCbPME9rnrbBB7qZ7,3,3
7fsS00rqy2kIR07d9i7OXD,2,2
7fxk6qjkQHs66OZcDsEe8K,2,2
7fyIuR4aaWb6iltlAoSkxF,2,2
7g1251d41qVR8kq6yz9XXa,2,2
7g2zJC8JmpZF2vcXjZOHOe,2,2
7g7Zqii3qccY5O8DNL8PFw,3,3
7g7or6ba1mBgq5Ydj2ixjs,2,2
7g8dJIEhLLS17rESlJbp1e,2,2
7gF611irT26CBRN7JOTRAU,3,3
7gFzBppKTiKAs38SWOjbO6,2,2
7gGCGzNFmW0xjhA8dA3Y5w,2,2
7gHs73wELdeycvS48JfIos,2,2
7gHyZziBrTz4kGv9kGAyN2,2,2
7gI4OJM4OjgYT0C8L5ONwP,3,3
7gJt7kfEVdsJevCOShRwrg,3,3
7gK2q5m7SDSY4MDPvv3v9c,2,1
7gKeAmWHiUXPWLPFKrjKuY,2,2
7gLVKmFdPHGTrrK5QknUnw,2,2
7gMobZSfdEGUEIDuMNihXH,2,2
7gNqCN4EK3B0mnklBp7EqP,2,2
7gUgDucWxwsrnNGN43MZcu,3,3
7gUjHw5w4NFoNsu583p4Yo,2,2
7gVNP7rI9UBZndge0ulKfL,2,2
7gW7vssw98Zqryp4C7qRdY,3,3
7gXkeV2BHU3eLOMtsWs6nz,2,2
7gbdU7Cuj07lHi0qW0vZcG,2,2
7gcEhyaquVPjSkUj9rugM3,2,2
7gcMKL3lnDxsp4bIXyv6Zk,3,3
7geBeVl1Le1m948MVVPzcv,2,2
7giEzSsPzYuyCvRgoRijkF,2,2
7gip0LcKJuuS4pfg7Ya8gD,2,2
7gl8XJ8EmiObfSFppTATt6,2,2
7glG2aRcS9PsbBDiSbsliO,2,2
7go7veQFBqDjim1ABF1xT9,2,2
7grzdNt3eQRiBC70GksRp1,3,3
7gtO54x88Y7GhY0jHgiV6P,2,1
7gu0zaym9C9Kp1va4ZeYXR,2,2
7gu4nfoJkzmRsATBRjNCWI,4,4
7guW1bVC4aTIjxCeZpjbsR,2,2
7gvMCmfFPtS1LY1PSWdmKT,2,2
7gxW8hMXEUkc1G3m7z9vei,2,2
7gyhWg9k5HkgWZq9V8nsrT,4,4
7gyzXunQxTRapIBtkIoG7K,3,3
7h24KIgBhiyzbYnxsGzevk,2,2
7h3ryyFSZ1ycnh8CYpULRa,2,2
7hAJdc1P2u9q8G6ucKlZD0,2,2
7hB5Eudt5YyhxdBlKFE9pK,3,3
7hCZVX8ogwzgszIKtkD6Bv,3,3
7hEJQsARNIqoEvNTUs9gZ1,2,2
7hKtv99afuqMm0wzBMIvnN,2,2
7hMKAmUlUUYa5qEiHWK4bk,2,2
7hNpXMX0eKLlvZc7p0OhaO,2,2
7hNyAHE2VsZt7gawcaO5Ji,2,2
7hOCTGGlJBfdenJDrjduht,2,2
7hOfyNuj2dLc0HAEYVDIYS,3,3
7hQqneQFiXJQOvz6ppQs2y,2,2
7hR5toSPEgwFZ78jfHdANM,2,2
7hSnUKB7xmb8p7y3GFRz0s,3,3
7ha9B32izQ0Ni2RtSzm2C4,3,3
7hbhmhoXKwrRMbXZ194lS1,2,2
7he38NZUICh6T2dP5CpbAJ,2,2
7heMX7gyHP0mhTlNgd7Lxd,2,2
7hiUBUSyIepRGWQbYrMvzw,3,3
7hjbOIcQnULsxDoS2CPmdQ,2,2
7hke4o18WMJDxYpNkmYuYl,2,2
7hlPu95E6ur5uhUeFRfMzL,2,2
7hlZSfZMS88Tv2jsnI0sK8,3,3
7hlfLeVhEMsVR2z2ktWTqS,2,2
7ho8AmAGyByBomWJPwThKX,3,3
7hoE6tBvjppcNyVQEaLoKc,2,2
7hofL9YADeFqnsFdDrxdbs,2,2
7hrZ36mZ5Qj4aMucGDhKHn,2,2
7ht8B6G89HluBPiApVGtv4,2,2
7huPZuYrinI8IETL1ihSq4,2,2
7hwthq1edAI6IMNBmmypqH,2,2
7hynhxDoDpgMIV12JuVtNa,2,2
7hzlzoOwCZ4D3Ow5YZK4kj,3,3
7i06j7x2UzGnURlzGV37WL,5,5
7i0UYyimBRONNLjNdsfVBz,2,2
7i1DkDc2j0yVsSt3jjDvk3,2,2
7i2v1qGRuxH3pqIWYpqqBE,3,3
7i3eGUaXwZufKiiLge74R1,2,2
7i4ClHpiIbAf5Qfmj6jYJG,2,2
7i5IbgNkFA4JwfT4OAgdgD,4,4
7i8l9o6EtdeTnD1id65IxF,2,2
7iBBcw61QVJxI3NDzlpX2E,2,2
7iDDlE7hd3j6MhPHktza8o,3,3
7iDWdPF81DIex21TDzJgHv,2,2
7iF3kDevjtxEtZcIjZxqWs,2,2
7iHW8rBKb2Bt910LxiXejc,2,2
7iKkBgyipYWWQuemhe8Fr6,2,2
7iLz34DTToaD3C6V1o5GbH,2,2
7iMQChXFK33TS49QWhE4tt,3,3
7iN1s7xHE4ifF5povM6A48,3,3
7iNkVBUfoXHd4QyS5SSKX5,2,2
7iOm7tuQZeqXqzBZJ14CSM,2,2
7iPlYsBxklzdQe4iVQx7DK,2,2
7iW8xGGEHZFMcyBdWlAsIX,3,3
7iWku14DAw9BS3mftbVEeK,2,2
7iXBqj42eDlccv9J2qjMnh,2,2
7iXfjUgy3TGPsyncVgb7FJ,2,2
7iYMW4Ww40RAbfeccmzMQa,3,3
7iZq5g7cQRKJlnqGCJbJFI,3,3
7iagi306NrUMhjowfe2d98,4,4
7ibelrkhyU0Nd8AW1cjPil,2,2
7idmN70yhFrMLLoC4Ufeak,2,2
7ihiLioTpPR5p8jhjoKO1g,2,2
7ijOLIYbAqtLsqMpjWYMfL,2,2
7ikJw7nFIbtKlRx97TZ2aB,3,3
7ikxeH5UEtVb5okhmgk60g,2,2
7im7el3l35lOejnrYCjKVO,2,2
7iqrdb5JRoBOE9CQLCv9W0,2,2
7is7eKcjZJ9YHHFEEEc8KB,3,3
7isAr2kWfTN2y1IiP0ndEJ,2,2
7isVtUtibpSO2eVSkSJcc6,2,2
7ix05uGBD7ryqUtGgd5sD0,2,2
7ixiCZEHWHc8FxaQXQh2P4,2,2
7ixvpOECWOPu1q2MWCXN0R,2,2
7izpOP3sww7TkqfjmEI1GM,2,2
7izqZuO3Z4Hh4pvL17tmk4,5,5
7j0cTjB4Vk5MiRlp8IQB8x,4,4
7j31rVgGX9Q2blT92VBEA0,2,2
7j3QVBjUqWBwxzOZ6Chybp,2,2
7j43FohbLVulScL7S9sQZk,2,2
7j56HrjR9cGzvekvZY3Faz,3,3
7j6Cb59M9yOq3aw4fmDzQj,2,2
7j6b1wVBo73RNkNHFtERPb,2,2
7jEyX4bqaCSdMN4D4JNnVj,3,3
7jGzYUZ2Bgg8BDfYlQRfn8,4,4
7jIKj2JIrRNMOoCTfQRs3v,2,2
7jJw7oBOkzPkAfd5NSZDLO,2,2
7jQIgkV48Z4d8A7mA8UOkq,4,4
7jR0ezj19qPMx5Ts9ge9I6,2,2
7jYZ5YItwaAZUyWBmBOSRa,2,2
7jZohYbYAs1Pdl3i2u2c4J,4,4
7jeOETwLUP84mPQzxlD5nh,2,2
7jeTJ7399PqgZvyfW1LrvK,2,2
7jjDw6alw2XkyTKvdWZtYE,2,2
7jkfwumh6cQYFsIsqPJ7ps,3,3
7jktxmkjQIRbiBzMmYv32E,2,2
7jmHyHMEqm9MJWiMAneF05,3,3
7jrkBLvhjeNs7X86wL3jKf,3,3
7jrnZxYFBJFHO7hcJBCAIl,2,2
7k2Gfx7sRbecp29SQuNWXv,4,4
7k2sPT9Ej3Om2DnbueUh3v,2,2
7k3uKOLzMCvYM00E3QZTSq,2,2
7k4t7uLgtOxPwTpFmtJNTY,2,2
7k5PPDJDmoioOySDPT5IdU,2,2
7k5yN2dyZPwv2NFCNjXu1Y,2,2
7k6QR9YHyW258yVN6FHO1T,3,3
7k7DnptxRrSXcTdEPd1R4F,3,3
7k8ACYfxa2aobtxHnBg1vl,2,2
7k9GuJYLp2AzqokyEdwEw2,2,2
7kAzaxFL9SNlDnCOFENybw,2,2
7kCgycosmwcfZJmbXRseEa,2,2
7kEwwmnAkgoll8koLkwZeC,2,2
7kJAJJWRFRn1kmqC2zlKim,5,5
7kN7u1ZDOrNBKcEEGwGeDY,2,2
7kPu650beK6ZW7c6xUq6f0,2,2
7kSaXrHANOFv8iXgh2gvgA,2,2
7kVDkZkZc8qBUBsF6klUoY,2,2
7kXmJwrZGIhDaLT9sNo3ut,2,2
7kao8wtgDELLkoMjGPhre7,2,1
7kbvMr9iDzYP7KH6apVFSA,3,3
7kcMEKsmqgfq68gSQk6F9c,2,2
7keXdrB4mz57u4b8YkCwag,2,2
7kgnklf0HG5upgIo0N4SYa,2,2
7kj7fG3A6mYLDMfxDejfzm,2,2
7kjCV7x1jtkCEPSOmcdKQc,3,3
7kklTO67Wai5FM1vjPiZmz,2,2
7koBwNqGeWdyEA7KvtpQVL,2,2
7ksAGloyLZyKThB86rErvT,2,2
7kxM3UJwN6rHAW5kwdlAHK,2,2
7kxfWvj6u9oWQ5C36kMtGb,4,4
7kyiBfD6aY6qsfLd0Hja3w,2,2
7kzKAuUzOITUauHAhoMoxA,2,2
7kzz52nsw2wy0LPQ84ynHE,2,2
7l5GAw0cglUUnN7bKAz5ab,2,2
7l6igJJb9awQAug49zMRM2,2,2
7l9cCg3EBqVfBikbc21Kb0,4,4
7lBAKSeXGXmMEhLiz0qw9M,2,2
7lBFGIrf4ti3eylvgR4s4R,4,4
7lGKEWMXVWWTt3X71Bv44I,2,2
7lGhrfren1Zpwh0ds0zuUg,2,2
7lIXhNqUrf0GHCXNbGOEB4,2,2
7lNcGFFAqu5CLB1MU7jbST,2,2
7lRlq939cDG4SzWOF4VAnd,2,2
7lRp0mTu0oAaN3avFuouoQ,2,2
7lTWdUAtKRdaRS0UbQD9y7,5,4
7lUB18zW8flnzCpHmIA0lL,2,2
7lZWYPMQv6whyz9oSs7djy,2,2
7lb82F4jY2jH9996rMc8U9,3,3
7lbP23HcKWPfXz5R1dR685,2,2
7lcR0YsFYy2vIgbOyX3gxg,3,3
7lekmoc4i0EunGhvfqYzPl,2,2
7lfnnW74hr3PfOwbojgCnW,3,3
7lhxbliD1eFzb5WWk0LZvO,3,3
7lia528U7Kw5DvvfWbCN0w,3,3
7lidXGPXPYLNThITAOTlkK,3,3
7lmeLXvVcpj2QbqgHjwB4G,4,4
7lpmIGFw7Kc9qIdq4cGs34,2,2
7lr1Qj5i2emYCPqUiIyFcz,2,2
7lrP86Z9b3e867M4EqiDk2,2,2
7ltLi7CG003USSGYsSba9s,2,2
7lvUf1BLEZuuwhbc9xeR12,4,3
7lvobfYGCBe0okzSwMtvRK,2,2
7m0ZAW5ZO9lo6UOKyRPOJk,2,2
7m0ZqFw6SHoAvtEccpMOs3,2,2
7m4CgL81VVIHaaiSxyH922,3,3
7m4luTtlene5vS6xUvWxRt,4,4
7m6IcQvZxQPSuzY465stcP,2,2
7m74gDDWJmNjL1rUcWReuH,2,2
7m8A3LgFmtjCKUl83cm4vI,2,2
7m9OqQk4RVRkw9JJdeAw96,2,2
7mCs2Eai4oIX9q4SNJirjo,2,2
7mDdR7ynAJuMdkr49AlF1W,2,2
7mDsQh8ZNJsFgbp5iTuSET,2,2
7mEm1N1cDErUOpFWic3TIZ,2,2
7mF9uYGCRlj7KWNYJHQBZP,4,4
7mGM85r9ObS1UsZF9bVaS8,3,3
7mJdz7uNv3jgVSIMkSf8ca,6,6
7mLEUzAulFygMchoGMrP8E,2,2
7mM5ZcqOhcNmlWjU8EZ1i0,2,2
7mNZUnDWUDidWBFaUpVtOC,2,2
7mOGLFitvkIyK6xix2xo1m,2,1
7mRCgqF1eXVoDUpOldz9Nl,3,3
7mTpX5rx3tGD7eocjhRZS8,2,2
7mTu2ZcNb2Ip79YEzZZnrf,2,2
7mULVp0DJrI2Nd6GesLvxn,5,4
7mULdwxJbL0Pl7yvrACd2X,3,3
7mWFF4gPADjTQjC97CgFVt,3,3
7mY5rHx11vyazThG8xIBzO,2,2
7ma2fbKDEvJeGJAx0YedAs,2,2
7maprFc3lpb4PSq3290wk3,4,4
7mbbGuqfaIIFHImIwu45Xi,3,3
7mbd55vVvtqHOfxL2L5zRM,5,5
7me5d5XmtCCfbDk3SsyXqM,2,2
7mfemPkXO5f3uw6cXOikHQ,4,4
7mjSHL2Eb0kAwiKbvNNyD9,4,4
7ml6NhIU4YiIeAtog31ZF1,2,2
7mnKyGfRTHjZo9fYpb9WeX,2,2
7mntHnF2frXuZwFAp8ouCB,4,4
7mspMgbrDiYlTaEMI7jNaO,2,2
7mwFpSD2Y6wTAi9lWTPNRB,2,2
7mzPAftljnsFmU6131Pqcd,2,2
7n3WO6ESKS1uCI9fgkGs66,4,4
7n4Y9BCKLHi4hqI2NctuAq,3,3
7n6FiTKMPLDZNjvmhVuxSu,2,2
7n6t89yx1U566KfgFbZNBD,2,2
7nAfXgeHfDO50upcOjJOaq,3,3
7nBeVCe5XQ6sn6dzqFvglv,2,2
7nBtvMaR4GTorkIlNlvN59,2,2
7nE3oOOq9YVJbXhdJSO2Qf,4,4
7nEE5RihPZU6L5LZqDeEZD,2,2
7nF9c1EmRF3BNAtKDCwUAK,3,3
7nGBzBEsoaQXyc37FL1lNs,2,2
7nIyZpAsOH3U0dYBiozXea,4,4
7nJMvNlDpJShN4HJNJ97Gh,2,2
7nMhRQY2qk6TBfhb64UopK,2,2
7nMjgX8uYCl2SDQuArcWv9,2,2
7nONCWnM5GfhDRc1sajdRq,2,2
7nPdbiSqvnJxIl28z6PQZg,4,4
7nR2mGoLpfzMA5f3tFdtvV,2,2
7nSM5Q806uLYcJvWRCIRg2,2,2
7nTDFaGqZtkA0KDEays8vu,2,2
7nTV5NPMGvLfVXZkR8Ttv2,2,2
7nTWWVvcAqC34Q4JVyovdG,2,2
7nTxmv4ZlAb1OstqNLPheH,2,2
7nW4aS5AeIP0jfoY8ZvlsL,2,2
7nXci98gcFBxwsSRxqkzSq,2,2
7nYUn0gAvdNIXcI9UA3EoF,2,2
7nZ9CzhiFRPhOQCn7eDSnn,2,2
7nbAMKGkPMjc4EuNNsjXqZ,3,3
7nnWIPM5hwE3DaUBkvOIpy,4,4
7nqtglf0XM9LQWtqeULyg1,2,2
7nr3RAMpV11jb07Rw2sfzk,2,2
7nudwi49ZHlgt6AtNNgVnJ,3,3
7nvMpVadr2vaZESadQRjCl,2,2
7nyprGzLfhdp0zJfa0peji,2,2
7nz5qUO3ZtyfpMV4SuRWku,2,2
7nzeIh8kUdieUBLPXch9wi,3,3
7nzsY8vlnKdvGOEE0rjAXZ,3,3
7o2AeQZzfCERsRmOM86EcB,2,2
7o2CTH4ctstm8TNelqjb51,3,3
7o2G318KZiekaMH0tNEwQB,3,3
7o2fOjkJBJUe8IFEuv3YtJ,2,2
7o68KX6XyCS9lydBTH6TCP,2,1
7o6FydJ4BiJCVfEQvjFvKG,2,2
7o9RE92xHlgmGpjA2o3DMT,2,2
7oDUCu36rMex65tc03C8er,2,2
7oGGmUTUwH6EooJGeZBJdj,2,2
7oGi0ndMedRLlw1CVdakGD,2,2
7oI40EwoWgUTpE28SCStdS,2,2
7oMBY3VmIxqNVeZ7yneYuN,3,3
7oMO1B9CB4ZPYPLeVe32OY,5,5
7oOEFDLSQscl0uGulnIEmG,2,2
7oOZpsUhFJd99CnI1JLRog,2,2
7oS2EnBWSHxzR2m6CxNJYA,3,3
7oUjf3UvLJbRelKiDip47v,2,2
7oVEtyuv9NBmnytsCIsY5I,3,3
7oWwsoYwHZhfAz54z99k9b,2,1
7odiqgmzrLh19ERFa0Tj9K,2,2
7odt0XkmUk2EGgH9pdzwRQ,2,2
7ogigweSsNAvKdzxIhahoE,3,3
7ollbgEJRZI1rbNP5GlpVs,2,2
7omxuGYsym1n2RlVf86OF9,2,2
7oo2wT4ibeCm8NIFGBDLXM,2,2
7oohAw9hiIMJqnewJ7vhOk,3,3
7ooqiuouDji1x9gvnGUTo1,2,2
7op5RCUvgqOJcKAs4rZw2N,2,2
7oq30Ybi655pwJpXvU8LsE,3,3
7os4oiaoa9iyBrf9jZxmJ6,2,2
7os9XpTNiXBjyAzLZ5AkNZ,5,5
7ovNetXenusbaOmWanOWJC,2,2
7ox7vxy21ttBt1o7xIp1Si,3,3
7oyFihJppZYPP7o0NfoHnZ,2,2
7p0k0d5AIIexm8mDTqEaS8,2,2
7p30D2KjK2XW7YUvI6nH3o,3,3
7p33u7IZ8j9NoQeI1v45oG,5,5
7p4wZH0qoJgxeiaMolbpu5,2,2
7p6ZGUXjUe0ctAu5RNnghu,2,2
7p70mJgsTpmjzS4Qh50tEa,3,3
7p9dd71JR2ucoAuO1Sy0VZ,2,2
7p9gx9CPDuNJZqAsP9SVN7,2,1
7pARbCUoO1CTzU5ucMEaVF,2,2
7pDUhxbAWlITdbP9JcjF5Q,3,3
7pDdE5FLqcNCvjxzRzm80r,2,2
7pFBMeAmuOT7xMeV1HAk5p,2,2
7pGfo3x9VUrL9B7L5xuOgK,2,2
7pHUAAEiXQMaZOng72W6K0,3,3
7pKLfNJY7SHmJNdu8pqZzc,2,2
7pNzZIVe1aTino5pgfQtlg,2,2
7pO8TsOPKQCgFVLYkoCiFV,4,4
7pPpMUirISni1rDOemzWLu,2,2
7pQCFdcOmQMuI4SX1LrspN,2,2
7pQQVtcgnpi4HT284JOZqh,2,2
7pSga5MXj7IbOuRCVuadBR,2,2
7pUg09HgXhMEGpBwjjRGDB,2,2
7pVW0e72kVNeb6HtVz4sAu,2,2
7pWK1kMgHy5lNNiIfuRbkP,3,3
7pXuB2ZfTEmltCxaVCxhWf,2,2
7pYMmSSlsSsrygkg63YJEb,3,3
7pcK9LVLKWa74VrXIBfufo,2,2
7pe5uLgTTJwaCkbMyJT6Qq,2,2
7pfC2uUEuDEzMYKVblIXb8,2,2
7pgFHs8K5OgB9PGDY3sysE,2,2
7pgIbZ3tWdXLUAlofe3r2i,4,4
7ph7HRUsxYcKLRFTaYCQYQ,2,2
7piw04hPQZ1OHZ9Fq9JOXR,3,3
7pjj6hVH1uh9Mf6rQ6QO0O,2,2
7pk1VW7qa7zBQDbqMWydUD,2,2
7pluJ15vmT0NZdX2lmIbBI,3,3
7pog5PPLDv7NcGO975f3EJ,2,2
7pqcbFqXzHvsig9mog9cr5,2,2
7ps0lU6VumdsH5JqAjzDRm,2,2
7pu8AhGUxHZSCWTkQ2eb5M,2,2
7pwevow9OxZGfvoIwnFoFS,2,2
7pxRBbUWBcVoTWi3MiFl6V,2,2
7py6vU2H9mlNd14m4g89gy,4,4
7q2b7oG0UIDtl0rxQSeVwq,6,5
7q6lr1W6cmGWijl5kCv5RG,2,2
7q6zyz40cyqctGM446Q5MQ,3,3
7q7MXZtZD45z0fWz2T7mKU,2,2
7q8xVdmpBJHNOA6pZq1Hhw,3,3
7qCAVkHWZkF44OzOUKf8Cr,4,4
7qD46MYIys25wU6oKrW7LB,2,2
7qFtcljd0PZ5kJZos70YjT,2,2
7qGzgOQYxfLbQGqZTiVqTl,3,3
7qH9Z4dJEN0l9bidizW7fq,3,3
7qIqOFDgHqCC2xSkvU77xV,2,2
7qJtNgmUyzy3R86vJwk9Wp,2,2
7qL0ktZOvAZ5anQ9rDpbru,2,2
7qMCYAkTTbFOw1hUXvAAje,4,4
7qNS4GwQ8xn7twyWHIZk3C,3,3
7qOUyZN0hKd9f1a4f2TWCD,2,2
7qOsSOpiL3R8RKyiBtIYNQ,2,2
7qQcB53fO6DscCmzBo1DXV,2,2
7qU4teUQNnqYr2vzTcLVZu,3,3
7qUv2Tq895aJc6g4O1F6Zs,4,4
7qVBYfgJLi0itgP6afvrf8,2,1
7qXOU6cphWamDZg2vYm3iw,2,1
7qY7qxZEyLcxxwX5D3lQdj,2,2
7qaaixGlCzurV30loAGNyz,2,2
7qhOEYwWarxO50hAZkEY59,5,5
7qnI3niczqy9NE4ovmxk4O,2,2
7qqX9USUjXHTBVeC0kLeJy,5,5
7qqXINzcD08Ek8RJuc3Cqx,2,2
7qsjrXn3peE4KSg9ecUnMa,2,2
7qtz1mNAD4CQMiIcfFRbj7,2,2
7qubRAWtXlhLkrHPRyLhjj,3,3
7qvmmQMaJ9EdxeFChIyNhu,2,2
7qxDU2QyH24KHW0OSGotVw,2,2
7qzZvMg9Tdxq98mZ0dmCYi,2,2
7qzsvHOsaJdefeDwyZNGjY,4,4
7r0YNXexEsShOd39hql2W9,2,2
7r8eUoC7iw1GO9WfFYddKR,2,2
7rOcHMYABCWUrgZWzQoLem,3,3
7rRTWz085qItgtoJq4A36h,2,2
7rRYiBxeudiHMNmgptnne9,2,2
7rSERmjAT38lC5QhJ8hnQc,3,3
7rU6Iebxzlvqy5t857bKFq,4,4
7rUo7Hysz2bTzhQpZBWDOY,2,2
7rVJVRNCAJkoQ2ta6E9fY2,3,3
7rbIaUUlcwCa1PZMrTErxq,2,2
7rdnB5DAyPbaj51TCQRcqW,2,2
7reacGAkqHrjhdTk1VRzNe,2,2
7rgQx9d0qj0tgRGuhq4Fca,2,2
7ridH3hy4aXG6Kn1XomKrO,2,2
7rj8aNwZqTvrUeLlAyNWtZ,2,2
7rlulUEMn27TLbdHpNPugE,2,2
7rmwtEyVrmLOT0ibOGTB7Y,2,2
7rnDZfdq7rNyAWLCQ9vpLv,4,4
7rtaBPvxCSw2bKY8miNyLa,3,3
7rwe8s6fObqAZMRE2B1Tup,2,2
7rwjSbVKIhvcvU14gqnXGF,2,2
7s1KiBsH0lCggKO52Qir6X,4,4
7s8KnzvB2qfpeOrlpKpH28,2,2
7s8VgA8OjvwBUuigKzEGBx,2,2
7s9KzKesyHu8dZyTZ5Rn1i,2,2
7sBAcUGY0eLY6sfX3eOzNc,2,2
7sC2sL3Q5cZswDQJfnlfOt,4,4
7sCEGVDNPistGb4I1DbGGe,2,2
7sJbCv83nl2S94j8ZJz2WP,2,2
7sKVXGTB6UK9DjoCtXX3zB,2,2
7sNBIIStlc2ifqAkdySXLM,2,2
7sTDqaGUr9NM8NHQ5SNHi1,2,2
7sUqJ51FGSi3n7x4pYjY3v,2,2
7sUuVZwDh9XWtgVwbitU2q,2,2
7sV7mOO4k0RNz9Un8d8OWg,4,4
7sVEoPc5ZUUQerRkgTypUZ,2,2
7sWuIc5mCxnkyMvg9Yw7Q0,4,4
7sXZJsHoJ1f4kaUrDlJhci,4,4
7sZ9eVAw4CfxeHNL7SkCKa,2,2
7saeg1XSIx0RhNMHY5km2e,3,3
7sbXOV5vynnaeB7KGy0kZ5,2,2
7sd72KZS8D59g5NmhxyHpJ,2,2
7sdaD6KTdB6mU1E79NVnwW,2,2
7sf0zAvyBwviecbfzmjqBv,2,2
7sfpydlJrHpTi533idUuZV,2,2
7siSMBw1wFPPBNoBtXNzMb,2,2
7skh6P9IoZ4wQBqTHd0xku,2,2
7skyR8nK3vnDikYFBoUVw6,2,2
7slpmZ1MQExd19O49fOIqs,3,3
7snQQk1zcKl8gZ92AnueZW,2,2
7ss73yV5efYHgm9bAQ98JM,2,2
7stZJTWRT1NBF2PbPM1gag,2,2
7staPerb0ZxnCz5MXHDYC3,3,3
7suq0FFag5QEiQnyihDAhu,2,2
7svpAkwc6xaSxlbZ7V7JiS,2,2
7sxiG6BuAb28nh3qGmbz7L,2,2
7sziTn5nHwrWf4K7gISaaU,2,2
7szxifMiAXPrK3wOdDpMdd,2,2
7t1GAxH435fSLa0W7CHXrV,4,4
7t3armkL2BeiucJmgyWlwL,2,2
7t3q4ghl6rphMXn0oOJhUr,2,2
7t7bFIEU06QMD2RaMkqMaf,2,2
7tCt1AuiT5RCg1GFrtCDu2,2,2
7tDASYxj2O3UBK6VTWGaUW,2,2
7tFMXpwIqQTeCpbPjNpM6H,2,2
7tGQIxmkt6EKCLv4SW3Uxu,2,2
7tHlEZRloAvK2tIYS6wR1b,4,4
7tLBL3ScNspTESE1QU0FmF,2,2
7tMn4y7eBEMcUFIWZPaHCM,2,2
7tNzd03v3T5aU7P1UpeuYF,4,4
7tQyxRUBcy0XVZbATedxBU,2,2
7tUSJY4nsDBJTjd1UXKRsT,2,2
7tWbogz6sIIV6FDcbxkEKw,2,2
7tXgjaBwAYJvqq4qOjtIMP,2,2
7tYKa4wd7gL5LwcxidBPkG,4,4
7tYQXKBRjIafvyczPPUbbe,2,2
7tZQznsUajYIVj4IwALXmz,2,2
7taoYAfDTtuI5dxSBeijUO,2,2
7tbzfR8ZvZzJEzy6v0d6el,7,7
7tdvNIkzAYUcCWxRi7NvhY,3,2
7tfNdoXGoZiTLE65Y5o5Hz,2,2
7tfSlkyv8xmyoUEGd53mBC,2,2
7tihZUkK5CdXXtPpukvm9e,2,2
7tlij0cYovCBRkrIMgLwtz,2,2
7toIqSTfa9Phsmu2hKwTyx,3,3
7tpRgru0h8B4eCvdBegLTA,2,2
7tqhbajSfrz2F7E1Z75ASX,2,2
7trX995xQ3AdG8LW4OCZb3,2,2
7txxAtOMwLLnQTpKeBL6bp,2,2
7tyxIzfJI6uoc7t9kwwGmf,2,1
7u5Yop62YKg1uws7uKyKE5,2,2
7u8PuIB3TlRPFxSepjvVYR,2,2
7uBxi4jHZqgWAjqLEl1KcF,2,2
7uCBGNn991AM68fR4tSDco,3,3
7uChwK0FIUOdpu8c2AFsOx,2,2
7uDjywLMNvTwD4WVYo9Yoh,2,2
7uHRKSQ9WIlBBuBY7BHcbq,2,2
7uI2wckyoA7wqSBAfwWEWt,2,2
7uNB5nj0hpYcL7K2uX90KZ,2,2
7uNL2lqhet9A7AB3xpLC4E,3,3
7uNbu1BgkWXTA1nZRX9fZb,2,2
7uPX5QKvIT28CEIXTvp0tr,2,2
7uQF7RMPg9ffIRYIFdDsAJ,2,2
7uRcUUmZpU4YVZFNVZnyXd,3,3
7uSSIUaQ14Vf7KQGDQ38gR,3,3
7uUahoeqGNRMbpdeiLj1rS,2,2
7uXjp2aXpQHiPQpvthEiTi,2,2
7uXktLVq43HeS4fPU4nQna,2,2
7uYQELhe7g6QLIzZDOlhbW,2,2
7uYyhUnxIsSF2LMWUpLs5V,2,2
7ucwhjWSGTEh5e18h6WFER,2,2
7udYCqlu5Y9hZFFcDFNtuO,5,5
7udmtuYHCGp0ImJAncUj1q,2,2
7udnV9JWzRV2m2LWE5GsjW,2,2
7ufTy8pvHYGo2BDRKKQc0E,2,2
7ugjIppiHC3TgC9LuKbEwi,2,2
7uhINGViZPygI2AljxO8KN,6,6
7uhmQXCmglHzUEUA0ch9mh,5,5
7ujmpF0vCLlFJJBPmiFXQR,3,3
7ujvbItuOqPEA659UYI6xh,2,2
7uki3SHvd09GpX4Fbq95Ui,2,2
7un5s8HYQ9QJG1ClQtomNB,2,2
7uo2L5FAja3pWIBa3HJVeC,4,4
7uoW5QeuW2OznVM0VOpc9B,2,2
7uqM0Ds1u8qPHfqpY1TG3v,3,3
7urxY2iebJABhKrHwmqG95,2,2
7usbSmFna598CdvpZiHWlq,3,3
7uttm8Iurm5uK67Vr9G2Sp,2,2
7uuhsiJi37B5GJG9U6z5DE,2,2
7uulkOL4yWt0J6qlJxLBA1,2,2
7uupMVckq9ta7ei9ghX8q0,2,2
7uv632EkfwYhXoqf8rhYrg,2,2
7uzJKRRrTqxUOeTtwQMd36,2,2
7uzeHzJx33aqpdeKyhXBwh,2,2
7uzmGiiJyRfuViKKK3lVmR,2,2
7v6y0LgWhmP1IoMB575HWW,3,3
7v7SnG6jQeteKJhoBofqLK,2,2
7v8wKvNQQIxkugCFFjrkaO,4,4
7v9HNMlAe2UBaEhvaCk5wX,3,3
7vAPNx92EUeQoTaGhjGTpQ,2,2
7vBwenmGPD2h0DSbljoZym,2,2
7vDaCNHW2KUUNZrxiYeRnD,3,2
7vFv0yFGMJW3qVXbAd9BK9,2,2
7vGuf3Y35N4wmASOKLUVVU,5,5
7vI203OsjvK2FFsfDtBYOd,2,2
7vKfym6hgeJxxyyVpiXBBX,3,3
7vMICBgMH80JfGFaGSi8Yp,2,2
7vNEDUsDuUZ4MOkrl3REj2,4,4
7vNZvwQe1iKA7GriYVXasV,2,2
7vP1ftuN13Tq2j9gVlEm1l,2,2
7vQVMorqtlcOD2vRqDTFgS,2,2
7vSF7u4vWtZGrWCxTbAVaw,3,3
7vVsRUOFWmT0bNwo4AIJjx,4,4
7vXGfJ5JwBD024709sydUm,2,2
7vXR7bMvuo6uShUFo4q6sv,3,3
7vZqwaSk4sVcDyZbMcxS8N,2,2
7vb1HJXTK7hR3ug25xtiuY,2,2
7vbSDKLHWbpjqpWF9r3UUa,3,3
7vc0GwMQ3XlZHGYktErg5I,2,2
7vcXWUS5ML6dJ3nkvSc9aR,2,2
7vcsHyOSrRgnFE5z9geman,2,2
7vd1j4IDTU0koES9M8dvBQ,3,3
7vguMCv8uVuZLiQJ156u3Z,3,3
7vodwj1T4yf0xitWOg2fSA,2,2
7vq5i7XNFT5TUBv6OttBpo,2,2
7vqcDtNvoJn5pXhktc8qe8,4,4
7vrHbwWSg3GutLqvpX0JQq,2,2
7vrJn5hDSXRmdXoR30KgF1,2,2
7vrLphPq4yjaX7jiDdd2Nc,2,2
7vv8wSGmc8Qm8o1qrgTEq1,3,3
7vvQrcQCfq7SB8mxO9CRHq,2,2
7vvmU5ayTrVWiNVxiwHLQI,2,2
7vwrBZ68Puc9ZJaXRcnHRs,2,1
7vyNpyHgzn7GzeGQfGx6sa,2,2
7w1RxkQtEwKYEoyQuaxfXW,3,3
7w3QSydKdulPt03i6dYueh,2,2
7w6PJe5KBPyvuRYxFkPssC,2,2
7w87IxuO7BDcJ3YUqCyMTT,2,2
7w9YfF8mfQftxhm3JKcLlv,2,2
7wBB0QYD0AYbhA0Nyjwxqy,2,2
7wBMSC2iKZovFk0IjcVIEy,2,2
7wBSAv6Rq9fWk89qRJb3qT,2,2
7wC9cG5EgruIiQe6Xt6SFm,2,2
7wCmS9TTVUcIhRalDYFgPy,2,2
7wEKVEEo4Vmn1qNvL7AZNf,2,2
7wF4asYZw8cAHEljYd2Wid,2,2
7wKuYBIJUQMqcZTlxvnNbU,4,4
7wKwX3QFmx3icbH7iKVPe4,3,3
7wTAn1GYgjjn9fv9cZNWI3,2,2
7wW9scVNLYFLsmBb1yAUmS,2,2
7wWXKqpLayBT6dZkeiMSle,2,2
7wYbJEHoHnKdoQw7GcbjYe,3,3
7wZUrN8oemZfsEd1CGkbXE,2,2
7wZc7nmPQIoJ4xTW0iJcAd,2,2
7wavprkU2TlcwtdQadwr3G,2,2
7wcaieaDTtFMOdqHAjzcAZ,2,2
7wdwIaXUuzlu1grzWMFRJm,2,2
7weuZfLzuEUsHq5jvpP3im,3,2
7wfG6wEX3kCA97l3gzZEjo,2,2
7wgKBMq7Mf8GuWrtTKFzzp,2,2
7wkgkIBYBH3xV2ob9Zmh87,2,2
7wmIhVA7yo1GqVyvK0TQK3,3,3
7wrYBASu0OoxoDErd4Edxd,3,3
7wrzn0qwqIvhfsLAG5BimM,2,2
7wvPoDq2sE2qvRE1Trramr,2,1
7wwA5QBXfOkeYHzNbbVXtT,3,3
7x0a4QdO76GeTNQNMqHyHR,2,2
7x2rua8HcHsaJV5ib1BQbu,2,2
7x4bh40tbYvpN5Gp7fMyts,4,4
7x7i3XBKSM4AoLoPymDuh9,3,3
7x8dCjCr0x6x2lXKujYD34,4,4
7x8eeMIQ7TRCa7p6HgkgNS,2,1
7xICC4cuIDw6p8fMk4ltdo,2,2
7xJEyMvEa3eeP1fN3E18PI,2,2
7xLfz26gfcOPIe93h6Lxa6,2,2
7xLhousIHDxoGgeJNhO4Ye,2,2
7xMxs0Olfv0KKeaXmBZHYH,3,3
7xNCacksfUkYXsXuSW4vNF,3,3
7xNQMlboWKQvUzI1FxG6Cs,2,2
7xOCvDwHnRvSdLtPKbROSf,3,3
7xQMKG2omICY6LEAmJIfwk,2,2
7xRsb56KyeYBAQynelcOlt,2,2
7xVLM4xNhJo57V5RoinJji,2,2
7xbBNB9bivza5vrYfnZJYg,2,2
7xbWAw3LMgRMn4omR5yVn3,2,2
7xcqbjV2NfxlnJzqdRuO7E,2,2
7xe3EQCvXnx6Q0zs41Y65n,3,3
7xfSCgVOkQJhVxnqzepATH,2,2
7xghXOM3CaIK6wmR0xW1XS,2,2
7xlrdBdz8TGSo0COvLHymc,2,2
7xm00X2IBPQD2QDDFxCGj1,2,2
7xnElMPFCmSlMJ0AY2hnxc,3,3
7xsirhcgFWOnItsGuBfrv9,2,2
7xx2Ku5iifWgkc0w2By4TR,2,2
7xxk2elVJN3IjhbV3T8Shz,4,4
7xyX8iuETDhbaKRWXRjUcB,2,2
7xyl9nogYJsmt7Wfu4GXFc,2,2
7y06U9dmbU1d73cX0gjMCj,3,3
7y2LdSannuZhlHK3eTOyly,2,2
7y3Tq8jgbCl2X1W0Ip39cz,2,2
7y3c1oJMY1CwwtOZ84Qovu,3,2
7y5uK11sbFNiNEafUvntSL,5,5
7y6vnVnkRzcxUZMdoCaksh,3,3
7y9iMe8SOB6z3NoHE2OfXl,3,3
7yCy7oPvNzFt8mUw3TVswk,2,2
7yDjFcO9qsgnSKD5Cpo6jg,2,2
7yF19wC6msoj2cGUEtlm1S,2,2
7yGZnu1WmzRVgEnxC4BtGg,3,3
7yI7YDsXGrwUX8sFTXXnVV,4,4
7yLysy4GtqecVYpC773q7g,3,3
7yLzGp7vC3qg5FlBmUa8Rg,2,2
7yMCljF3pdi6zn9Qz98L2m,2,2
7yPgSFjZXob3B46xYrTQCf,2,2
7ycFNferNuk6wAjBa0vWvl,2,2
7ycK2uijskzxp4cGpGNoCi,2,2
7ycz6sgZWp4wvF53BZVTjE,2,2
7yfnNGWg10OgBjpGx1G2M7,3,3
7ygaeSuQR2Pn7ahgNUxslH,3,3
7yhfEB96fPNbl2BbeyQHIo,2,2
7yhvflcXyqw1pQgCSnelZ4,2,2
7ykxRuzU1KhQC2TZ2YDEyK,2,1
7ymdNx2cNrYVcue5vDvXmF,2,2
7yomSmHohUtooAkcmJTFsh,2,2
7yq4Qj7cqayVTp3FF9CWbm,2,2
7yss3y4G3zjtufzx8adHMb,2,2
7ytbVby5rfR6JtS6LX9UDo,2,2
7ywkgsA1ESYARdGqqbundd,2,2
7yx7dh8cyKtdDby6iRG8aJ,2,2
7yzbimr8WVyAtBX3Eg6UL9,3,3
7z0ZoL0KzHK0MWYvvXFUIM,2,2
7z1uUb32IxZvJ97Fk86igf,6,6
7z2DKGAsPPdxOwTzMaVYD4,2,2
7z4VPtZm9g9dxC83ratUFM,2,2
7z84Fwf1R3Z2BwHCP620CI,2,2
7z8XCViP5KT8O7HqoCsRTV,6,6
7zAt4tdL44D3VuzsvM0N8n,2,2
7zBY3YjvcdkpbHIUx0fe5Q,2,1
7zIWzMjIQGMqg0fal19JBo,2,2
7zJ9QW6qw89mJAtzEDzzai,3,3
7zMUCLm1TN9o9JlLISztxO,2,2
7zPds0jMIhjayTMhALd8FZ,2,2
7zQs5RxMWQBVDTW9zl9CHu,2,2
7zRqBB7eV9MAiIzCY29NXE,2,2
7zT8FxjvIjRlQoRbR7Wtec,2,2
7zbrBrFBWAZ5ruwda1EwgS,2,2
7zcbD87VO3GVZJWactfQJf,3,3
7ze8MSZXvWZCH5LQ9BmvyI,2,2
7zep4BfQRkfASc8qhX0cct,2,2
7zifvGo02NwK9XYUFiWYsj,2,2
7zitDeJhVuyQY8ZELmfCSa,2,2
7zjYX6OVJbsOE1Hk8YnagY,2,2
7zkLpY72g6lKQbiHDqri1S,2,2
7zkgAyL3DS6PE5FWzk3QKM,2,1
7zlGyAsvNMOdhTU068f79f,2,2
7znniOrVgnRjxIfwHjA9m6,3,3
7zo05whm8LBnnt1dG979ov,2,1
7zo6hLIhyY7zGCR0sWKvth,2,2
7zqF7owVpOCqpCd51iYyUJ,2,2
7zrxUrilLtTk4XnT5G7zF8,2,2
7ztSVy67w9rXpKg5L2zN5l,2,2
7zubR9uYAWjb5KPZTMm85e,4,4
7zumacGldlmxpoP8bpaeLe,2,2
7zv2vmZq8OjS54BxFzI2wM,2,2
7zwn1eykZtZ5LODrf7c0tS,3,3
